author_sort,authors,comments,cover,timestamp,formats,isbn,id,identifiers,languages,library_name,pubdate,publisher,rating,series,series_index,size,tags,title,title_sort,uuid
"Schember, John","John Schember","calibre Quick Start Guide","D:\story_books\John Schember\Quick Start Guide (1)\cover.jpg","2023-05-19T22:43:31+05:30","epub","","1","","eng","story_books","0101-01-01T05:30:00+05:30","","","","1.0","54898","","Quick Start Guide","Quick Start Guide","1f554500-a272-4832-a203-ef17f10d9edd"
"Andrews, Ilona","Andrews, Ilona","**Book Description:**
On the outside, Dina Demille is the epitome of normal. She runs a quaint Victorian Bed and Breakfast in a small Texas town, owns a Shih Tzu named Beast, and is a perfect neighbor, whose biggest problem should be what to serve her guests for breakfast. But Dina is...different: Her broom is a deadly weapon; her Inn is magic and thinks for itself. Meant to be a lodging for otherworldly visitors, the only permanent guest is a retired Galactic aristocrat who can’t leave the grounds because she’s responsible for the deaths of millions and someone might shoot her on sight. Under the circumstances, ""normal"" is a bit of a stretch for Dina.
And now, something with wicked claws and deepwater teeth has begun to hunt at night....Feeling responsible for her neighbors, Dina decides to get involved. Before long, she has to juggle dealing with the annoyingly attractive, ex-military, new neighbor, Sean Evans—an alpha-strain werewolf—and the equally arresting cosmic vampire soldier, Arland, while trying to keep her inn and its guests safe. But the enemy she’s facing is unlike anything she’s ever encountered before. It’s smart, vicious, and lethal, and putting herself between this creature and her neighbors might just cost her everything.
*“Andrews is an auto-buy no matter what the genre!” —Romantic Times*
*“If there is one author that defines Urban Fantasy, it is Ilona Andrews.” — Annie Tegelan, Fresh Fiction*
*""One of the brightest voices in urban fantasy and one of my favorite authors. Ilona Andrews delivers only the best."" —NYT and International bestselling author Jeaniene Frost*
**
**
**About the Author:**
Ilona Andrews is the pseudonym for a husband-and-wife writing team. Ilona is a native-born Russian and Gordon is a former communications sergeant in the U.S. Army. Contrary to popular belief, Gordon was never an intelligence officer with a license to kill, and Ilona was never the mysterious Russian spy who seduced him. They met in college, in English Composition 101, where Ilona got a better grade. (Gordon is still sore about that.)
Gordon and Ilona currently reside in Texas with their two children, and many dogs and cats. They have co-authored two series, the bestselling urban fantasy of Kate Daniels and romantic urban fantasy of The Edge.
[Read more about Kate Daniels…](http://kate.ilona-andrews.com)
","D:\story_books\Andrews, Ilona\Clean Sweep (69)\cover.jpg","2025-07-04T21:14:07+05:30","epub","9781625173430","69","isbn:9781625173430","eng","story_books","2013-12-02T10:30:00+05:30","NYLA","","","1.0","406649","Fantasy > Urban, Magic & Wizards, Science Fiction & Fantasy, Fiction, Science Fiction & Fantasy > Fantasy, The Edge Series, Science Fiction, witch, Fantasy Contemporary, Genre Fiction, Texas, Kate Daniels - Fictional Character, Magic, Ilona Andrews, Witches & Wizards, Kate Daniels World, Bestseller, Science Fiction And Fantasy, urban fantasy, vampires, Paranormal, The Edge, fantasy, New York Times Bestseller","Clean Sweep","Clean Sweep","35b78826-5a06-4606-86e3-3c84cf624e34"
"Osman, Richard","Richard Osman","<b><b>A <i>New York Times</i> bestseller!<br>&ldquo;Witty, endearing and greatly entertaining.&rdquo; <i>&mdash;Wall Street Journal</i></b><br> &#160;<br> <b>&ldquo;Don&rsquo;t trust anyone, including the four septuagenarian sleuths in Osman&rsquo;s own laugh-out-loud whodunit.&rdquo; &mdash;<i>Parade</i></b> <br>Four septuagenarians with a few tricks up their sleeves<br>A female cop with her first big case<br>A brutal murder<br>Welcome to...<br>THE THURSDAY MURDER CLUB</b><br>In a peaceful retirement village, four unlikely friends meet weekly in the Jigsaw Room to discuss unsolved crimes; together they call themselves the Thursday Murder Club. <br>When a local developer is found dead with a mysterious photograph left next to the body, the Thursday Murder Club suddenly find themselves in the middle of their first live case. <br>As the bodies begin to pile up, can our unorthodox but brilliant gang catch the killer, before it's too late?","D:\story_books\Richard Osman\The Thursday Murder Club--A Novel_ A (70)\cover.jpg","2025-07-04T21:14:08+05:30","epub","","70","","eng","story_books","2020-09-22T05:30:00+05:30","Penguin Publishing Group","","","1.0","2244869","","The Thursday Murder Club--A Novel: A Novel","Thursday Murder Club--A Novel, The","13921b38-cb95-492b-aac9-0bd657e1fbf2"
"Andrews, Ilona","Ilona Andrews","*Innkeeper Chronicles #2*
Dina DeMille doesn’t run your typical Bed and Breakfast. Her inn defies laws of physics, her fluffy dog is secretly a monster, and the only paying guest is a former Galactic tyrant with a price on her head. But the inn needs guests to thrive, and guests have been scarce, so when an Arbitrator shows up at Dina's door and asks her to host a peace summit between three warring species, she jumps on the chance. 
Unfortunately, for Dina, keeping the peace between Space Vampires, the Hope-Crushing Horde, and the devious Merchants of Baha-char is much easier said than done. On top of keeping her guests from murdering each other, she must find a chef, remodel the inn...and risk everything, even her life, to save the man she might fall in love with. But then it's all in the day's work for an Innkeeper… 
**“Andrews is an auto-buy no matter what the genre!” —*Romantic Times*** 
**“If there is one author that defines Urban Fantasy, it is Ilona Andrews.”* —Annie Tegelan, Fresh Fiction*** 
**""One of the brightest voices in urban fantasy and one of my favorite authors. Ilona Andrews delivers only the best."" —*New York Times bestselling author Jeaniene Frost
  

","D:\story_books\Ilona Andrews\Sweep in Peace (Innkeeper Chronicles (71)\cover.jpg","2025-07-04T21:14:08+05:30","epub","","71","amazon:B016WQUTTM","eng","story_books","2015-11-13T13:30:00+05:30","","","","1.0","2648498","","Sweep in Peace (Innkeeper Chronicles Book 2)","Sweep in Peace (Innkeeper Chronicles Book 2)","50c5125b-1cad-4421-852f-ca2276d5f073"
"Andrews, Ilona","Ilona Andrews","Dina DeMille may run the nicest Bed and Breakfast in Red Deer, Texas, but she caters to a very particular kind of guest… the kind that no one on Earth is supposed to know about. Guests like a former intergalactic tyrant with an impressive bounty on her head, the Lord Marshal of a powerful vampire clan, and a displaced-and-superhot werewolf; so don’t stand too close, or you may be collateral damage.
But what passes for Dina’s normal life is about to be thrown into chaos. First, she must rescue her long-distant older sister, Maud, who’s been exiled with her family to a planet that functions as the most lawless penal colony since Botany Bay. Then she agrees to help a guest whose last chance at saving his civilization could bring death and disaster to all Dina holds dear. Now Gertrude Hunt is under siege by a clan of assassins. To keep her guests safe and to find her missing parents, Dina will risk everything, even if she has to pay the ultimate price. Though Sean may have something to say about *that*! 
  

","D:\story_books\Ilona Andrews\One Fell Sweep (Innkeeper Chronicles (72)\cover.jpg","2025-07-04T21:14:08+05:30","epub","","72","","eng","story_books","2016-12-19T00:00:00+05:30","NYLA","","","1.0","568384","Werewolves & Shifters, vampires, Romance, Science Fiction & Fantasy, Paranormal & Urban, Romantic, fantasy, urban fantasy, Paranormal","One Fell Sweep (Innkeeper Chronicles #3)","One Fell Sweep (Innkeeper Chronicles #3)","d96ceee7-7a41-4e23-83c9-a04ae0990a01"
"Osman, Richard","Richard Osman","","D:\story_books\Richard Osman\The Bullet That Missed (The Thursday (73)\cover.jpg","2025-07-04T21:14:08+05:30","epub","9780241992395","73","isbn:9780241992395,mobi-asin:B09FSPKJT6","eng","story_books","2022-09-15T03:30:00+05:30","Penguin Books Ltd","","","1.0","1009053","","The Bullet That Missed (The Thursday Murder Club)","The Bullet That Missed (The Thursday Murder Club)","b0a51a45-74b2-4252-b279-357abce335f4"
"Osman, Richard","Richard Osman","","D:\story_books\Richard Osman\The Man Who Died Twice (The Thursday (74)\cover.jpg","2025-07-04T21:14:09+05:30","epub","","74","mobi-asin:B08GS1BT6T","eng","story_books","0101-01-01T05:30:00+05:30","","","","1.0","1334114","","The Man Who Died Twice (The Thursday Murder Club)","Man Who Died Twice (The Thursday Murder Club), The","40815f1c-0747-4443-aca7-0954b07ed96d"
"Harris, Heather G.","Heather G. Harris","","D:\story_books\Heather G. Harris\Challenge of the Court_ An Urban Fan (75)\cover.jpg","2025-07-04T21:14:09+05:30","epub","","75","mobi-asin:B0BK59TV9C","eng","story_books","2023-04-20T00:00:00+05:30","anonymous","","","1.0","1207423","","Challenge of the Court: An Urban Fantasy Novel (The Other Realm Book 5)","Challenge of the Court: An Urban Fantasy Novel (The Other Realm Book 5)","3e051e16-d938-47f5-80cc-4097ff7d6c04"
"Harris, Heather G.","Heather G. Harris","","D:\story_books\Heather G. Harris\Revival of the Court_ An Urban Fanta (76)\cover.jpg","2025-07-04T21:14:10+05:30","epub","","76","mobi-asin:B0C1HTCM9T","eng","story_books","2023-06-04T21:30:00+05:30","anonymous","","","1.0","484075","","Revival of the Court: An Urban Fantasy Novel (The Other Realm Book 7)","Revival of the Court: An Urban Fantasy Novel (The Other Realm Book 7)","4c84caed-48f7-4aa4-bb8e-3a2fffc2d6d7"
"Harris, Heather G.","Heather G. Harris","","D:\story_books\Heather G. Harris\Betrayal of the Court_ An Urban Fant (77)\cover.jpg","2025-07-04T21:14:10+05:30","epub","","77","mobi-asin:B0BX421TNW","eng","story_books","2023-05-12T02:30:00+05:30","anonymous","","","1.0","1215216","","Betrayal of the Court: An Urban Fantasy Novel (The Other Realm Book 6)","Betrayal of the Court: An Urban Fantasy Novel (The Other Realm Book 6)","989a8cfd-14b7-463a-8f03-fc240cab5929"
"Harris, Heather G.","Harris, Heather G.","Other Realm (Books 1–4)","D:\story_books\Harris, Heather G_\Other Realm (Books 1-4) (78)\cover.jpg","2025-07-04T21:14:10+05:30","epub","","78","","eng","story_books","2021-12-23T00:00:00+05:30","Heather G. Harris","","","1.0","903345","Fiction, fantasy","Other Realm (Books 1–4)","Other Realm (Books 1–4)","da875597-35a2-496a-a548-715cc6b20e85"
"Chaney, J.N.","J.N. Chaney & Terry Mixon","","D:\story_books\J.N. Chaney\The Last Hunter (79)\cover.jpg","2025-07-04T21:14:10+05:30","epub","","79","mobi-asin:B09NH7FWQ3","eng","story_books","2022-02-20T03:30:00+05:30","Variant Publications","","","1.0","518372","","The Last Hunter","Last Hunter, The","da2547b9-215c-45cf-aaba-543803ea05bf"
"Chaney, J.N. & Mixon, Terry","J.N. Chaney & Terry Mixon","","D:\story_books\J.N. Chaney\Operation Liberty (The Last Hunter B (80)\cover.jpg","2025-07-04T21:14:11+05:30","epub","","80","mobi-asin:B0C8M5ZFNV","eng","story_books","2023-08-27T00:00:00+05:30","Variant Publications","","","1.0","549797","","Operation Liberty (The Last Hunter Book 10)","Operation Liberty (The Last Hunter Book 10)","be0f114d-7679-4320-a0fe-e2eaadf10d6b"
"Chaney, J. N. & Mixon, Terry","J. N. Chaney & Terry Mixon","With Jack Romanoff’s Navy career in jeopardy, his superior gives him a chance to redeem himself. All he has to do is secure a freighter while his cruiser chases the pirates down that attacked it. What could possibly go wrong? Caught between pirates and their prey, Jack must choose a side. He can’t let the unexpected cargo fall into the wrong hands, so he and his marines must somehow stop the pirates that vastly outnumber them. Even when all he has are inconvenient allies.","D:\story_books\J. N. Chaney\Allies of Convenience (81)\cover.jpg","2025-07-04T21:14:11+05:30","epub","","81","amazon:B09YCNB6MR,mobi-asin:B09YCNB6MR","eng","story_books","2022-05-02T05:30:00+05:30","Variant Publications","","Last Hunter","2.5","273763","SS, military, SF","Allies of Convenience","Allies of Convenience","73fa8682-4781-4e2c-b836-277f93b9798b"
"Chaney, J. N. & Mixon, Terry","J. N. Chaney & Terry Mixon","**Victory belongs to the strong and cunning warrior.**
Admiral Jack Romanoff and his crew have turned two enemies against one another via misdirection and timing. That gives them the breathing room to get back to their feet, but as any savvy commander knows, the footing on any battlefield is treacherous. One misstep could cost a warrior everything. 
**Blood is the only coin that can buy victory.**
With things falling apart in the Confederation proper, the future looks grim. All that can change for the worse in an instant, and only vigilance and courage can stop the enemies of humanity from extinguishing the flickering candle of the human species. Backed into a corner, he will pay the price for victory. 
**Let whoever wants to die first test their resolve.**
","D:\story_books\J. N. Chaney\Ships of the Line (82)\cover.jpg","2025-07-04T21:14:11+05:30","epub","","82","amazon:B0C2X5Z1BR,goodreads:135706058,mobi-asin:B0C2X5Z1BR","eng","story_books","2023-06-25T12:30:00+05:30","Variant Publications","5","The Last Hunter","9.0","541016","","Ships of the Line","Ships of the Line","e5a2fa79-e217-4d84-ad81-4e7a42f8a110"
"Chaney, J.N. & Mixon, Terry","J.N. Chaney & Terry Mixon","","D:\story_books\J.N. Chaney\Fog of War (The Last Hunter Book 8) (83)\cover.jpg","2025-07-04T21:14:12+05:30","epub","","83","mobi-asin:B0BVSKG1X8","eng","story_books","2023-04-23T03:30:00+05:30","Variant Publications","","","1.0","539902","","Fog of War (The Last Hunter Book 8)","Fog of War (The Last Hunter Book 8)","f8935648-319c-4209-a8ea-2eb728ddff1e"
"Chaney, J. N. & Mixon, Terry","J. N. Chaney & Terry Mixon","With time, plan and build contingencies. 
Admiral Jack Romanoff and his ragtag crew had paid in blood for breathing room to repair their ship and resupply. With that done, they could track down the Poseidon Group conspirators and kick the Locusts out of the cluster. Their fortunes seemed to be on the rise. 
With enemies all around, seek to maneuver. 
Only after examining the intelligence gathered during the invasion, it became clear a fresh storm was brewing on the horizon, and his ancient battleship would be battered like never before. In a battle of titans, there were only the victors and the dead, so triumph they would, no matter the cost. 
When backed into a corner, always come out fighting.
","D:\story_books\J. N. Chaney\Shield of Humanity (84)\cover.jpg","2025-07-04T21:14:12+05:30","epub","","84","goodreads:71167316,amazon:B0BPZ35XLB","eng","story_books","2023-02-19T12:30:00+05:30","Variant Publications","4","The Last Hunter","7.0","472214","Science Fiction","Shield of Humanity","Shield of Humanity","a0667d03-8e56-41ce-bee9-3df53efc8b43"
"Chaney, J.N. & Mixon, Terry","J.N. Chaney & Terry Mixon","","D:\story_books\J.N. Chaney\The Grand Conspiracy (The Last Hunte (85)\cover.jpg","2025-07-04T21:14:13+05:30","epub","","85","mobi-asin:B0BJCHXYLZ","eng","story_books","2022-12-18T11:30:00+05:30","Variant Publications","","","1.0","531626","","The Grand Conspiracy (The Last Hunter Book 6)","Grand Conspiracy (The Last Hunter Book 6), The","dcfa4d37-4848-4167-9c53-25341f8bc69f"
"Chaney, J.N. & Mixon, Terry","J.N. Chaney & Terry Mixon","","D:\story_books\J.N. Chaney\Command Authority (The Last Hunter B (86)\cover.jpg","2025-07-04T21:14:13+05:30","epub","","86","mobi-asin:B0B95NMNG8","eng","story_books","2022-10-23T10:30:00+05:30","Variant Publications","","","1.0","467661","","Command Authority (The Last Hunter Book 5)","Command Authority (The Last Hunter Book 5)","0237cd40-8881-41ee-800e-f6e3e26cfa0a"
"Chaney, J.N. & Mixon, Terry","J.N. Chaney & Terry Mixon","","D:\story_books\J.N. Chaney\The Enemy Revealed (The Last Hunter (87)\cover.jpg","2025-07-04T21:14:13+05:30","epub","","87","mobi-asin:B0B3XV21TL","eng","story_books","2022-08-14T10:30:00+05:30","Variant Publications","","","1.0","479625","","The Enemy Revealed (The Last Hunter Book 4)","Enemy Revealed (The Last Hunter Book 4), The","90199ee5-f96f-4e90-aada-2c3190ca032d"
"Chaney, J.N. & Mixon, Terry","J.N. Chaney & Terry Mixon","","D:\story_books\J.N. Chaney\Under Siege (88)\cover.jpg","2025-07-04T21:14:14+05:30","epub","","88","mobi-asin:B0CGB5HT4Z","eng","story_books","2023-11-05T10:30:00+05:30","Variant Publications","","","1.0","385711","","Under Siege","Under Siege","401308cc-ae10-42e8-9d3f-e5bcdf8d4563"
"Chaney, J.N. & Mixon, Terry","J.N. Chaney & Terry Mixon","","D:\story_books\J.N. Chaney\Alpha Strike (The Last Hunter Book 3 (89)\cover.jpg","2025-07-04T21:14:14+05:30","epub","","89","mobi-asin:B09XQD85K4","eng","story_books","2022-06-19T10:30:00+05:30","Variant Publications","","","1.0","453348","","Alpha Strike (The Last Hunter Book 3)","Alpha Strike (The Last Hunter Book 3)","9cc44a42-8f93-4e30-bf9d-20a408d070a8"
"Chaney, J.N. & Mixon, Terry","J.N. Chaney & Terry Mixon","","D:\story_books\J.N. Chaney\Bonds of Blood (The Last Hunter Book (90)\cover.jpg","2025-07-04T21:14:14+05:30","epub","","90","mobi-asin:B09SM7WFRC","eng","story_books","2022-04-17T10:30:00+05:30","Variant Publications","","","1.0","482076","","Bonds of Blood (The Last Hunter Book 2)","Bonds of Blood (The Last Hunter Book 2)","2f18b388-cf4a-425d-95a4-a5fee49787b5"
"Anderle, Michael","Michael Anderle","","D:\story_books\Michael Anderle\Kurtherian Gambit Boxed Set Three_ B (91)\cover.jpg","2025-07-04T21:14:15+05:30","mobi","","91","mobi-asin:4c18813e-344f-4033-a4d6-5944dda12aa5","eng","story_books","2019-01-15T04:30:00+05:30","LMBPN Publishing","","","1.0","4371688","","Kurtherian Gambit Boxed Set Three: Books 15-21, Never Submit, Never Surrender, Forever Defend, Might Makes Right, Ahead Full, Capture Death, Life Goes On (Kurtherian Gambit Boxed Sets Book 3)","Kurtherian Gambit Boxed Set Three: Books 15-21, Never Submit, Never Surrender, Forever Defend, Might Makes Right, Ahead Full, Capture Death, Life Goes On (Kurtherian Gambit Boxed Sets Book 3)","c0c08a85-aa50-4033-b0b5-a0436a6f2fd8"
"Anderle, Michael","Michael Anderle","**An alien race attacked her people… they wanted her world. Now, payback is coming after them.**
And she’s a *bitch* in every sense of the word.
**AMAZON Top 100 Best Selling Author**
**Bethany Anne Nacht was changed on Earth almost two hundred years in the past.**
The Kurtherians engage in the cosmic great game, where whole worlds are torn asunder in their efforts to prove their own supremacy.
For hundreds of millennia, the Kurtherians at the top have reigned unfettered as they destroyed countless civilizations time and time again.
**Now, a new group is entering the game.**
Bethany Anne and her people are playing against extreme odds, but when has that EVER stopped the Queen Bitch?
It’s time to fight for the future of the Universe… 
  * **ARE YOU READY?** *


***\--* **
*Grab your copy of this boxed set and get the first 4 books of the Kurtherian Endgame at a huge discount today!  
*
*Set includes:  
*
*Payback is a Bitch  
*
*Compelling Evidence  
*
*Through the Fire and Flame  
*
*All's Fair in Blood and War*
* * *
***** *NOTE: This book contains cursing. Perhaps humorous cursing, but cursing nevertheless. If this offends you, I don't suggest reading this book.** **** 
","D:\story_books\Michael Anderle\The Kurtherian Endgame Boxed Set_ Bo (92)\cover.jpg","2025-07-04T21:14:15+05:30","mobi","","92","mobi-asin:eac0c9d2-b33f-4829-b85c-4e314a22adee","eng","story_books","2019-06-08T05:30:00+05:30","LMBPN Publishing","","","1.0","2195781","Science Fiction","The Kurtherian Endgame Boxed Set: Books 1 - 4 - Payback Is a Bitch, Compelling Evidence, Through the Fire and Flame, All's Fair in Blood and War","Kurtherian Endgame Boxed Set: Books 1 - 4 - Payback Is a Bitch, Compelling Evidence, Through the Fire and Flame, All's Fair in Blood and War, The","a157166b-daa4-410b-b75d-910b28e34c55"
"Anderle, Michael","Michael Anderle","","D:\story_books\Michael Anderle\Kurtherian Gambit Boxed Set One_ Boo (93)\cover.jpg","2025-07-04T21:14:16+05:30","mobi","","93","mobi-asin:bcc8f205-d75e-431d-8ce6-ea900c389c83","eng","story_books","2018-10-08T00:00:00+05:30","LMBPN Publishing","","","1.0","3082092","","Kurtherian Gambit Boxed Set One: Books 1-7, Death Becomes Her, Queen Bitch, Love Lost, Bite This, Never Forsaken, Under My Heel, Kneel or Die (Kurtherian Gambit Boxed Sets)","Kurtherian Gambit Boxed Set One: Books 1-7, Death Becomes Her, Queen Bitch, Love Lost, Bite This, Never Forsaken, Under My Heel, Kneel or Die (Kurtherian Gambit Boxed Sets)","36c1e504-9b82-4670-b35c-4f6c62780679"
"Martelle, Craig & Anderle, Michael","Craig Martelle & Michael Anderle","","D:\story_books\Craig Martelle\The Bad Company Boxed Set_ Books 1 - (94)\cover.jpg","2025-07-04T21:14:16+05:30","mobi","9781642022896","94","mobi-asin:d67fd56f-8328-4dff-befe-e44703f711ec,isbn:9781642022896","eng","story_books","2019-06-22T03:30:00+05:30","LMBPN Publishing","","","1.0","2154928","","The Bad Company Boxed Set: Books 1 - 4","Bad Company Boxed Set: Books 1 - 4, The","4a931d1f-7771-4b9e-9dd7-cefc40932461"
"Anderle, Michael","Michael Anderle","","D:\story_books\Michael Anderle\Kurtherian Gambit Boxed Set Two_ Boo (95)\cover.jpg","2025-07-04T21:14:16+05:30","mobi","","95","mobi-asin:1ef4ae77-7374-4509-9696-993bf929c9a3","eng","story_books","2018-12-18T04:30:00+05:30","LMBPN Publishing","","","1.0","3446335","","Kurtherian Gambit Boxed Set Two: Books 8-14, We Will Build, It's Hell To Choose, Release The Dogs of War, Sued For Peace, WE HAVE CONTACT, My Ride is a ... Line (Kurtherian Gambit Boxed Sets Book 2)","Kurtherian Gambit Boxed Set Two: Books 8-14, We Will Build, It's Hell To Choose, Release The Dogs of War, Sued For Peace, WE HAVE CONTACT, My Ride is a ... Line (Kurtherian Gambit Boxed Sets Book 2)","192256bb-5a82-4610-8954-57ac67754114"
"Clark, Ell Leigh & Anderle, Michael","Ell Leigh Clark & Michael Anderle","","D:\story_books\Ell Leigh Clark\The Ascension Myth Complete Omnibus (96)\cover.jpg","2025-07-04T21:14:17+05:30","mobi","","96","mobi-asin:e6f749ad-5a21-4a9d-8985-e38606000059","eng","story_books","2020-04-22T03:30:00+05:30","LMBPN Publishing","","","1.0","3516442","","The Ascension Myth Complete Omnibus (Books 1-12)","Ascension Myth Complete Omnibus (Books 1-12), The","dfc4730a-47a4-4cb1-a029-80ca7eb17466"
"Grey, Natalie & Anderle, Michael","Natalie Grey & Michael Anderle","","D:\story_books\Natalie Grey\Omnibus_ Vigilante, Sentinel, Warden (97)\cover.jpg","2025-07-04T21:14:17+05:30","mobi","","97","mobi-asin:741e5609-8ce2-49a1-8b7c-d974f0de1689","eng","story_books","2019-08-09T03:30:00+05:30","LMBPN Publishing","","","1.0","2754841","","Omnibus: Vigilante, Sentinel, Warden, Paladin, Justiciar, Defender, Protector","Omnibus: Vigilante, Sentinel, Warden, Paladin, Justiciar, Defender, Protector","5e9a9666-2969-4bfb-984b-cffaacb24660"
"Martelle, Craig & Anderle, Michael","Craig Martelle & Michael Anderle","","D:\story_books\Craig Martelle\Judge, Jury, & Executioner Boxed Set (98)\cover.jpg","2025-07-04T21:14:18+05:30","mobi","","98","mobi-asin:14c4fb47-d0b6-4076-b6cd-5c42182b7e3f","eng","story_books","2019-08-16T03:30:00+05:30","LMBPN Publishing","","","1.0","1651004","","Judge, Jury, & Executioner Boxed Set (Books 1 - 4)","Judge, Jury, & Executioner Boxed Set (Books 1 - 4)","22366aa3-4237-45d0-8e12-e82cfbb0c63b"
"Clarke, Ell Leigh & Anderle, Michael","Ell Leigh Clarke & Michael Anderle","","D:\story_books\Ell Leigh Clarke\Giles Kurns_ Rogue Operator_ Age Of (99)\cover.jpg","2025-07-04T21:14:18+05:30","mobi","","99","mobi-asin:90aa6fef-cb3e-4105-998c-bb7482b9ae53","eng","story_books","2017-11-06T04:30:00+05:30","LMBPN Publishing","","","1.0","529323","","Giles Kurns: Rogue Operator: Age Of Expansion - (Confessions Of A Space Anthropologist Book 1)","Giles Kurns: Rogue Operator: Age Of Expansion - (Confessions Of A Space Anthropologist Book 1)","381e665f-560f-4277-86db-6feda3ecb25a"
"Clarke, Ell Leigh & Anderle, Michael","Ell Leigh Clarke & Michael Anderle","","D:\story_books\Ell Leigh Clarke\Giles Kurns_ Rogue Instigator_ Age (100)\cover.jpg","2025-07-04T21:14:19+05:30","mobi","","100","mobi-asin:4c81b6fd-9273-4057-88b2-27f01473da40","eng","story_books","2018-02-21T04:30:00+05:30","LMBPN Publishing","","","1.0","504976","","Giles Kurns: Rogue Instigator: Age Of Expansion - (Confessions Of A Space Anthropologist Book 2)","Giles Kurns: Rogue Instigator: Age Of Expansion - (Confessions Of A Space Anthropologist Book 2)","8b01d7f2-8b39-40c9-9ca0-a249fe407108"
"Noffke, Sarah & Anderle, Michael","Sarah Noffke & Michael Anderle","","D:\story_books\Sarah Noffke\Ghost Squadron The Complete Series (101)\cover.jpg","2025-07-04T21:14:19+05:30","mobi","9781642021752","101","mobi-asin:9c0b6bc0-7739-49cd-8b15-002f12a403ea,isbn:9781642021752","eng","story_books","2019-04-03T11:30:00+05:30","LMBPN Publishing","","","1.0","2445950","","Ghost Squadron The Complete Series","Ghost Squadron The Complete Series","16d9e298-44fd-468f-bb54-5d43d25e61cd"
"Martelle, Craig & Sloan, Justin & Anderle, Michael","Craig Martelle & Justin Sloan & Michael Anderle","","D:\story_books\Craig Martelle\Gateway To The Universe_In Bad Comp (102)\cover.jpg","2025-07-04T21:14:20+05:30","mobi","","102","mobi-asin:dfeffeda-6ba5-4b07-bfbf-9f98fb81319b","eng","story_books","2017-10-11T11:30:00+05:30","LMBPN Publishing","","","1.0","522058","","Gateway To The Universe_In Bad Company","Gateway To The Universe_In Bad Company","55a9da39-7faa-4425-969e-a038a16d5118"
"Sloan, Justin & Hylton, P. T. & Anderle, Michael","Justin Sloan & P. T. Hylton & Michael Anderle","","D:\story_books\Justin Sloan\Boxed Set_ The Complete Series (103)\cover.jpg","2025-07-04T21:14:21+05:30","mobi","9781642021837","103","mobi-asin:fe5f3503-1a04-4ea6-9b25-112133775e7a,isbn:9781642021837","eng","story_books","2019-04-09T03:30:00+05:30","LMBPN Publishing","","","1.0","1392080","","Boxed Set: The Complete Series","Boxed Set: The Complete Series","45c06ed8-0b9a-4225-9ff3-c4a9acb32b0d"
"Martelle, Craig & Morris, Jeff & Anderle, Michael","Craig Martelle & Jeff Morris & Michael Anderle","","D:\story_books\Craig Martelle\World's Worst Day Ever (104)\cover.jpg","2025-07-04T21:14:21+05:30","mobi","","104","mobi-asin:a989fa8c-9de0-49ae-8f9c-3680044327f5","eng","story_books","2017-04-21T03:30:00+05:30","LMBPN Publishing","","","1.0","266105","","World's Worst Day Ever","World's Worst Day Ever","bb6c45a6-e8c2-4c0f-b387-2e81004fe17a"
"Anderle, Michael & Clarke, Ell Leigh","Michael Anderle & Ell Leigh Clarke","","D:\story_books\Michael Anderle\The Second Dark Ages Boxed Set_ The (105)\cover.jpg","2025-07-04T21:14:22+05:30","mobi","","105","mobi-asin:30687ab3-35b6-4f95-9505-bfc789870ec5","eng","story_books","2019-08-02T03:30:00+05:30","LMBPN Publishing","","","1.0","1841521","","The Second Dark Ages Boxed Set: The Complete Series","Second Dark Ages Boxed Set: The Complete Series, The","8eda66a0-f4ce-4044-9e02-c98834076b67"
"Weir, S.E. & Anderle, Michael","S.E. Weir & Michael Anderle","","D:\story_books\S.E. Weir\The Empress' Spy Complete Series Bo (106)\cover.jpg","2025-07-04T21:14:22+05:30","mobi","9798885413947","106","mobi-asin:bc3b862e-fbb4-49ba-9651-a9b84a73a02a,isbn:9798885413947","eng","story_books","2022-05-02T09:30:00+05:30","LMBPN Publishing","","","1.0","2099448","","The Empress' Spy Complete Series Boxed Set","Empress' Spy Complete Series Boxed Set, The","d2f5f26c-3003-4148-80a2-5ecd103f654a"
"Sloan, Justin & Anderle, Michael","Justin Sloan & Michael Anderle","","D:\story_books\Justin Sloan\The Reclaiming Honor Omnibus (Books (107)\cover.jpg","2025-07-04T21:14:22+05:30","mobi","","107","mobi-asin:de2548d9-5f17-4c37-adfa-9f7c714c3b75","eng","story_books","2019-01-04T04:30:00+05:30","LMBPN Publishing","","","1.0","3292070","","The Reclaiming Honor Omnibus (Books 1-8): A Kurtherian Gambit Series","Reclaiming Honor Omnibus (Books 1-8): A Kurtherian Gambit Series, The","3e2f329a-61a0-4d41-994f-8182893cad5a"
"Martelle, Craig & Anderle, Michael","Craig Martelle & Michael Anderle","","D:\story_books\Craig Martelle\Terry Henry Walton Chronicles Compl (108)\cover.jpg","2025-07-04T21:14:23+05:30","mobi","","108","mobi-asin:bcf8d103-36b4-4f5a-9364-b2fcc3fb5f8d","eng","story_books","2020-03-10T04:30:00+05:30","LMBPN Publishing","","","1.0","3423729","","Terry Henry Walton Chronicles Complete Series Omnibus","Terry Henry Walton Chronicles Complete Series Omnibus","ec563677-c634-4d79-9a4b-18b8466a9ed7"
"Russell, S.R. & Anderle, Michael","S.R. Russell & Michael Anderle","","D:\story_books\S.R. Russell\Etheric Adventures Boxed Set_ Books (109)\cover.jpg","2025-07-04T21:14:23+05:30","mobi","","109","mobi-asin:a092bf90-4687-4ab5-baeb-8a6cb18b8dfa","eng","story_books","2021-01-06T03:30:00+05:30","LMBPN Publishing","","","1.0","1303105","","Etheric Adventures Boxed Set: Books 1-3","Etheric Adventures Boxed Set: Books 1-3","cc62b883-9b73-4c60-a598-b8b9303ad63c"
"Middleton, Paul C. & Anderle, Michael","Paul C. Middleton & Michael Anderle","","D:\story_books\Paul C. Middleton\Boris Chronicles_ Books 1-4 (110)\cover.jpg","2025-07-04T21:14:24+05:30","mobi","","110","mobi-asin:b86e4413-aee9-4fb5-aaf0-8670a265cbb4","eng","story_books","2019-02-23T04:30:00+05:30","LMBPN Publishing","","","1.0","1309591","","Boris Chronicles: Books 1-4","Boris Chronicles: Books 1-4","34b22646-310b-4200-8643-f3fa576cc737"
"Tillman, Charles & Anderle, Michael","Charles Tillman & Michael Anderle","","D:\story_books\Charles Tillman\Akio Revelations Complete Series Om (111)\cover.jpg","2025-07-04T21:14:25+05:30","mobi","","111","mobi-asin:e848a06e-7d78-465b-8abf-1e3b77f92d9a","eng","story_books","2022-01-03T00:00:00+05:30","LMBPN Publishing","","","1.0","2577931","","Akio Revelations Complete Series Omnibus: Books 1 - 6","Akio Revelations Complete Series Omnibus: Books 1 - 6","6bea5561-1fda-4e1c-aecc-7e197086cc1b"
"Russell, S. R. & Anderle, Michael","S. R. Russell & Michael Anderle","","D:\story_books\S. R. Russell\Etheric Researcher (112)\cover.jpg","2025-07-04T21:14:25+05:30","mobi","","112","mobi-asin:6d9719de-2550-4103-a609-ce0ee1d5d64d","eng","story_books","2017-11-30T12:30:00+05:30","LMBPN Publishing","","","1.0","387443","","Etheric Researcher","Etheric Researcher","f0e03669-2879-480c-881a-a97401c1562d"
"Feng Qingyang,风轻扬","Feng Qingyang,风轻扬","#### Description
Earth’s top weapon specialist’s soul crossed over to an alternate world, merged with Rebirth Martial Emperor’s memories, cultivating Nine Dragons War Sovereign Technique, sweeping through all opposition with invincible might!
Able to refine medicine, capable of crafting weapons, and knows the art of inscription….
Being skilled in all professions is the way of kings!
*You’re reading chinese web Novel   “ **War Sovereign Soaring The Heavens** ” on TRUYENCHUHAYNHAT.COM.COM.* *Thanks!*
","D:\story_books\Feng Qingyang,Feng Qing Yang\War Sovereign Soaring The Heavens (113)\cover.jpg","2025-07-04T21:14:26+05:30","mobi","","113","","eng","story_books","2022-02-01T00:00:00+05:30","Ebookfree_me","","","1.0","9174839","","War Sovereign Soaring The Heavens","War Sovereign Soaring The Heavens","8d42a335-c912-4bcb-9231-7ad7e4d96e70"
"Russell, S. R. & Anderle, Michael","S. R. Russell & Michael Anderle","","D:\story_books\S. R. Russell\Etheric Explorer (114)\cover.jpg","2025-07-04T21:14:26+05:30","mobi","","114","mobi-asin:707e74f0-ae68-4ef5-b3b1-ec174a97dbf3","eng","story_books","2020-04-09T03:30:00+05:30","LMBPN Publishing","","","1.0","450433","","Etheric Explorer","Etheric Explorer","0c65ed24-7228-4d3f-8b0a-5f7ef2e9dc5d"
"Russell, S. R. & Anderle, Michael","S. R. Russell & Michael Anderle","","D:\story_books\S. R. Russell\Etheric Recruit (115)\cover.jpg","2025-07-04T21:14:27+05:30","mobi","","115","mobi-asin:e334c552-9b47-4cae-9aac-d493293b1d2e","eng","story_books","2017-09-13T03:30:00+05:30","LMBPN Publishing","","","1.0","295104","","Etheric Recruit","Etheric Recruit","3ae58848-4fd1-4ceb-bee3-8d53548edd99"
"hall, linsey","linsey hall","","D:\story_books\linsey hall\the huntress 04 - eternal magic (116)\cover.jpg","2025-07-04T21:14:27+05:30","mobi","","116","mobi-asin:92b7ceef-28a2-4bbc-96ef-4fa7b798a9d2","eng","story_books","2016-07-31T09:30:00+05:30","Bonnie Doon Press","","","1.0","522663","","the huntress 04 - eternal magic","huntress 04 - eternal magic, the","99771c5c-a817-4e05-86d1-604e91b47387"
"Mayer, Shannon","Shannon Mayer","","D:\story_books\Shannon Mayer\elemental 07 - destroyer (117)\cover.jpg","2025-07-04T21:14:28+05:30","mobi","","117","mobi-asin:1bb991d5-af29-49d9-a5ad-caab92e90d72","eng","story_books","2017-05-30T09:30:00+05:30","Hijinks Ink Publishing","","","1.0","681806","","elemental 07 - destroyer","elemental 07 - destroyer","f56ad1c7-767e-4cd1-91af-1a016b613d39"
"Anderson, Annie","Annie Anderson","","D:\story_books\Annie Anderson\rogue ethereal 01 - woman of blood (118)\cover.jpg","2025-07-04T21:14:28+05:30","mobi","","118","mobi-asin:4d6d26a2-836d-4135-85e6-bf265cd4a770","eng","story_books","2018-02-27T04:30:00+05:30","","","","1.0","676974","","rogue ethereal 01 - woman of blood and bone","rogue ethereal 01 - woman of blood and bone","a67d32e8-7cdb-4b20-9c96-35579758ca56"
"Mayer, Shannon","Shannon Mayer","The odds are stacked against her as she faces her greatest challenge yet…  
But that's nothing new in her world.
I thought I had the next steps in my journey plotted out. I thought I knew where I was going and who I was going with—the usual crew of Lila the smart-mouthed tiny dragon, Ford the man who would be my mate if I let him, and Balder, the horse who has carried me through more danger than I can count. Crap on a camel, I could not have been more wrong. My world is turned upside down when my crew somehow gains two people who would as soon kill me, as see me succeed. Even with this new twist, I must get to the crossroads before the golden moon rises if we have any chance of dethroning the Emperor and bringing my brother back from the dead. Along the way I find myself in treacherous waters facing new dangers, new enemies and a choice that no one should ever have to make. Maks’s life is in my hands, and in the end, will love be enough to save him, or will I have to say goodbye to him once and for all?
","D:\story_books\Shannon Mayer\Wyvern's Lair (119)\cover.jpg","2025-07-04T21:14:29+05:30","mobi","9781987933581","119","isbn:9781987933581,mobi-asin:9b4ab4b9-45a6-442b-a9ec-840e24ac0bfa","eng","story_books","2019-07-16T04:30:00+05:30","Hijinks Ink Publishing","","","1.0","523636","","Wyvern's Lair","Wyvern's Lair","05d1ab4b-ed50-4a99-90d1-3aca74ae9b1f"
"Koonce, A.K. & Ceres, Aleera Anaya","A.K. Koonce & Aleera Anaya Ceres","","D:\story_books\A.K. Koonce\Wrath of One_ A Reverse Harem Serie (120)\cover.jpg","2025-07-04T21:14:29+05:30","mobi","","120","mobi-asin:e7268842-3071-4180-8a05-2c53c147b0d0","eng","story_books","2019-12-02T21:30:00+05:30","","","","1.0","323568","","Wrath of One: A Reverse Harem Series (The Origins of the Six Book 4)","Wrath of One: A Reverse Harem Series (The Origins of the Six Book 4)","0f6547ae-56f3-4850-91e9-a00df31ced0b"
"GetTruyen.com, Generated by","Generated by GetTruyen.com","","D:\story_books\Generated by GetTruyen.com\World Defying Dan God #1 - #3789 (121)\cover.jpg","2025-07-04T21:14:30+05:30","mobi","","121","mobi-asin:1b6b582b-b19d-4dc4-ae9f-e4e2c440cda1","vie","story_books","0101-01-01T05:30:00+05:30","","","","1.0","20255211","","World Defying Dan God #1 - #3789","World Defying Dan God #1 - #3789","bdbf28d6-ba4e-4587-8438-79005fd1d234"
"Flynn, Erin R","Erin R Flynn","","D:\story_books\Erin R Flynn\Woman In Demand (122)\cover.jpg","2025-07-04T21:14:30+05:30","mobi","","122","mobi-asin:6e7b237d-9102-4322-b32e-a0b37c2c882f","eng","story_books","2021-03-04T21:30:00+05:30","Supernatural Script, Inc","","","1.0","501812","","Woman In Demand","Woman In Demand","d7f7e630-223b-42cd-a830-37594bb745eb"
"Silvers, Shayne & O'Connell, Cameron","Shayne Silvers & Cameron O'Connell","","D:\story_books\Shayne Silvers\Witches Brew_ Phantom Queen Book 6 (123)\cover.jpg","2025-07-04T21:14:31+05:30","mobi","","123","mobi-asin:ea1539c8-b371-43ca-a0cd-15f75a457835","eng","story_books","2018-11-26T21:30:00+05:30","Argento Publishing","","","1.0","809714","","Witches Brew: Phantom Queen Book 6 - A Temple Verse Series (The Phantom Queen Diaries)","Witches Brew: Phantom Queen Book 6 - A Temple Verse Series (The Phantom Queen Diaries)","4e1eefce-0ebd-4855-8460-9a8eb08b49a1"
"Mayer, Shannon","Shannon Mayer","","D:\story_books\Shannon Mayer\Witch's Reign (124)\cover.jpg","2025-07-04T21:14:31+05:30","mobi","9781987933376","124","mobi-asin:4308a1d2-65db-4078-b057-6778dfb01d1b,isbn:9781987933376","eng","story_books","2018-01-29T21:30:00+05:30","Hijinks Ink Publishing","","","1.0","516990","","Witch's Reign","Witch's Reign","8da16722-f023-498f-9b38-c29f1c70aa29"
"Summers, Ella","Ella Summers","","D:\story_books\Ella Summers\Witch's Cauldron (Legion of Angels (125)\cover.jpg","2025-07-04T21:14:32+05:30","mobi","","125","mobi-asin:e57f8c76-51f6-4fef-a289-1424d4a5fb62","eng","story_books","2016-11-04T00:00:00+05:30","Night Spark Media","","","1.0","386344","","Witch's Cauldron (Legion of Angels Book 2)","Witch's Cauldron (Legion of Angels Book 2)","f1baa8fd-5e5e-4bd4-ad77-89751e9e10fc"
"Silvers, Shayne","Shayne Silvers","","D:\story_books\Shayne Silvers\Wild Side_ A Nate Temple Supernatur (126)\cover.jpg","2025-07-04T21:14:32+05:30","mobi","","126","mobi-asin:0deb10d3-208a-46db-89ea-e7b65908f326","eng","story_books","2017-08-28T12:30:00+05:30","Argento Publishing, LLC","","","1.0","879495","","Wild Side: A Nate Temple Supernatural Thriller Book 7 (The Temple Chronicles)","Wild Side: A Nate Temple Supernatural Thriller Book 7 (The Temple Chronicles)","89fc6e2a-6943-4322-9b77-c024dfe919b9"
"Mayer, Shannon","Shannon Mayer","“My name is Larkspur, and I am an Elemental.”   My people use the power of the earth to sustain life and defy our enemies. I should be at my father's side as a royal princess. But as a half-breed, bastard child, that isn't going to happen.   The King is missing and his mind is cracked. It is up to me to find him before the Rim is taken over by the bloodthirsty heir to the throne.   But the path to finding the King is anything but straight, and I find myself in the human world facing possible banishment. All to find a Tracker who happens to be on the run from a demon, yet she is my only hope in bringing my father home.     Nothing is as it seems and I'm uncertain who is friend or foe. My impending punishment threatens to suffocate me as I defy our laws and fight to bring peace to my home. . . and fight to keep those I love the dearest alive.  How will I get both my father and I out of this one unscathed? Welcome to being The Chosen One.","D:\story_books\Shannon Mayer\Windburn (The Elemental Series Book (127)\cover.jpg","2025-07-04T21:14:33+05:30","mobi","","127","mobi-asin:d515d028-29b9-4462-a3a5-b919b8598e19","eng","story_books","2016-02-02T00:00:00+05:30","Hijinks Ink Publishing","","","1.0","775901","","Windburn (The Elemental Series Book 4)","Windburn (The Elemental Series Book 4)","178ceaf0-e484-4ab5-b2f9-99e5c486b00c"
"Montero, Megan","Megan Montero","","D:\story_books\Megan Montero\Wicked Queen (The Royals_ Witch Cou (128)\cover.jpg","2025-07-04T21:14:33+05:30","mobi","","128","mobi-asin:aaf6e7d3-88b5-4dae-8eec-617dd54e17e5","eng","story_books","2019-06-29T21:30:00+05:30","Leo Press","","","1.0","827360","","Wicked Queen (The Royals: Witch Court Book 5)","Wicked Queen (The Royals: Witch Court Book 5)","8ccd65d2-89b7-4538-9467-efd044209ea6"
"Harrison, Kim","Kim Harrison","","D:\story_books\Kim Harrison\White Witch Black Curse (129)\cover.jpg","2025-07-04T21:14:34+05:30","mobi","","129","mobi-asin:c126ab6d-3395-43d6-bcac-beb9dd56450a","eng","story_books","2010-10-30T05:29:51+05:30","","","","1.0","845019","","White Witch Black Curse","White Witch Black Curse","5759ceae-4cec-4209-9e8d-a25c86c7c5da"
"Montero, Megan","Megan Montero","","D:\story_books\Megan Montero\Wicked Potion (The Royals_ Witch Co (131)\cover.jpg","2025-07-04T21:14:35+05:30","mobi","","131","mobi-asin:efb00ec6-fe48-491a-9fb2-4be8ce099d81","eng","story_books","2019-04-10T03:30:00+05:30","Leo Press","","","1.0","1165086","","Wicked Potion (The Royals: Witch Court Book 4)","Wicked Potion (The Royals: Witch Court Book 4)","910f690c-dad8-4f3c-a181-5300b3749b72"
"Silvers, Shayne","Shayne Silvers","","D:\story_books\Shayne Silvers\Whispers_ Feathers and Fire Book 3 (132)\cover.jpg","2025-07-04T21:14:36+05:30","mobi","","132","mobi-asin:007d1f6f-27cb-44a2-92e0-d7fa49766654","eng","story_books","2018-01-11T04:30:00+05:30","Argento Publishing, LLC","","","1.0","765643","","Whispers: Feathers and Fire Book 3","Whispers: Feathers and Fire Book 3","b3fad6fa-9880-4b7d-a39c-8fdaa1628ad0"
"Silvers, Shayne & O'Connell, Cameron","Shayne Silvers & Cameron O'Connell","","D:\story_books\Shayne Silvers\Whiskey Ginger_ Phantom Queen Book (133)\cover.jpg","2025-07-04T21:14:37+05:30","mobi","","133","mobi-asin:e19f5c24-b66d-48bd-8ba5-3c17053853ba","eng","story_books","2018-06-11T21:30:00+05:30","Argento Publishing, LLC","","","1.0","897765","","Whiskey Ginger: Phantom Queen Book 1 - A Temple Verse Series (The Phantom Queen Diaries)","Whiskey Ginger: Phantom Queen Book 1 - A Temple Verse Series (The Phantom Queen Diaries)","a553d5ac-370e-4750-b315-025696f7b66d"
"Breene, K.F.","K.F. Breene","","D:\story_books\K.F. Breene\Warrior Fae Trapped (A Demon Days, (134)\cover.jpg","2025-07-04T21:14:37+05:30","mobi","","134","mobi-asin:a73cd794-ff5f-42f7-85f5-be97f3b9d84b","eng","story_books","2019-09-09T21:30:00+05:30","","","","1.0","758247","","Warrior Fae Trapped (A Demon Days, Vampire Nights Novel)","Warrior Fae Trapped (A Demon Days, Vampire Nights Novel)","b5b426bf-269a-4770-a294-64b2449beef1"
"Flynn, Erin R","Erin R Flynn","","D:\story_books\Erin R Flynn\Weakened Mountains_ Artemis Univers (135)\cover.jpg","2025-07-04T21:14:38+05:30","mobi","","135","mobi-asin:e5aed039-4095-4349-abe6-e21ea4b0fcbd","eng","story_books","2020-03-19T21:30:00+05:30","Supernatural Script, Inc.","","","1.0","629111","","Weakened Mountains: Artemis University (Book 4)","Weakened Mountains: Artemis University (Book 4)","2cd8d6d7-afda-4038-8cc1-06307c28d482"
"Feng Qingyang,风轻扬","Feng Qingyang,风轻扬","#### Description
Earth’s top weapon specialist’s soul crossed over to an alternate world, merged with Rebirth Martial Emperor’s memories, cultivating Nine Dragons War Sovereign Technique, sweeping through all opposition with invincible might!
Able to refine medicine, capable of crafting weapons, and knows the art of inscription….
Being skilled in all professions is the way of kings!
*You’re reading chinese web Novel   “ **War Sovereign Soaring The Heavens** ” on TRUYENCHUHAYNHAT.COM.COM.* *Thanks!*
","D:\story_books\Feng Qingyang,Feng Qing Yang\War Sovereign Soaring The Heavens 1 (136)\cover.jpg","2025-07-04T21:14:38+05:30","mobi","","136","mobi-asin:f02e0bb7-efd5-4021-9801-5367244f4225","eng","story_books","2022-02-01T00:00:00+05:30","Ebookfree_me","","","1.0","3853375","","War Sovereign Soaring The Heavens 1201-1700","War Sovereign Soaring The Heavens 1201-1700","4c4b39cc-3c49-47a8-bc27-b08cd693dbae"
"Silvers, Shayne","Shayne Silvers","","D:\story_books\Shayne Silvers\War Hammer_ A Nate Temple Supernatu (137)\cover.jpg","2025-07-04T21:14:39+05:30","mobi","","137","mobi-asin:ebf0c006-a85a-41cd-945a-db3321a28f6e","eng","story_books","2017-11-26T04:30:00+05:30","Argento Publishing, LLC","","","1.0","792947","","War Hammer: A Nate Temple Supernatural Thriller Book 8 (The Temple Chronicles)","War Hammer: A Nate Temple Supernatural Thriller Book 8 (The Temple Chronicles)","f571854e-c1ce-4fe2-9ff5-c8ad8bd43b89"
"Breene, K. F.","K. F. Breene","With Charity's fate on the line, Devon and his pack must face the perils of the Realm in search of the elusive warrior fae. With no real experience and against some of the most powerful creatures in existence, they are fighting a losing battle.  Thankfully, they don't have to do it alone.  Knowing what's at stake, Penny and Emery, the magical powerhouses of the mage world, will lend their aid, trying to sneak Charity in the backdoor.  If they are caught, they'll all be captured or worse. Much worse.  But to make it means Devon will be forced to make a difficult decision that will change his and Charity's life forever.  **You don't want to miss this epic conclusion to Devon and Charity's story!**","D:\story_books\K. F. Breene\Warrior Fae Princess (138)\cover.jpg","2025-07-04T21:14:39+05:30","mobi","","138","mobi-asin:886faa6e-52a1-43f7-bdaa-505eac3f6022","eng","story_books","2019-10-15T05:30:00+05:30","","","","1.0","901732","vampires, urban fantasy, fantasy, Romance, Fae, Magic, Paranormal","Warrior Fae Princess","Warrior Fae Princess","6c6615e1-0fe9-4eb6-8d47-78dc766e7d04"
"Montero, Megan","Megan Montero","","D:\story_books\Megan Montero\B07GRTFMRF (F) (139)\cover.jpg","2025-07-04T21:14:40+05:30","mobi","","139","mobi-asin:7d64b338-6c7c-4324-b452-86e18299845e","eng","story_books","2018-09-26T21:30:00+05:30","Leo Press","","","1.0","1287693","","B07GRTFMRF (F)","B07GRTFMRF (F)","985696b9-55b9-4749-8a2c-e251860a112c"
"Montero, Megan","Megan Montero","","D:\story_books\Megan Montero\B07HHNL4WH (F) (140)\cover.jpg","2025-07-04T21:14:40+05:30","mobi","","140","mobi-asin:d4d2ecfe-f1f9-4d0d-a2bd-2b9e53bbac32","eng","story_books","2018-11-15T21:30:00+05:30","Leo Press","","","1.0","1449928","","B07HHNL4WH (F)","B07HHNL4WH (F)","07e39163-3692-47c3-889a-c4c704d9cfe0"
"Montero, Megan","Megan Montero","","D:\story_books\Megan Montero\B07K32PGHX (F) (141)\cover.jpg","2025-07-04T21:14:41+05:30","mobi","","141","mobi-asin:c57fb538-449a-427b-a34c-7aa86c1e9fb5","eng","story_books","2019-01-29T21:30:00+05:30","","","","1.0","1429088","","B07K32PGHX (F)","B07K32PGHX (F)","2b7a9f82-2672-4213-bf91-2097744a74da"
"Chase, Eva","Eva Chase","","D:\story_books\Eva Chase\Vile Sorcery (142)\cover.jpg","2025-07-04T21:14:41+05:30","mobi","9781989096420","142","mobi-asin:36e085a0-1f6e-46fb-af3c-00ad430b0500,isbn:9781989096420","eng","story_books","2019-06-05T03:30:00+05:30","Ink Spark Press","","","1.0","781717","","Vile Sorcery","Vile Sorcery","26225408-c889-4ce0-ad8e-c8c3bce35cc4"
"Chase, Eva","Eva Chase","The battle lines have been drawn. My fellow scions and I stand on one side, and the power-hungry barons on the other.  The scheme they've put in motion could shatter both our community and the nonmagical world. Neither I nor the guys I love are willing to let that happen, but with the barons throwing both laws and parental bonds aside, we're short on options. The fate of our world could come down to a literal battle for our lives, one I'm not sure we have any hope of winning.  Will the strength we've found together and the allies we've managed to gather be enough to carry us through? How close to the barons' level will I have to sink to have a chance at victory? As our time runs out, the only thing we can count on is that blood will be spilled—and lots of it.  Vicious Arts is the eighth and final book in the Royals of Villain Academy series.","D:\story_books\Eva Chase\Vicious Arts (143)\cover.jpg","2025-07-04T21:14:42+05:30","mobi","","143","mobi-asin:fd176e79-d65f-47ae-99e2-8b81114a9760","eng","story_books","2020-01-15T05:30:00+05:30","Ink Spark Press","","","1.0","709286","Reverse Harem, fantasy, Paranormal, Romance, Magic, New Adult, urban fantasy","Vicious Arts","Vicious Arts","1f95e7d7-64ee-4a8f-aab9-b3cbfea22872"
"Carpenter, Kel","Kel Carpenter","","D:\story_books\Kel Carpenter\Vessel of Destruction (Daizlei Acad (144)\cover.jpg","2025-07-04T21:14:42+05:30","mobi","","144","mobi-asin:171cde78-bc8d-4ead-9ec8-b2055fc133c5","eng","story_books","2019-11-21T11:30:00+05:30","","","","1.0","583719","","Vessel of Destruction (Daizlei Academy Book 4)","Vessel of Destruction (Daizlei Academy Book 4)","c54e9c9e-2331-48b0-a7f7-35b8c64b2e71"
"Flynn, Erin R","Erin R Flynn","","D:\story_books\Erin R Flynn\Upended Life_ Artemis University (B (145)\cover.jpg","2025-07-04T21:14:43+05:30","mobi","","145","mobi-asin:3abde0fb-84cf-49b8-86c7-e83c2d7ae61d","eng","story_books","2019-11-21T21:30:00+05:30","Supernatural Script, Inc.","","","1.0","638343","","Upended Life: Artemis University (Book 1)","Upended Life: Artemis University (Book 1)","6fa41a7c-bda3-4bc4-a0af-7a4e82471bc2"
"Summers, Ella","Ella Summers","","D:\story_books\Ella Summers\Vampire's Kiss (Legion of Angels Bo (146)\cover.jpg","2025-07-04T21:14:43+05:30","mobi","","146","mobi-asin:cc66611f-86c6-4536-a4be-69bb4f505ab8","eng","story_books","2016-10-14T00:00:00+05:30","Night Spark Media","","","1.0","369905","","Vampire's Kiss (Legion of Angels Book 1)","Vampire's Kiss (Legion of Angels Book 1)","d68d3c40-cebc-4f65-b41a-708a2c419794"
"Frost, Jeaniene","Jeaniene Frost","","D:\story_books\Jeaniene Frost\Up From the Grave_ A Night Huntress (147)\cover.jpg","2025-07-04T21:14:44+05:30","mobi","","147","mobi-asin:63505f4b-3186-47b8-a159-030a4e1af458","eng","story_books","2014-01-28T05:30:00+05:30","HarperCollins","","","1.0","815891","","Up From the Grave: A Night Huntress Novel","Up From the Grave: A Night Huntress Novel","80d0ecce-52b7-4e51-8685-0a522cf17bd4"
"Flynn, Erin R","Erin R Flynn","","D:\story_books\Erin R Flynn\Unregulated Upheaval (148)\cover.jpg","2025-07-04T21:14:44+05:30","mobi","","148","mobi-asin:61f0dd01-7b31-4c02-b67b-d05c564d38cb","eng","story_books","2021-09-18T21:30:00+05:30","Supernatural Script, Inc","","","1.0","659595","","Unregulated Upheaval","Unregulated Upheaval","cecdb6a0-a2d0-49bf-a491-63c32231676e"
"hall, linsey","linsey hall","","D:\story_books\linsey hall\Undercover Magic (149)\cover.jpg","2025-07-04T21:14:45+05:30","mobi","9781942085027","149","isbn:9781942085027,mobi-asin:dd18dd20-3433-4c59-9ebe-57b3c7cf8c79","eng","story_books","2017-11-30T21:30:00+05:30","Bonnie Doon Press","","","1.0","463558","","Undercover Magic","Undercover Magic","3d7d0412-f2a7-4b25-ac1e-b4dd87628299"
"Silvers, Shayne","Shayne Silvers","","D:\story_books\Shayne Silvers\Unchained_ Feathers and Fire Book 1 (150)\cover.jpg","2025-07-04T21:14:45+05:30","mobi","","150","mobi-asin:eda353d5-c1fc-406c-9726-5d02036100cd","eng","story_books","2017-07-09T11:30:00+05:30","Argento Publishing, LLC","","","1.0","967889","","Unchained: Feathers and Fire Book 1","Unchained: Feathers and Fire Book 1","a4943bfb-41b6-4bd9-a7bd-b2413ed36054"
"Moss, Sadie","Sadie Moss","","D:\story_books\Sadie Moss\Trials (Academy of Unpredictable Ma (151)\cover.jpg","2025-07-04T21:14:45+05:30","mobi","","151","mobi-asin:b8088d69-325c-4a01-8dbc-9dc11aff4b52","eng","story_books","2019-06-05T21:30:00+05:30","","","","1.0","347190","","Trials (Academy of Unpredictable Magic Book 2)","Trials (Academy of Unpredictable Magic Book 2)","619b3e4f-b3f2-4c67-ab5f-1b69648482b4"
"hall, linsey","linsey hall","","D:\story_books\linsey hall\Trial by Magic (Dragon's Gift_ The (152)\cover.jpg","2025-07-04T21:14:46+05:30","mobi","9781942085171","152","mobi-asin:6b9177c5-73cd-4fd4-aa4f-e8142cd883ae,isbn:9781942085171","eng","story_books","2017-06-27T09:30:00+05:30","Bonnie Doon Press","","","1.0","519917","","Trial by Magic (Dragon's Gift: The Protector Book 2)","Trial by Magic (Dragon's Gift: The Protector Book 2)","7676998e-8836-4fa9-b82e-fda54ff46280"
"Carpenter, Kel & Whitethorne, Carrie","Kel Carpenter & Carrie Whitethorne","","D:\story_books\Kel Carpenter\Trial by Heist (Daizlei Academy) (153)\cover.jpg","2025-07-04T21:14:46+05:30","mobi","","153","mobi-asin:6b68c0c3-fe21-43a2-8af9-bd93096f6d19","eng","story_books","2017-05-01T03:30:00+05:30","","","","1.0","334853","","Trial by Heist (Daizlei Academy)","Trial by Heist (Daizlei Academy)","c214c1b3-3500-4432-9de3-bb45fad73c2b"
"Maas, Sarah J.","Sarah J. Maas","","D:\story_books\Sarah J. Maas\Tower of Dawn (154)\cover.jpg","2025-07-04T21:14:46+05:30","mobi","","154","mobi-asin:541a0cf3-841c-4fb0-b099-d24d18832d7e","eng","story_books","0101-01-01T05:30:00+05:30","Bloomsbury","","","1.0","2745468","","Tower of Dawn","Tower of Dawn","2e121ffa-458f-4c00-a510-9a6814e1d83a"
"Silvers, Shayne","Shayne Silvers","","D:\story_books\Shayne Silvers\Tiny Gods_ A Nate Temple Supernatur (155)\cover.jpg","2025-07-04T21:14:47+05:30","mobi","","155","mobi-asin:1ba28900-c4c6-4b95-b350-e6226dc537b4","eng","story_books","2017-05-29T12:30:00+05:30","Argento Publishing, LLC","","","1.0","859037","","Tiny Gods: A Nate Temple Supernatural Thriller Book 6 (The Temple Chronicles)","Tiny Gods: A Nate Temple Supernatural Thriller Book 6 (The Temple Chronicles)","ff5beb35-7bbe-47cc-a37d-d5413ace5272"
"Maas, Sarah J.","Sarah J. Maas","Clive Cussler's astounding ""Devil's Gate"" sees the return of Kurt Austin and the NUMA team. Deep beneath the Eastern Atlantic Ocean lies an extraordinary underwater burial ground of ships and planes...Nearby, a After serving out a year of hard labor in the salt mines of Endovier for her crimes, 18-year-old assassin Celaena Sardothien is dragged before the Crown Prince. Prince Dorian offers her her freedom on one condition: she must act as his champion in a competition to find a new royal assassin.   
Her opponents are men-thieves and assassins and warriors from across the empire, each sponsored by a member of the king's council. If she beats her opponents in a series of eliminations, she'll serve the kingdom for three years and then be granted her freedom.   
Celaena finds her training sessions with the captain of the guard, Westfall, challenging and exhilirating. But she's bored stiff by court life. Things get a little more interesting when the prince starts to show interest in her... but it's the gruff Captain Westfall who seems to understand her best.   
Then one of the other contestants turns up dead... quickly followed by another. Can Celaena figure out who the killer is before she becomes a victim? As the young assassin investigates, her search leads her to discover a greater destiny than she could possibly have imagined.
","D:\story_books\Sarah J. Maas\Throne of Glass (156)\cover.jpg","2025-07-04T21:14:47+05:30","mobi","9781599909394","156","isbn:9781599909394,mobi-asin:6b524431-f77a-47ea-817b-4d5e2c20561c","eng","story_books","2012-01-01T21:30:00+05:30","Bloomsbury USA Children's","","","1.0","658567","fantasy, Young Adult, Romance, Adventure, Mystery","Throne of Glass","Throne of Glass","1ac23ffb-92a9-471d-b7a1-ad12b479255a"
"Flynn, Erin R","Erin R Flynn","","D:\story_books\Erin R Flynn\Thwarting Cheaters_ Artemis Univers (157)\cover.jpg","2025-07-04T21:14:47+05:30","mobi","","157","mobi-asin:4c70db32-9b14-4bc1-9393-6b8617680592","eng","story_books","2020-05-05T21:30:00+05:30","Supernatural Script, Inc","","","1.0","648008","","Thwarting Cheaters: Artemis University (Book 5)","Thwarting Cheaters: Artemis University (Book 5)","ef37d1ea-4e60-44bb-9684-500660013ea3"
"Frost, Jeaniene","Jeaniene Frost","","D:\story_books\Jeaniene Frost\This Side of the Grave (158)\cover.jpg","2025-07-04T21:14:48+05:30","mobi","","158","mobi-asin:3b9a7fa4-4868-41d0-ad74-0c2c203dd73f","eng","story_books","2011-02-22T00:00:00+05:30","HarperCollins","","","1.0","537504","","This Side of the Grave","This Side of the Grave","0cb01ac9-2241-4473-b9bc-58c91e2f5b76"
"Moss, Sadie","Sadie Moss","","D:\story_books\Sadie Moss\Threat (Academy of Unpredictable Ma (159)\cover.jpg","2025-07-04T21:14:48+05:30","mobi","","159","mobi-asin:9d31b8b2-e5c3-41d5-ac31-f40581578f4b","eng","story_books","2019-07-17T21:30:00+05:30","","","","1.0","335426","","Threat (Academy of Unpredictable Magic Book 4)","Threat (Academy of Unpredictable Magic Book 4)","ca69a286-0d64-4bcb-8bfa-0ee386e70cd8"
"Harkness, Deborah","Deborah Harkness","[Time's Convert](https://www.goodreads.com/book/show/38453812-time-s-convert)
  

 **From the #1 *New York Times* bestselling author of *A Discovery of Witches* , a novel about what it takes to become a vampire.**  
  
Set in contemporary Paris and London, and the American colonies during the upheaval and unrest that exploded into the Revolutionary War, a sweeping story that braids together the past and present.   
  
On the battlefields of the American Revolution, Matthew de Clermont meets Marcus MacNeil, a young surgeon from Massachusetts, during a moment of political awakening when it seems that the world is on the brink of a brighter future. When Matthew offers him a chance at immortality and a new life, free from the restraints of his puritanical upbringing, Marcus seizes the opportunity to become a vampire. But his transformation is not an easy one and the ancient traditions and responsibilities of the de Clermont family clash with Marcus's deeply-held beliefs in liberty, equality, and brotherhood.  
  
Fast forward to contemporary London, where Marcus has fallen for Phoebe Taylor, a young employee at Sotheby's. She decides to become a vampire, too, and though the process at first seems uncomplicated, the couple discovers that the challenges facing a human who wishes to be a vampire are no less formidable in the modern world than they were in the 18th century. The shadows that Marcus believed he'd escaped centuries ago may return to haunt them both--forever.  
  
A passionate love story and a fascinating exploration of the power of tradition and the possibilities for change, *Time's Convert* will delight fans of the All Souls trilogy and all readers of magic, the supernatural, and romance.
","D:\story_books\Deborah Harkness\Time's Convert (160)\cover.jpg","2025-07-04T21:14:48+05:30","mobi","9780399564529","160","mobi-asin:0b91a01f-2e58-4e86-9dc3-7ab891765361,isbn:9780399564529","eng","story_books","2018-09-18T05:30:00+05:30","Penguin Publishing Group","","","1.0","2114330","Fiction, fantasy, Paranormal, Romance","Time's Convert","Time's Convert","05bc5478-6862-4feb-9494-3d6e7b5841ac"
"Moss, Sadie","Sadie Moss","","D:\story_books\Sadie Moss\Thief (Academy of Unpredictable Mag (161)\cover.jpg","2025-07-04T21:14:49+05:30","mobi","","161","mobi-asin:1015c4bf-742c-4a6c-8975-b7c0313afb97","eng","story_books","2019-06-26T21:30:00+05:30","","","","1.0","345809","","Thief (Academy of Unpredictable Magic Book 3)","Thief (Academy of Unpredictable Magic Book 3)","f55c3f9a-ed24-42de-b70a-b3f60b4342c4"
"Harrison, Kim","Kim Harrison","It’s Rachel Morgan’s ultimate adventure... and anything can happen in this final book in theNew York Times bestselling Hollows series.
Rachel Morgan has come a long way from her early days as an inexperienced bounty hunter. She’s faced vampires and werewolves, banshees, witches, and soul-eating demons. She’s crossed worlds, channeled gods, and accepted her place as a day-walking demon. She’s lost friends and lovers and family, and an old enemy has unexpectedly become something much more.
But power demands responsibility, and world-changers must always pay a price. Rachel has known that this day would come—and now it is here.
To save Ivy’s soul and the rest of the living vampires, to keep the demonic ever after and our own world from destruction, Rachel Morgan will risk everything...
### About the Author
#  *New York Times* bestselling author Kim Harrison was born and raised in Michigan, and has recently returned there to escape the South Carolina heat. Her bestselling Hollows novels include Dead Witch Walking; The Good, the Bad, and the Undead; Every Which Way But Dead; A Fistful of Charms; For a Few Demons More; The Outlaw Demon Wails; White Witch, Black Curse; Black Magic Sanction; Pale Demon; A Perfect Blood; and Ever After, plus the graphic novels Blood Work and Blood Crime. She also writes the bestselling Madison Avery series for young adults, including Once Dead, Twice Shy and Early to Death, Early to Rise
","D:\story_books\Kim Harrison\The Witch with No Name (162)\cover.jpg","2025-07-04T21:14:49+05:30","mobi","9780062356017","162","isbn:9780062356017,mobi-asin:0a9e135b-a06d-4063-bb51-f74f1274ca37","eng","story_books","2014-08-01T09:30:00+05:30","","","","1.0","926435","Supernaturals, UF","The Witch with No Name","Witch with No Name, The","f2e780ce-bc0c-4024-91c1-711b0cf98cff"
"LaVaun, Chandelle","Chandelle LaVaun","","D:\story_books\Chandelle LaVaun\The Wild Witch (The Coven_ Academy (163)\cover.jpg","2025-07-04T21:14:50+05:30","mobi","","163","mobi-asin:e17567d8-022b-4ca5-9598-dc2927e78b27","eng","story_books","2019-07-27T21:30:00+05:30","Wanderlost Publishing","","","1.0","841403","","The Wild Witch (The Coven: Academy Magic Book 3)","Wild Witch (The Coven: Academy Magic Book 3), The","6131850b-c359-4447-8eda-ebda3616dcd0"
"Holmes, D. J.","D. J. Holmes","It’s the year 2465, two hundred years since the stars were opened to humanity by the invention of the shift drive. So began the First Interstellar Expansion Era, catapulting humanity into a deadly race for the limited resources of navigable space. 
Now tensions between the human nations are threatening to boil over into open hostility. Into this maelstrom steps the exiled Commander James Somerville of the Royal Space Navy. Banished from London to the survey ship HMS Drake he is about to make a discovery that may change his fortunes and throw Britain into a deadly war with its closest rival. 
The Void War is a military science fiction novel and first book by new author D. J. Holmes 
**
","D:\story_books\D. J. Holmes\The Void War (Empire Rising Book 1) (164)\cover.jpg","2025-07-04T21:14:50+05:30","mobi","","164","mobi-asin:c2b0c212-b9d3-499b-b1ed-ec724f1bcbe4","eng","story_books","2015-08-18T12:30:00+05:30","","","","1.0","740568","Science Fiction & Fantasy, Science Fiction, Colonization, Exploration, Galactic Empire, military, Space Fleet, Space Marine, Space Opera, Space Exploration","The Void War (Empire Rising Book 1)","Void War (Empire Rising Book 1), The","a2c0fd86-0a46-49c7-bb1f-ca05da1882e9"
"James, Tate","Tate James","","D:\story_books\Tate James\The Vixen's Lead (Kit Davenport Boo (165)\cover.jpg","2025-07-04T21:14:50+05:30","mobi","","165","mobi-asin:f82d4c87-052a-4886-a8e5-59eead8359a0","eng","story_books","2017-09-18T21:30:00+05:30","","","","1.0","522544","","The Vixen's Lead (Kit Davenport Book 1)","Vixen's Lead (Kit Davenport Book 1), The","6e80429d-9d67-486c-8847-2b95fa1883eb"
"James, Tate","Tate James","","D:\story_books\Tate James\The Viper's Nest (Kit Davenport Boo (166)\cover.jpg","2025-07-04T21:14:51+05:30","mobi","","166","mobi-asin:93d6065d-556c-4ec7-a915-cd661bb05fbb","eng","story_books","2018-02-26T21:30:00+05:30","","","","1.0","484645","","The Viper's Nest (Kit Davenport Book 4)","Viper's Nest (Kit Davenport Book 4), The","a741cbb3-f6da-4c86-854b-648b5e063736"
"LaVaun, Chandelle","Chandelle LaVaun","","D:\story_books\Chandelle LaVaun\The Uptown Witch (The Coven_ School (167)\cover.jpg","2025-07-04T21:14:51+05:30","mobi","","167","mobi-asin:5aedcc73-419d-48b5-ac2a-6960949f88a7","eng","story_books","2020-01-19T21:30:00+05:30","Wanderlost Publishing","","","1.0","532588","","The Uptown Witch (The Coven: School of Magical Arts Novella Book 2)","Uptown Witch (The Coven: School of Magical Arts Novella Book 2), The","140ae831-1c38-4dbe-8e1f-a1da5d1fe8b8"
"Song, Avery","Avery Song","","D:\story_books\Avery Song\The Tracker Hive Academy_ Year One (168)\cover.jpg","2025-07-04T21:14:51+05:30","mobi","","168","mobi-asin:33ad4ca5-7f29-405e-9833-1d15502f5bd9","eng","story_books","2019-05-31T21:30:00+05:30","","","","1.0","802464","","The Tracker Hive Academy: Year One (Jade Storm Tracker Series Book 1)","Tracker Hive Academy: Year One (Jade Storm Tracker Series Book 1), The","3559abc5-630f-4854-9169-5b8c1a5e3dad"
"Riordan, Rick","Rick Riordan","It's the February after Gaea's defeat, and mysterious incidents are wreaking havoc throughout Camp Jupiter. If the Romans don't figure out who--or what--is behind the episodes soon, the Twelfth Legion could implode. 
Suspicion falls on Claudia, the Fourth Cohort's newest *probatio*. After all, the mischief started shortly after she stumbled into camp. Plus, she's a daughter of Mercury, the god of thieves and tricksters. To find out whether she's guilty or innocent, readers can delve into the pages of Claudia's personal journal. Through her eyewitness accounts, they will visit the crime scenes--a row of seats in the Coliseum, an underground aqueduct tunnel, the strange staircase at the back of the principia--and see the bizarre events unfold. They'll be right alongside Claudia when she discovers a secret so ancient that not even the lares know about it . . . a secret that holds the key to Camp Jupiter's safety.
","D:\story_books\Rick Riordan\The Trials of Apollo Camp Jupiter C (169)\cover.jpg","2025-07-04T21:14:52+05:30","mobi","9781368024051","169","isbn:9781368024051,mobi-asin:c478eea2-4f0e-4eff-bbbc-695f1eff4825","eng","story_books","2020-05-05T10:30:00+05:30","Disney-Hyperion","","","1.0","5918383","fantasy, Young Adult","The Trials of Apollo Camp Jupiter Classified: A Probatio's Journal","Trials of Apollo Camp Jupiter Classified: A Probatio's Journal, The","36ffc0bd-7e9c-44ba-bbc9-24da8995b04f"
"Song, Avery","Avery Song","","D:\story_books\Avery Song\The Tracker Hive Academy_ Semester (170)\cover.jpg","2025-07-04T21:14:52+05:30","mobi","","170","mobi-asin:730883c1-4e1d-4a45-a313-c43317d7230a","eng","story_books","2020-07-09T21:30:00+05:30","","","","1.0","915838","","The Tracker Hive Academy: Semester Four (Jade Storm Tracker Series Book 4)","Tracker Hive Academy: Semester Four (Jade Storm Tracker Series Book 4), The","d82ed473-510d-48c0-a1c1-7a55e533f9be"
"Song, Avery","Avery Song","","D:\story_books\Avery Song\The Tracker Hive Academy_ Semester (171)\cover.jpg","2025-07-04T21:14:52+05:30","mobi","","171","mobi-asin:47b7a629-9343-48d4-badc-df68f81bd85c","eng","story_books","2020-02-27T21:30:00+05:30","","","","1.0","1162540","","The Tracker Hive Academy: Semester Three (Jade Storm Tracker Series Book 3)","Tracker Hive Academy: Semester Three (Jade Storm Tracker Series Book 3), The","877a0f29-0b6e-4610-950c-4a9a04a1b0b4"
"Song, Avery","Avery Song","","D:\story_books\Avery Song\The Tracker Hive Academy_ Year Two (172)\cover.jpg","2025-07-04T21:14:53+05:30","mobi","","172","mobi-asin:915b5711-a08f-4e85-b4e8-fb38da4d98f7","eng","story_books","2019-08-03T00:00:00+05:30","","","","1.0","623001","","The Tracker Hive Academy: Year Two (Jade Storm Tracker Series Book 2)","Tracker Hive Academy: Year Two (Jade Storm Tracker Series Book 2), The","8b2c5d89-6eb3-4f86-96ed-f4bb54ef1201"
"Riordan, Rick","Rick Riordan","EDITORIAL REVIEW:
When the goddess Artemis goes missing, she is believed to have been kidnapped.And now it's up to Percy and his friends to find out what happened. Who is powerful enough to kidnap a goddess? They must find Artemis before the winter solstice, when her influence on the Olympian Council could swing an important vote on the war with the titans. Not only that, but first Percy will have to solve the mystery of a rare monster that Artemis was hunting when she disappeared -- a monster rumored to be so powerful it could destroy Olympus forever.
EDITORIAL REVIEW:
When the goddess Artemis goes missing, she is believed to have been kidnapped.And now it's up to Percy and his friends to find out what happened. Who is powerful enough to kidnap a goddess? They must find Artemis before the winter solstice, when her influence on the Olympian Council could swing an important vote on the war with the titans. Not only that, but first Percy will have to solve the mystery of a rare monster that Artemis was hunting when she disappeared -- a monster rumored to be so powerful it could destroy Olympus forever.
","D:\story_books\Rick Riordan\The Titan's Curse (173)\cover.jpg","2025-07-04T21:14:53+05:30","mobi","9781423101451","173","isbn:9781423101451,mobi-asin:02972edc-fb35-4e40-a5b4-4b88bac8bc9c","eng","story_books","2007-05-01T12:30:00+05:30","Miramax Books","","","1.0","621441","Fiction:Young Adult","The Titan's Curse","Titan's Curse, The","e59b1739-1bfd-4fd7-91ec-2b459a87e863"
"James, Tate","Tate James","","D:\story_books\Tate James\The Tiger's Ambush (Kit Davenport B (174)\cover.jpg","2025-07-04T21:14:54+05:30","mobi","","174","mobi-asin:e1598825-f4bb-4a27-ae8c-27f819517103","eng","story_books","2017-12-28T21:30:00+05:30","","","","1.0","503119","","The Tiger's Ambush (Kit Davenport Book 3)","Tiger's Ambush (Kit Davenport Book 3), The","bc20425e-b89a-4b2d-8d18-f5db39198a20"
"Riordan, Rick","Rick Riordan","","D:\story_books\Rick Riordan\The Staff of Serapis (175)\cover.jpg","2025-07-04T21:14:55+05:30","mobi","9780141355436","175","mobi-asin:76127972-a2d3-4b97-8165-098ff6678cb5,isbn:9780141355436","eng","story_books","2014-04-08T08:30:00+05:30","Penguin Books Ltd","","","1.0","605125","","The Staff of Serapis","Staff of Serapis, The","13ee2e72-8c00-45a7-add5-98b63caf8edf"
"Riordan, Rick","Rick Riordan","","D:\story_books\Rick Riordan\The Son of Sobek (176)\cover.jpg","2025-07-04T21:14:55+05:30","mobi","","176","mobi-asin:39d50247-3ad1-4472-ab52-59645d326392","eng","story_books","2013-05-06T00:00:00+05:30","ePub Bud (www.epubbud.com)","","","1.0","465003","","The Son of Sobek","Son of Sobek, The","fb4ad92a-8e95-4640-bae8-bcd8e98002c0"
"Riordan, Rick","Rick Riordan","*Seven half-bloods shall answer the call,  
To storm or fire the world must fall.   
An oath to keep with a final breath,   
And foes bear arms to the Doors of Death.*
 **Percy is confused.** When he awoke from his long sleep, he didn't know much more than his name. His brain fuzz is lingering, even after the wolf Lupa told him he is a demigod and trained him to fight with the pen/sword in his pocket. Somehow Percy manages to make it to a camp for half-bloods, despite the fact that he has to keep killing monsters along the way. But the camp doesn't ring any bells with him. The only thing he can recall from his past is another name: Annabeth
 **Hazel is supposed to be dead.** When she lived before, she didn't do a very good job of it. Sure, she was an obedient daughter, even when her mother was possessed by greed. But that was the problem — when the Voice took over her mother and commanded Hazel to use her ""gift"" for an evil purpose, Hazel couldn't say no. Now because of her mistake, the future of the world is at risk. Hazel wished she could ride away from it all on the stallion that appears in her dreams.
 **Frank is a klutz.** His grandmother says he is descended from heroes and can be anything he wants to be, but he doesn't see it. He doesn't even know who his father is. He keeps hoping Apollo will claim him, because the only thing he is good at is archery — although not good enough to win camp war games. His bulky physique makes him feel like an ox, especially infront of Hazel, his closest friend at camp. He trusts her completely — enough to share the secret he holds close to his heart.
Beginning at the ""other"" camp for half-bloods and extending as far as the land beyond the gods, this breathtaking second installment of the Heroes of Olympus series introduces new demigods, revives fearsome monsters, and features other remarkable creatures, all destined to play a part in the Prophesy of Seven.
**
### Amazon.com Review
**Amazon Best Books of the Month, October 2011:** From the Roman demigod camp to the prison of Death himself, *The Son of Neptune* reunites readers with old friends and introduces them to a whole new cast of characters. The Roman camp is a far cry from Camp Half-Blood, but it’s every bit as fascinating to explore. Our heroes battle up and down the West Coast with impossibly few days before disaster is unleashed, fighting new foes and finding new friends along the way. Some of the mysteries from *The Lost Hero* are solved, while others loom even larger. Rick Riordan is a master at balancing just the right amount of seriousness and levity in every situation, and his three teen narrators point out the strangeness of the iterations of ancient myths in the modern world with spot-on accuracy. With page-turning adventure, witty dialogue, and fun, fascinating characters, this second installment of the Heroes of Olympus series is a must-read for any fan of myths and fables. *\--Malissa Kent*
### Review
Witty and inspired. Gripping, touching and deliciously satirical Times A fantastic blend of myth and modern Eoin Colfer, author of Artemis Fowl Sure to become a classic Sunday Express Vastly entertaining Independent Riordan delivers puns, jokes and subtle wit, alongside a gripping storyline Sunday Telegraph 
","D:\story_books\Rick Riordan\The Son of Neptune (177)\cover.jpg","2025-07-04T21:14:56+05:30","mobi","","177","mobi-asin:17fd6ff1-fd46-4357-a862-269f68546852","eng","story_books","2011-10-04T10:30:00+05:30","Disney Hyperion","","","1.0","2000489","Children's Books, Action & Adventure, Fairy Tales, Folk Tales & Myths, Greek & Roman, Other, Science Fiction & Fantasy, Fantasy & Magic, Children's eBooks, Science Fiction, Fantasy & Scary Stories, Fiction - Young Adult","The Son of Neptune","Son of Neptune, The","934de987-c593-48c3-a0eb-8be4af8cd781"
"Riordan, Rick","Rick Riordan","Magnus Chase, a once-homeless teen, is a resident of the Hotel Valhalla and one of Odin's chosen warriors. As the son of Frey, the god of summer, fertility, and health, Magnus isn't naturally inclined to fighting. But he has strong and steadfast friends, including Hearthstone the elf, Blitzen the dwarf, and Samirah the Valkyrie, and together they have achieved brave deeds, such as defeating Fenris Wolf and battling giants for Thor's hammer, Mjolnir. Now Magnus faces his most dangerous trial yet. 
Loki is free from his chains. He's readying *Naglfar* , the Ship of the Dead, complete with a host of giants and zombies, to sail against the Asgardian gods and begin the final battle of Ragnarok. It's up to Magnus and his friends to stop him, but to do so they will have to sail across the oceans of Midgard, Jotunheim, and Niflheim in a desperate race to reach *Naglfar* before it's ready to sail. Along the way, they will face angry sea gods, hostile giants, and an evil fire-breathing dragon. But Magnus's biggest challenge will be facing his own inner demons. Does he have what it takes to outwit the wily trickster god?
**
","D:\story_books\Rick Riordan\The Ship of the Dead (178)\cover.jpg","2025-07-04T21:14:56+05:30","mobi","9781524735791","178","mobi-asin:e8b5abe3-115e-4de9-a037-80ffaf9eb7c1,isbn:9781524735791","eng","story_books","2017-10-03T10:30:00+05:30","Disney Hyperion","","","1.0","1467056","","The Ship of the Dead","Ship of the Dead, The","1e847f49-c3b1-44bb-a857-504cfb27f24c"
"LaVaun, Chandelle","Chandelle LaVaun","","D:\story_books\Chandelle LaVaun\The Secret Witch (The Coven_ Academ (179)\cover.jpg","2025-07-04T21:14:57+05:30","mobi","","179","mobi-asin:1fefd160-c426-4698-9278-2c1d9da783f4","eng","story_books","2019-11-20T21:30:00+05:30","Wanderlost Publishing","","","1.0","854532","","The Secret Witch (The Coven: Academy Magic Book 5)","Secret Witch (The Coven: Academy Magic Book 5), The","18f2b5df-b9b1-4373-a406-514424da5f40"
"Riordan, Rick","Rick Riordan","","D:\story_books\Rick Riordan\The Serpent's Shadow (The Kane Chro (180)\cover.jpg","2025-07-04T21:14:58+05:30","mobi","","180","mobi-asin:7055112b-50f9-4f9b-aa08-11765d440b36","eng","story_books","2012-05-01T03:30:00+05:30","Disney","","","1.0","733461","Fiction - Young Adult","The Serpent's Shadow (The Kane Chronicles, Book Three)","Serpent's Shadow (The Kane Chronicles, Book Three), The","e775db69-dad7-4d2f-b20e-0d30d37c923a"
"Riordan, Rick","Rick Riordan","SUMMARY:  
You can't tell by looking at me that my dad is Poseidon, God of the Sea. It's not easy being a half-blood these days. You mortals can't even see the monsters we have to fight all the time. So when a game of dodgeball turned into a death match against an ugly gang of cannibal giants, I couldn't exactly ask my gym teacher for help. And that was just for starters. This is the one where Camp Half Blood is undernbsp;attack, and unless I get my hands on the Golden Fleece, the whole camp will be invaded by monsters. Big ones. Can Percy survive the treacherous Sea of Monstersnbsp;and restore order to Half-Blood Hill?
","D:\story_books\Rick Riordan\The Sea of Monsters (181)\cover.jpg","2025-07-04T21:14:58+05:30","mobi","9780141319148","181","mobi-asin:00ef8aa1-9bb0-4c09-8b11-cffa09b0db15,isbn:9780141319148","eng","story_books","2007-04-30T09:30:00+05:30","Penguin Books Ltd (UK)","","","1.0","578619","Fiction:Young Adult","The Sea of Monsters","Sea of Monsters, The","ffb551e3-b984-4db3-8067-771c6a4e84a2"
"LaVaun, Chandelle","Chandelle LaVaun","","D:\story_books\Chandelle LaVaun\The Rotten Witch (The Coven_ Fae Ma (182)\cover.jpg","2025-07-04T21:14:59+05:30","mobi","","182","mobi-asin:d80809dc-1f66-424e-9d8d-77c73e62cdf9","eng","story_books","2021-07-27T21:30:00+05:30","Wanderlost Publishing","","","1.0","1498375","","The Rotten Witch (The Coven: Fae Magic Book 3)","Rotten Witch (The Coven: Fae Magic Book 3), The","9e7044ef-11ec-4ee2-abf4-a92d9f19e8f7"
"LaVaun, Chandelle","Chandelle LaVaun","","D:\story_books\Chandelle LaVaun\The Rose Witch (The Coven_ Old Magi (183)\cover.jpg","2025-07-04T21:15:00+05:30","mobi","","183","mobi-asin:9483cb1b-8087-458c-9ad4-3462226527de","eng","story_books","2020-11-09T11:30:00+05:30","Wanderlost Publishing","","","1.0","1113380","","The Rose Witch (The Coven: Old Magic Stand-Alone Novel Book 1)","Rose Witch (The Coven: Old Magic Stand-Alone Novel Book 1), The","8e7cafef-3b5a-4268-b8ff-4f3f553626e0"
"LaVaun, Chandelle","Chandelle LaVaun","","D:\story_books\Chandelle LaVaun\The Rogue Witch (The Coven_ Fae Mag (184)\cover.jpg","2025-07-04T21:15:01+05:30","mobi","","184","mobi-asin:5dc187b7-f606-42af-aadb-0310b0e708b7","eng","story_books","2020-12-15T00:00:00+05:30","Wanderlost Publishing","","","1.0","1685344","","The Rogue Witch (The Coven: Fae Magic Book 2)","Rogue Witch (The Coven: Fae Magic Book 2), The","a1778658-ae82-4f56-a27c-eb545d439f54"
"Riordan, Rick","Rick Riordan","SUMMARY: Since their mother's death, Carter and Sadie have become near strangers. While Sadie has lived with her grandparents in London, her brother has traveled the world with their father, the brilliant Egyptologist Dr. Julius Kane. One night, Dr. Kane brings the siblings together for a ""research experiment"" at the British Museum, where he hopes to set things right for his family. Instead, he unleashes the Egyptian god Set, who banishes him to oblivion and forces the children to flee for their lives. Soon, Sadie and Carter discover that the gods of Egypt are waking, and the worst of them--Set--has his sights on the Kanes. To stop him, the siblings embark on a dangerous journey across the globe--a quest which brings them ever closer to the truth about their family, and their links to a secret order that has existed since the time of the pharaohs.","D:\story_books\Rick Riordan\The Red Pyramid (185)\cover.jpg","2025-07-04T21:15:01+05:30","mobi","9781423113386","185","mobi-asin:d74e77e0-55ce-41f6-9851-05387e4c50b4,isbn:9781423113386","eng","story_books","2010-05-04T09:30:00+05:30","Hyperion Book CH","","","1.0","737436","Action & Adventure - General, Family secrets, Brothers and sisters, Action & Adventure, Adventure and adventurers, Egypt, Juvenile Fiction, Family - Siblings, Science Fiction, fantasy, Magic, Children's Books, Children: Grades 4-6, Fiction, Voyages and travels, All Ages, Family, Fantasy & Magic, General, Siblings, Mythology, Egyptian, Seth (Egyptian deity), Secret societies","The Red Pyramid","Red Pyramid, The","e0d5ecb3-b5df-4278-ac54-b17e82a10531"
"LaVaun, Chandelle","Chandelle LaVaun","","D:\story_books\Chandelle LaVaun\The Rebel Witch (186)\cover.jpg","2025-07-04T21:15:02+05:30","mobi","","186","mobi-asin:5f2b9942-fbf1-4cab-adcd-01034a71d8d1","eng","story_books","2018-05-28T21:30:00+05:30","Wanderlost Publishing","","","1.0","528065","","The Rebel Witch","Rebel Witch, The","d3a079df-1076-4932-8c2a-97156dac33e6"
"Harrison, Kim","Kim Harrison","","D:\story_books\Kim Harrison\The Outlaw Demon Wails (187)\cover.jpg","2025-07-04T21:15:02+05:30","mobi","","187","mobi-asin:f5e17180-3667-45e8-82fc-eab8d09c373c","eng","story_books","2010-10-30T04:59:58+05:30","","","","1.0","803876","","The Outlaw Demon Wails","Outlaw Demon Wails, The","4eb291fc-4a04-4567-a61b-062d158f03f1"
"Asher, Ivy","Ivy Asher","","D:\story_books\Ivy Asher\The Marked and the Broken (The Lost (188)\cover.jpg","2025-07-04T21:15:03+05:30","mobi","","188","mobi-asin:7360cc03-c4ff-4a86-87e6-c81a692ad185","eng","story_books","2019-06-28T21:30:00+05:30","","","","1.0","441332","","The Marked and the Broken (The Lost Sentinel Book 3)","Marked and the Broken (The Lost Sentinel Book 3), The","ca6e8560-ac73-4e56-9381-ffe9a56a3f34"
"Riordan, Rick","Rick Riordan","In The Son of Neptune, Percy, Hazel, and Frank met in Camp Jupiter, the Roman equivalent of Camp Halfblood, and traveled to the land beyond the gods to complete a dangerous quest. The third book in the Heroes of Olympus series will unite them with Jason, Piper, and Leo. But they number only six--who will complete the Prophecy of Seven? The Greek and Roman demigods will have to cooperate in order to defeat the giants released by the Earth Mother, Gaea. Then they will have to sail together to the ancient land to find the Doors of Death. What exactly are the Doors of Death? Much of the prophecy remains a mystery. . . . With old friends and new friends joining forces, a marvelous ship, fearsome foes, and an exotic setting, The Mark of Athena promises to be another unforgettable adventure by master storyteller Rick Riordan.","D:\story_books\Rick Riordan\The Mark of Athena (The Heroes of O (189)\cover.jpg","2025-07-04T21:15:04+05:30","mobi","","189","mobi-asin:d5dd640b-1f4a-4f53-8f59-2dafb0b3d7d1","eng","story_books","2012-10-02T03:30:00+05:30","Disney","","","1.0","1223375","Fiction - Young Adult","The Mark of Athena (The Heroes of Olympus, Book Three)","Mark of Athena (The Heroes of Olympus, Book Three), The","01dce8d5-786f-4a8b-9316-43b6f18c3d63"
"Asher, Ivy","Ivy Asher","","D:\story_books\Ivy Asher\The Lost and the Chosen (190)\cover.jpg","2025-07-04T21:15:04+05:30","mobi","","190","mobi-asin:f3136f74-6179-487a-89c1-820ae8ec39ff","eng","story_books","2018-11-16T21:30:00+05:30","","","","1.0","461282","","The Lost and the Chosen","Lost and the Chosen, The","efee67cc-4e31-4fb1-82c6-ec785b791138"
"LaVaun, Chandelle","Chandelle LaVaun","","D:\story_books\Chandelle LaVaun\The Lost Witch (191)\cover.jpg","2025-07-04T21:15:04+05:30","mobi","","191","mobi-asin:28efe7e4-6e7a-4818-a2f9-881d31d9fb57","eng","story_books","2018-02-20T03:30:00+05:30","Wanderlost Publishing","","","1.0","457147","","The Lost Witch","Lost Witch, The","8a7caa68-d73e-4319-a3b8-84d8a390461f"
"Riordan, Rick","Rick Riordan","SUMMARY:  
The gods of Olympus are alive in the 21st Century. They still fall in love with mortals and have children who might become great heroes, but most of these children meet horrible fates at the hands of monsters by the age of twelve. Only a few learn the truth of their identity and make it to Half Blood Hill, a Long Island summer camp dedicated to training young demigods. Such is the revelation that launches young Percy Jackson on a quest to help his real father, Poseidon, avert a war among the gods. With the help of Grover the satyr and Annabeth the daughter of Athena, Percy must journey across the United States to catch a thief who has stolen the original weapon of mass destruction - Zeus master bolt. Along the way, they face a host of mythological enemies determined to stop them. Most of all, Percy must come to terms with a father he has never known, and an Oracle that has warned him of betrayal by a friend.
","D:\story_books\Rick Riordan\The Lightning Thief (192)\cover.jpg","2025-07-04T21:15:05+05:30","mobi","9780141381480","192","mobi-asin:3da5725c-a254-472d-b4a0-ee8170d3e316,isbn:9780141381480","eng","story_books","2005-09-01T09:30:00+05:30","Penguin Books Ltd (UK)","","","1.0","666251","Fiction:Young Adult","The Lightning Thief","Lightning Thief, The","19ff5a04-2398-40bf-8e7e-0ca1ae975402"
"Riordan, Rick","Rick Riordan","**Jason has a problem.** He doesn't remember anything before waking up on a school bus holding hands with a girl. Apparently she's his girlfriend Piper, his best friend is a kid named Leo, and they're all students in the Wilderness School, a boarding school for ""bad kids."" What he did to end up here, Jason has no idea-except that everything seems very wrong.
 **Piper has a secret.** Her father has been missing for three days, and her vivid nightmares reveal that he's in terrible danger. Now her boyfriend doesn't recognize her, and when a freak storm and strange creatures attack during a school field trip, she, Jason, and Leo are whisked away to someplace called Camp Half-Blood. What is going on?
 **Leo has a way with tools.** His new cabin at Camp Half-Blood is filled with them. Seriously, the place beats Wilderness School hands down, with its weapons training, monsters, and fine-looking girls. What's troubling is the curse everyone keeps talking about, and that a camper's gone missing. Weirdest of all, his bunkmates insist they are all-including Leo-related to a *god*.
Rick Riordan, the best-selling author of the Percy Jackson series, pumps up the action and suspense in *The Lost Hero* , the first book in The Heroes of Olympus series. Fans of demi-gods, prophesies, and quests will be left breathless and panting for Book Two.
**
### From School Library Journal
Gr 5-9-This book will delight fans of The Lightning Thief (Hyperion, 2005) as Percy, Annabeth, and others play roles in the new prophecy and its subsequent quest. A few months after The Last Olympian (Hyperion, 2009) ends, Jason wakes up on a bus filled with problem kids from the Wilderness School who are headed to the Grand Canyon. He has no memory of his previous life, but seems to be with his girlfriend, Piper, and his best friend, Leo. The action takes off quickly: storm spirits attack them and capture their coach, who turns out to be a Satyr. Searching for Percy, who is missing, Annabeth arrives and takes the three to Camp Half-Blood, where they learn that they are demigods. Their parents are gods in their Roman rather than Greek personae. By sunset of the solstice in three days, the teens must rescue Hera, Queen of the gods, or Porphyrion, the giant king created to destroy Zeus and unseat the gods of Olympus, will rise. Their quest takes them across the United States, sometimes flying on a mechanical, 60-foot dragon, as they use their power and wits against Medea, King Midas, and the giant cannibal Enceladus. Riordan excels at clever plot devices and at creating an urgent sense of cliff-hanging danger. His interjection of humor by incongruous juxtaposition-Medea, for example, heads up a New York City department store-provides some welcome relief. The young heroes deal with issues familiar to teens today: Who am I? Can I live up to the expectations of others? Having read the first series is helpful but not essential, and the complex plot is made for sequels.-Connie Tyrrell Burns, Mahoney Middle School, South Portland, ME (c) Copyright 2010. Library Journals LLC, a wholly owned subsidiary of Media Source, Inc. No redistribution permitted. 
### From Booklist
Readers longing for a return to Camp Half-Blood will get their wish in the first novel of the Heroes of Olympus series, which follows Riordan’s popular Percy Jackson and the Olympians series and includes some of the same characters in minor roles. The new cast features Jason, Piper, and Leo, teen demigods who are just coming to understand and use their unique abilities as they learn how much depends upon their wits, courage, and fast-developing friendship. Setting up the books to come, the backstory of a master plan to unseat the gods is complex but is doled out in manageable bits with a general air of foreboding. Meanwhile, the action scenes come frequently as the three heroic teens fight monstrous enemies in North American locales, including the Grand Canyon, Quebec City, Detroit, Chicago, Omaha, Pikes Peak, and Sonoma Valley. Flashes of humor lighten the mood at times, but a tone of urgency and imminent danger seems as integral to this series as the last. With appealing new characters within a familiar framework, this spin-off will satisfy the demand for more. Grades 4-8. --Carolyn Phelan 
","D:\story_books\Rick Riordan\The Lost Hero (193)\cover.jpg","2025-07-04T21:15:06+05:30","mobi","","193","mobi-asin:50bd78b9-283f-4467-aaf0-e4229c65c2a3","eng","story_books","2011-01-05T11:30:00+05:30","Disney Hyperion","","","1.0","2110795","Children's Books, Action & Adventure, Fairy Tales, Folk Tales & Myths, Greek & Roman, Science Fiction & Fantasy, Fantasy & Magic, Children's eBooks, Literature & Fiction, Science Fiction, Fantasy & Scary Stories, Fiction - Young Adult","The Lost Hero","Lost Hero, The","395250e1-d24c-487c-969c-78ac2a90908a"
"Riordan, Rick","Rick Riordan","SUMMARY:  
The film version of Percy Jackson and the Battle of the Labyrinth will be in Australian cinemas February 2010 The greatest monster of all, the storm giant Typhon, is on the loose, wreaking havoc and destruction across the U.S. - while Kronos's army lays siege to Manhattan. Soon Percy Jackson must make the hardest choice of his life - a choice that will save or destroy the world. 'RIORDAN TAKES THE READER BACK TO THE STORIES WE LOVE, THEN SHAKES THE COBWEBS OUT OF THEM' - EOIN COLFER, AUTHOR OF ARTEMIS FOWL
SUMMARY:  
All year the half-bloods have been preparing for battle against the Titans, knowing the odds of victory are grim. Kronos's army is stronger than ever, and with every god and half-blood he recruits, the evil Titan's power only grows. While the Olympians struggle to contain the rampaging monster Typhon, Kronos begins his advance on New York City, where Mount Olympus stands virtually unguarded. Now it's up to Percy Jackson and an army of young demigods to stop the Lord of Time. In this momentous final book in the New York Times best-selling Percy Jackson and the Olympians series, the long-awaited prophecy surrounding Percy's sixteenth birthday unfolds. And as the battle for Western civilization rages on the streets of Manhattan, Percy faces a terrifying suspicion that he may be fighting against his own fate.
","D:\story_books\Rick Riordan\The Last Olympian (194)\cover.jpg","2025-07-04T21:15:07+05:30","mobi","9780141382944","194","isbn:9780141382944,mobi-asin:ea8f485e-ab9d-4eb2-a253-d4c9242f5a51","eng","story_books","2012-08-24T03:21:05+05:30","Penguin Books, Limited","","","1.0","688387","Fiction:Young Adult","The Last Olympian","Last Olympian, The","0ed6c702-6057-4499-b999-f8919517f091"
"Riordan, Rick","Rick Riordan","","D:\story_books\Rick Riordan\The House of Hades (Heroes of Olymp (195)\cover.jpg","2025-07-04T21:15:09+05:30","mobi","9780141339214","195","isbn:9780141339214,mobi-asin:8365ad71-4cfe-4ddb-a873-9cef93fe2795","eng","story_books","2013-10-08T09:30:00+05:30","Penguin Books Ltd","","","1.0","1008560","","The House of Hades (Heroes of Olympus Book 4)","House of Hades (Heroes of Olympus Book 4), The","602c1f5b-d579-49b6-b8f5-f4d10e8a93ce"
"LaVaun, Chandelle","Chandelle LaVaun","","D:\story_books\Chandelle LaVaun\The Hidden Witch (196)\cover.jpg","2025-07-04T21:15:11+05:30","mobi","","196","mobi-asin:cf0aac4a-9645-46dc-9191-1bd46770bd60","eng","story_books","2019-02-26T04:30:00+05:30","Wanderlost Publishing","","","1.0","967371","","The Hidden Witch","Hidden Witch, The","f68a44ad-0322-414f-98df-98bb03f0333e"
"Riordan, Rick","Rick Riordan","What dangers do runaway demigods Luke and Thalia face on their way to Camp Half-Blood? Are Percy and Annabeth up to the task of rescuing stolen goods from a fire-breathing giant who doesn't take kindly to intruders? How exactly are Leo, Piper, and Jason supposed to find a runaway table, dodge a band of party-loving Maenads *(* who just might be a little psychotic), and stave off a massive explosion...all in one hour or less? 
With his trademark wit and creativity, Rick Riordan answers these questions and more in three never-before-seen short stories that provide vital back-story to the Heroes of Olympus and Percy Jackson books. Original art, enlightening character interviews and illustrated profiles, puzzles, and a quiz add to the fun in this action-packed collection that is sure to delight legions of loyal fans.
### About the Author
 **Rick Riordan** is the author of the internationally best-selling Percy Jackson and the Olympians, The Kane Chronicles, and The Heroes of Olympus series. He lives in San Antonio, Texas, with his wife and two sons. Visit Rick online at www.rickriordan.com. Look for the entire Percy Jackson and the Olympians series and The Heroes of Olympus series on audio from Listening Library. 
","D:\story_books\Rick Riordan\The Heroes of Olympus_ The Demigod (197)\cover.jpg","2025-07-04T21:15:11+05:30","mobi","9781423178064","197","mobi-asin:c7bc273b-ea1b-4380-8723-5cee5a1df1b8,isbn:9781423178064","eng","story_books","2012-08-14T12:30:00+05:30","Hyperion Book CH","","","1.0","1043985","Fiction - Upper Middle Grade, Social Science, Folklore & Mythology","The Heroes of Olympus: The Demigod Diaries","Heroes of Olympus: The Demigod Diaries, The","a8367d1f-0dfb-4331-ba9e-1cb6f6b6eaaa"
"Riordan, Rick","Rick Riordan","Thor's hammer is missing *again*. The thunder god has a disturbing habit of misplacing his weapon--the mightiest force in the Nine Worlds. But this time the hammer isn't just lost, it has fallen into enemy hands. If Magnus Chase and his friends can't retrieve the hammer quickly, the mortal worlds will be defenseless against an onslaught of giants. Ragnarok will begin. The Nine Worlds will burn. Unfortunately, the only person who can broker a deal for the hammer's return is the gods' worst enemy, Loki--and the price he wants is *very* high. 
**
","D:\story_books\Rick Riordan\The Hammer of Thor (198)\cover.jpg","2025-07-04T21:15:12+05:30","mobi","9781423160922","198","isbn:9781423160922,mobi-asin:00fe6cc2-8b13-4a49-95d2-b519dc872d44","eng","story_books","2016-10-04T10:30:00+05:30","Disney-Hyperion","","","1.0","2813104","","The Hammer of Thor","Hammer of Thor, The","ea8b409a-548d-4b30-b07e-9d288e1782b4"
"Harrison, Kim","Kim Harrison","","D:\story_books\Kim Harrison\The Good, The Bad, and the Undead (199)\cover.jpg","2025-07-04T21:15:12+05:30","mobi","","199","mobi-asin:e4ada623-7d4e-46bb-85ce-ce6836c796be","eng","story_books","2010-10-30T04:57:28+05:30","","","","1.0","593429","","The Good, The Bad, and the Undead","Good, The Bad, and the Undead, The","1edc7c50-be03-435d-be0f-e0f74edba5b4"
"LaVaun, Chandelle","Chandelle LaVaun","","D:\story_books\Chandelle LaVaun\The Frozen Witch (The Coven_ Academ (200)\cover.jpg","2025-07-04T21:15:13+05:30","mobi","","200","mobi-asin:b3c7af73-5a05-473f-9d8a-35c336b152a3","eng","story_books","2019-09-09T21:30:00+05:30","Wanderlost Publishing","","","1.0","817950","","The Frozen Witch (The Coven: Academy Magic Book 4)","Frozen Witch (The Coven: Academy Magic Book 4), The","c4908894-895a-4d96-b420-e160e7182b6d"
"LaVaun, Chandelle","Chandelle LaVaun","","D:\story_books\Chandelle LaVaun\The Fallen Witch (201)\cover.jpg","2025-07-04T21:15:14+05:30","mobi","","201","mobi-asin:c1748236-7b35-4b43-9830-3d26281d9253","eng","story_books","2019-05-19T03:30:00+05:30","Wanderlost Publishing","","","1.0","1071099","","The Fallen Witch","Fallen Witch, The","ce75b4eb-14b3-4cf7-9562-2a02114cf6e1"
"LaVaun, Chandelle","Chandelle LaVaun","","D:\story_books\Chandelle LaVaun\The Fire Witch (202)\cover.jpg","2025-07-04T21:15:14+05:30","mobi","","202","mobi-asin:3fcf40a8-ca5f-496d-98c6-4a49be232009","eng","story_books","2018-12-31T04:30:00+05:30","Wanderlost Publishing","","","1.0","704151","","The Fire Witch","Fire Witch, The","1e77b977-508a-4a85-ac61-f0e5cd1cb39c"
"LaVaun, Chandelle","Chandelle LaVaun","","D:\story_books\Chandelle LaVaun\The Eternal Witch (203)\cover.jpg","2025-07-04T21:15:15+05:30","mobi","","203","mobi-asin:ab3a54ee-748a-4385-a48c-3a88cb4defa2","eng","story_books","2018-08-27T21:30:00+05:30","Wanderlost Publishing","","","1.0","508463","","The Eternal Witch","Eternal Witch, The","83502609-a5aa-4d2b-b88f-1ead0f6e3b93"
"LaVaun, Chandelle","Chandelle LaVaun","","D:\story_books\Chandelle LaVaun\The Empire Witch (The Coven_ School (204)\cover.jpg","2025-07-04T21:15:15+05:30","mobi","","204","mobi-asin:79940e91-7f1a-4672-85d4-945de08c4085","eng","story_books","2020-02-19T21:30:00+05:30","Wanderlost Publishing","","","1.0","623462","","The Empire Witch (The Coven: School of Magical Arts Novella Book 3)","Empire Witch (The Coven: School of Magical Arts Novella Book 3), The","3582a1cf-1671-46ce-87e7-d38c8f7f0431"
"James, Tate","Tate James","","D:\story_books\Tate James\The Dragon's Wing (Kit Davenport Bo (205)\cover.jpg","2025-07-04T21:15:16+05:30","mobi","","205","mobi-asin:11ccb234-db04-43e2-8cec-863bacdbfd09","eng","story_books","2017-10-31T21:30:00+05:30","","","","1.0","486616","","The Dragon's Wing (Kit Davenport Book 2)","Dragon's Wing (Kit Davenport Book 2), The","ef1cb0d8-0fd5-4fbd-9b6d-88df6e23e19f"
"Riordan, Rick","Rick Riordan","The perfect companion to this megaselling series - essential reading for all young demigods! In these top-secret files, Rick Riordan, Camp Half-Blood's senior scribe, gives you an inside look at the world of demigods that NO regular human child is allowed to see. These highly classified archives include three of Percy Jackson's most perilous adventures, a Spotter's Guide to Monsters, a Who's Who in Greek mythology, Percy's Summer Camp report and much more. So, if you're armed with this book, you'll have everything you need to know to keep you alive in your training. Your own adventures have just begun . . .
","D:\story_books\Rick Riordan\The Demigod Files (206)\cover.jpg","2025-07-04T21:15:17+05:30","mobi","9780141939247","206","mobi-asin:e3fde134-ce7a-4a48-9434-b2e306e1d17d,isbn:9780141939247","eng","story_books","2009-01-02T05:30:00+05:30","Penguin Books Limited","","","1.0","4888719","","The Demigod Files","Demigod Files, The","e0d3edd3-3c9b-4fc9-9ae5-1baa898633bd"
"LaVaun, Chandelle","Chandelle LaVaun","","D:\story_books\Chandelle LaVaun\The Cursed Witch (207)\cover.jpg","2025-07-04T21:15:17+05:30","mobi","","207","mobi-asin:17e57015-5497-4b20-b963-b2ff18b6c0ed","eng","story_books","2020-06-29T21:30:00+05:30","Wanderlost Publishing","","","1.0","1071056","","The Cursed Witch","Cursed Witch, The","49a199c5-4cc1-4fe2-96c5-b54705ed886c"
"Riordan, Rick","Rick Riordan","In their first encounter, demigod Percy Jackson and magician Carter Kane had to battle a giant crocodile on Long Island. A month later, Annabeth Chase ran into Carter's sister, Sadie, on the A train to Rockaway, where the pair fought a god named Serapis. Now trouble is brewing again, this time on Governor's Island.
An ancient Egyptian magician named Setne has come back from the dead and is experimenting with Egyptian and Greek magic, trying to become a god himself. He's so powerful and tricky that all four—Percy, Annabeth, Carter, and Sadie—have to team up against him. But their usual weapons and spells aren't going to cut it this time. Will the heroes be taken down by a wannabe god who looks like Elvis, or will they rise to the challenge? Told from Percy's point of view, this third demigod-magician crossover story has all of the spunk and action that Rick Riordan fans crave.
","D:\story_books\Rick Riordan\The Crown of Ptolemy (208)\cover.jpg","2025-07-04T21:15:18+05:30","mobi","9781484709870","208","mobi-asin:883ffd91-4250-497e-9dee-38fefba78b5a,isbn:9781484709870","eng","story_books","2015-03-31T00:00:00+05:30","Disney-Hyperion","","","1.0","618341","fantasy, Young Adult, Adventure","The Crown of Ptolemy","Crown of Ptolemy, The","2c7337f6-a458-4171-935c-28a0b5882615"
"James, Tate","Tate James","","D:\story_books\Tate James\The Crow's Murder (209)\cover.jpg","2025-07-04T21:15:19+05:30","mobi","","209","mobi-asin:4b68591f-04f4-4d47-a75d-76e8ba69c56d","eng","story_books","2018-05-22T21:30:00+05:30","Foxy Publishing","","","1.0","429626","","The Crow's Murder","Crow's Murder, The","ce429303-2e68-4525-8129-3f9bf3f6ddc3"
"LaVaun, Chandelle","Chandelle LaVaun","","D:\story_books\Chandelle LaVaun\The City Witch (The Coven_ School o (210)\cover.jpg","2025-07-04T21:15:19+05:30","mobi","","210","mobi-asin:825e8df8-efa9-4504-8a56-f280710c72d8","eng","story_books","2019-06-18T21:30:00+05:30","Wanderlost Publishing","","","1.0","559853","","The City Witch (The Coven: School of Magical Arts Novella Book 1)","City Witch (The Coven: School of Magical Arts Novella Book 1), The","f16b6819-35ad-4908-9061-20e5eb510930"
"LaVaun, Chandelle","Chandelle LaVaun","","D:\story_books\Chandelle LaVaun\The Broken Witch (211)\cover.jpg","2025-07-04T21:15:20+05:30","mobi","","211","mobi-asin:da2f7b82-d1de-4f8e-9272-abaae0c4a8f1","eng","story_books","2018-07-04T11:30:00+05:30","Wanderlost Publishing","","","1.0","508161","","The Broken Witch","Broken Witch, The","e13a355c-0393-41c1-a700-1b20349eeaa0"
"Riordan, Rick","Rick Riordan","Though the Greek and Roman crewmembers of the *Argo II* have made progress in their many quests, they still seem no closer to defeating the earth mother, Gaea. Her giants have risen-all of them-and they're stronger than ever. They must be stopped before the Feast of Spes, when Gaea plans to have two demigods sacrificed in Athens. She needs their blood-the blood of Olympus-in order to wake.
The demigods are having more frequent visions of a terrible battle at Camp Half-Blood. The Roman legion from Camp Jupiter, led by Octavian, is almost within striking distance. Though it is tempting to take the Athena Parthenos to Athens to use as a secret weapon, the friends know that the huge statue belongs back on Long Island, where it *might* be able to stop a war between the two camps.
The Athena Parthenos will go west; the *Argo II* will go east. The gods, still suffering from multiple personality disorder, are useless. How can a handful of young demigods hope to persevere against Gaea's army of powerful giants? As dangerous as it is to head to Athens, they have no other option. They have sacrificed too much already. And if Gaea wakes, it is game over.
","D:\story_books\Rick Riordan\The Blood of Olympus (212)\cover.jpg","2025-07-04T21:15:21+05:30","mobi","","212","mobi-asin:ff2d9d8c-de69-47b8-a53a-8b5e84d6ff36","eng","story_books","2014-10-06T00:00:00+05:30","Penguin Books Ltd","","","1.0","1344920","","The Blood of Olympus","Blood of Olympus, The","dae9418a-06fa-4d69-a863-7c368996b2e2"
"LaVaun, Chandelle","Chandelle LaVaun","","D:\story_books\Chandelle LaVaun\The Brave Witch (213)\cover.jpg","2025-07-04T21:15:21+05:30","mobi","","213","mobi-asin:2b55038d-c3ad-4741-822f-4f0887228786","eng","story_books","2018-03-28T03:30:00+05:30","Wanderlost Publishing","","","1.0","471028","","The Brave Witch","Brave Witch, The","fdc79d77-43a6-4b6b-b3ab-cf006d5f3009"
"Riordan, Rick","Rick Riordan","Percy Jackson isn’t expecting freshman orientation to be any fun. But when a mysterious mortal acquaintance appears on campus, followed by demon cheerleaders, things quickly move from bad to diabolical.   

In this latest installment of the blockbuster series, time is running out as war between the Olympians and the evil Titan lord Kronos draws near. Even the safe haven of Camp Half-Blood grows more vulnerable by the minute as Kronos’s army prepares to invade its once impenetrable borders. To stop them, Percy and his demigod friends must set out on a quest through the Labyrinth—a sprawling underground world with stunning surprises at every turn. Full of humor and heart-pounding action, this fourth book promises to be their most thrilling adventure yet.
### From School Library Journal
Grade 5–9—The battle starts, literally, with an explosion and doesn't let up. After Percy destroys the high school band room battling monsters called *empousai* who have taken on the form of cheerleaders, he has to hide out at Camp Half-Blood. There, Grover's searcher's license is going to be revoked unless he can find the god Pan in seven days. An entrance to the Labyrinth has been discovered, which means that Luke, the half-blood turned bad, can bypass the magical protections and invade the camp. Annabeth insists that she must follow a quest to locate Daedalus's workshop before Luke does. Percy is disturbed by visions of Nico, the son of Hades, who is summoning forth the spirits of the dead with McDonalds Happy Meals. Percy, Grover, and Percy's Cyclops half-brother follow Annabeth into the maze not knowing if they will ever find their way out. Riordan cleverly personifies the Labyrinth as a sort of living organism that changes at will, and that traverses the whole of the United States. Kids will devour Riordan's subtle satire of their world, such as a Sphinx in the Labyrinth whose questions hilariously parody standardized testing. The secret of Pan is revealed with a bittersweet outcome that also sends an eco-friendly message. Like many series, the ""Percy Jackson"" books are beginning to show the strain of familiarity and repetition. However, the overarching story line remains compelling, and the cliff-hanger ending will leave readers breathless in anticipation of the fifth and final volume.— *Tim Wadham, Maricopa County Library District, Phoenix, AZ*   
Copyright © Reed Business Information, a division of Reed Elsevier Inc. All rights reserved. 
### About the Author
Rick Riordan is the author of all the books in the New York Times best-selling Percy Jackson and the Olympians series: The Lightning Thief, The Sea of Monsters, The Titan's Curse, The Battle of the Labyrinth, and The Last Olympian. His previous novels for adults include the hugely popular Tres Navarre series, winner of the top three awards in the mystery genre. He lives in San Antonio, Texas, with his wife and two sons. 
","D:\story_books\Rick Riordan\The Battle of the Labyrinth (214)\cover.jpg","2025-07-04T21:15:21+05:30","mobi","9781423101499","214","isbn:9781423101499,mobi-asin:e4fb4c79-640f-4da9-a4f0-2ef2fb0fba74","eng","story_books","2012-08-24T05:10:10+05:30","Hyperion Book CH","","","1.0","497453","Fiction:Young Adult","The Battle of the Labyrinth","Battle of the Labyrinth, The","8cb1d50a-67d3-48b8-a751-6e02019627ce"
"Maas, Sarah J.","Sarah J. Maas","<p>Celaena Sardothien is her kingdom's most feared assassin. Though she works for the powerful and ruthless Assassin's Guild, Celaena yields to no one and trusts only her fellow killer for hire, Sam.<p>When Celaena's scheming master, Arobynn Hamel, dispatches her on missions that take her from remote islands to hostile deserts, she finds herself acting independently of his wishes&#8212;and questioning her own allegiance. Along the way, she makes friends and enemies alike, and discovers that she feels far more for Sam than just friendship. But by defying Arobynn's orders, Celaena risks unimaginable punishment, and with Sam by her side, he is in danger, too. They will have to risk it all if they hope to escape Arobynn's clutches&#8212;and if they fail, they'll lose not just a chance at freedom, but their lives . . .<p>A prequel to <i>Throne of Glass</i>, this collection of five novellas offers readers a deeper look into the history of this cunning assassin and her...","D:\story_books\Sarah J. Maas\The Assassin's Blade (215)\cover.jpg","2025-07-04T21:15:22+05:30","mobi","","215","mobi-asin:5b26250a-68a7-4f7b-8231-4a071f7613fe","eng","story_books","2014-05-15T09:30:00+05:30","Bloomsbury Publishing","","","1.0","854194","","The Assassin's Blade","Assassin's Blade, The","5c69210d-97e3-4469-a818-795ed5bf8f95"
"Madow, Michelle","Michelle Madow","","D:\story_books\Michelle Madow\The Angel Island (Dark World_ The A (216)\cover.jpg","2025-07-04T21:15:22+05:30","mobi","","216","mobi-asin:70ac4989-f9ff-434c-8469-e2279efcb559","eng","story_books","2018-12-30T21:30:00+05:30","Dreamscape Publishing","","","1.0","427606","","The Angel Island (Dark World: The Angel Trials Book 5)","Angel Island (Dark World: The Angel Trials Book 5), The","4e88c30d-1935-4ac3-8c3a-7d124a09cfaa"
"Madow, Michelle","Michelle Madow","","D:\story_books\Michelle Madow\The Angel Gift (Dark World_ The Ang (217)\cover.jpg","2025-07-04T21:15:23+05:30","mobi","","217","mobi-asin:d31627e2-3748-4a0a-a1d3-9811cbcadcb7","eng","story_books","2018-09-29T21:30:00+05:30","Dreamscape Publishing","","","1.0","426010","","The Angel Gift (Dark World: The Angel Trials Book 4)","Angel Gift (Dark World: The Angel Trials Book 4), The","fb978887-b3ea-4d12-afbc-eaad639bbd51"
"James, Tate","Tate James","","D:\story_books\Tate James\The Alpha's Pack (Kit Davenport Boo (218)\cover.jpg","2025-07-04T21:15:23+05:30","mobi","","218","mobi-asin:fa23ad26-5b6c-4fc6-914c-0befca170fc6","eng","story_books","2018-08-03T21:30:00+05:30","Foxy Publishing","","","1.0","932800","","The Alpha's Pack (Kit Davenport Book 6)","Alpha's Pack (Kit Davenport Book 6), The","a95f7a6b-763d-4967-b9e6-6da92601c7e1"
"LaVaun, Chandelle","Chandelle LaVaun","","D:\story_books\Chandelle LaVaun\The Aether Witch (The Coven_ Elemen (219)\cover.jpg","2025-07-04T21:15:23+05:30","mobi","","219","mobi-asin:74dd77cb-d145-462a-9ceb-6e5faa071f9b","eng","story_books","2018-10-28T21:30:00+05:30","Wanderlost Publishing","","","1.0","716828","","The Aether Witch (The Coven: Elemental Magic Book 6)","Aether Witch (The Coven: Elemental Magic Book 6), The","cb77db09-7a02-41ed-834c-be300f3730b0"
"Snail, Mad","Mad Snail","Killed by a Sage Emperor and reborn as his 13 year old self, Nie Li was given a second chance at life. A second chance to change everything, save his loved ones and his beloved city. He shall once again battle with the Sage Emperor to avenge his death. With the vast knowledge he accumulated in his previous life, he shall have a new starting point. Although he started as the weakest, without a doubt, he will climb the steps towards the strongest. Cultivating the strongest cultivation technique, wielding the strongest demon spirits, he shall reach the pinnacle of Martial Arts. Enmities of the past will be settled in this new lifetime. “Since I’m back, then in this lifetime, I shall become the King of Gods that dominates everything. Let everything else tremble beneath my feet!”","D:\story_books\Mad Snail\Tales of Demons and Gods (220)\cover.jpg","2025-07-04T21:15:24+05:30","mobi","","220","mobi-asin:8f20ff82-8d75-4763-978c-d1c208ca2a77","eng","story_books","0101-01-01T05:30:00+05:30","","","","1.0","4108219","Action, Adventure, comedy, fantasy, Harem, Martial Arts, Romance, Xuanhuan","Tales of Demons and Gods","Tales of Demons and Gods","7de362a5-518f-4680-b7ac-ddb3f0a6d158"
"Snail, Mad","Mad Snail","","D:\story_books\Mad Snail\Tales of Demons and Gods - Chapter (221)\cover.jpg","2025-07-04T21:15:24+05:30","mobi","","221","mobi-asin:a99c2e22-253b-4219-8e5e-69ebd3a6644d","eng","story_books","2018-12-12T00:00:00+05:30","","","","1.0","505291","","Tales of Demons and Gods - Chapter 401-450","Tales of Demons and Gods - Chapter 401-450","efed92f4-e412-4e41-a38f-580091a2ae45"
"Flynn, Erin R","Erin R Flynn","","D:\story_books\Erin R Flynn\Surviving Plagues_ Artemis Universi (222)\cover.jpg","2025-07-04T21:15:25+05:30","mobi","","222","mobi-asin:4f968e89-9ba2-4129-aef6-ae784dceab0e","eng","story_books","2020-02-20T21:30:00+05:30","Supernatural Script, Inc.","","","1.0","679827","","Surviving Plagues: Artemis University (Book 3)","Surviving Plagues: Artemis University (Book 3)","dea05579-90ae-4dac-a518-d2cef59bb2ec"
"hall, linsey","linsey hall","","D:\story_books\linsey hall\Stolen Magic (Dragon's Gift_ The Hu (223)\cover.jpg","2025-07-04T21:15:25+05:30","mobi","","223","mobi-asin:96bffa2f-71ba-47ed-8d75-a10e2a3bd90c","eng","story_books","2016-06-17T09:30:00+05:30","Bonnie Doon Press","","","1.0","653849","","Stolen Magic (Dragon's Gift: The Huntress Book 3)","Stolen Magic (Dragon's Gift: The Huntress Book 3)","3da8a71f-9ab3-4f12-a20a-b84ae47e7487"
"Moss, Sadie","Sadie Moss","","D:\story_books\Sadie Moss\Spark (224)\cover.jpg","2025-07-04T21:15:25+05:30","mobi","","224","mobi-asin:82374824-8dc6-456d-84df-37d821965eb2","eng","story_books","2019-05-16T03:30:00+05:30","","","","1.0","377269","","Spark","Spark","9922510b-9822-461d-91ef-df18e43c2f34"
"Banet, K.N. & Banet, Kristen","K.N. Banet & Kristen Banet","","D:\story_books\K.N. Banet\Snared (Kaliya Sahni Book 2) (225)\cover.jpg","2025-07-04T21:15:26+05:30","mobi","","225","mobi-asin:56906c7d-14d1-4230-8f21-aec957f7cb80","eng","story_books","2020-07-14T21:30:00+05:30","","","","1.0","507668","","Snared (Kaliya Sahni Book 2)","Snared (Kaliya Sahni Book 2)","791bad52-5aac-4625-b4ca-89daaf1206ea"
"Anderson, Annie","Annie Anderson","**Demons, murder, and a trip straight to Hell...** I thought I'd get a little time off before the veritable poop hit the fan, but fate -- or rather the Fates -- have other ideas. The witch who tried to have my sister possessed has escaped, and not only do I find him dead, but I don't have a clue who he was working with. *Or working for...* Now I have a Council Member in human jail, a ragtag bunch of stuffy law-abiders to lead, and a solid inkling that the next person on the chopping block is me. All of that would be bad enough, but I've got bigger problems. Maria isn't quite right after a demon almost stole her body, and I have a hunch it's going to require a trip to Hell to get it fixed. **Time to sharpen my athames. Vacation time is over.**
","D:\story_books\Annie Anderson\Sister of Embers & Echoes (226)\cover.jpg","2025-07-04T21:15:26+05:30","mobi","","226","mobi-asin:4761ba12-ef9c-43c5-b414-d81f155cbfbc","eng","story_books","2020-01-17T03:30:00+05:30","","","","1.0","479006","","Sister of Embers & Echoes","Sister of Embers & Echoes","f6292e42-d335-4e8f-8256-22f2934d3f64"
"Summers, Ella","Ella Summers","","D:\story_books\Ella Summers\Siren's Song (Legion of Angels Book (227)\cover.jpg","2025-07-04T21:15:26+05:30","mobi","","227","mobi-asin:4d147d5a-f6ac-451c-9eab-c651df95ba98","eng","story_books","2017-01-19T21:30:00+05:30","","","","1.0","440589","","Siren's Song (Legion of Angels Book 3)","Siren's Song (Legion of Angels Book 3)","1f69c907-5bd8-448b-a295-14acd272b2d6"
"Summers, Ella","Ella Summers","","D:\story_books\Ella Summers\Spirit Magic (Dragon Born Awakening (228)\cover.jpg","2025-07-04T21:15:27+05:30","mobi","","228","mobi-asin:8e1a154f-cb32-4abb-be41-2fe207012ac9","eng","story_books","2018-11-03T00:00:00+05:30","Night Spark Media","","","1.0","3227235","","Spirit Magic (Dragon Born Awakening Book 2)","Spirit Magic (Dragon Born Awakening Book 2)","1a8df314-f4d9-4c50-a8c9-6baefd73b794"
"Flynn, Erin R.","Erin R. Flynn","","D:\story_books\Erin R. Flynn\Siren's Kiss (229)\cover.jpg","2025-07-04T21:15:27+05:30","mobi","","229","mobi-asin:88a340a6-35f1-4fb6-93e6-390cb797e594","eng","story_books","2017-10-18T03:30:00+05:30","Supernatural Script Inc","","","1.0","776837","","Siren's Kiss","Siren's Kiss","422bfd35-bc11-4723-bbd1-a926ebf588b4"
"Flynn, Erin R.","Erin R. Flynn","","D:\story_books\Erin R. Flynn\Siren's Battle (230)\cover.jpg","2025-07-04T21:15:28+05:30","mobi","","230","mobi-asin:6827755a-54af-4f1d-83ad-2f16a77ae2e6","eng","story_books","2017-04-25T03:30:00+05:30","Supernatural Script Inc","","","1.0","734647","","Siren's Battle","Siren's Battle","474094b9-cd5e-49f4-a19d-7c0fb2f63426"
"Breene, K.F.","K.F. Breene","","D:\story_books\K.F. Breene\Sin & Surrender (Demigods of San Fr (231)\cover.jpg","2025-07-04T21:15:28+05:30","mobi","","231","mobi-asin:b6203911-b6cb-4e0a-a095-435c8d518cd9","eng","story_books","2020-06-08T21:30:00+05:30","","","","1.0","566009","","Sin & Surrender (Demigods of San Francisco Book 6)","Sin & Surrender (Demigods of San Francisco Book 6)","81d5e1c2-e401-4fe4-b747-6c07aea550b2"
"Silvers, Shayne","Shayne Silvers","","D:\story_books\Shayne Silvers\Sinner_ Feathers and Fire Book 5 (232)\cover.jpg","2025-07-04T21:15:28+05:30","mobi","","232","mobi-asin:6e9688c9-07f6-40f0-8dfb-b5b7df4105bb","eng","story_books","2018-10-29T21:30:00+05:30","Argento Publishing, LLC","","","1.0","747753","","Sinner: Feathers and Fire Book 5","Sinner: Feathers and Fire Book 5","66a67a16-9115-4c1b-816a-64f8f4f5195a"
"Breene, K.F.","K.F. Breene","","D:\story_books\K.F. Breene\Sin & Spirit (Demigods of San Franc (233)\cover.jpg","2025-07-04T21:15:29+05:30","mobi","","233","mobi-asin:ea829607-49b0-4702-9035-924a5366fade","eng","story_books","2019-12-31T21:30:00+05:30","Hazy Dawn Press, Inc.","","","1.0","661177","","Sin & Spirit (Demigods of San Francisco Book 4)","Sin & Spirit (Demigods of San Francisco Book 4)","b22386f1-e265-4038-8c45-c6ad3b332069"
"Breene, K.F.","K.F. Breene","","D:\story_books\K.F. Breene\Sin & Magic (Demigods of San Franci (234)\cover.jpg","2025-07-04T21:15:29+05:30","mobi","","234","mobi-asin:71a7bb70-3f3e-4de3-b141-20afecc6bc53","eng","story_books","2018-12-31T21:30:00+05:30","","","","1.0","597395","","Sin & Magic (Demigods of San Francisco Book 2)","Sin & Magic (Demigods of San Francisco Book 2)","0c7f5654-f9a9-468c-8942-9cd722c0bf36"
"Breene, K.F.","K.F. Breene","","D:\story_books\K.F. Breene\Sin & Salvation (Demigods of San Fr (235)\cover.jpg","2025-07-04T21:15:29+05:30","mobi","","235","mobi-asin:63ec1b77-105d-457c-b97c-5fd1efa1a6a5","eng","story_books","2019-03-18T21:30:00+05:30","","","","1.0","631102","","Sin & Salvation (Demigods of San Francisco Book 3)","Sin & Salvation (Demigods of San Francisco Book 3)","6d7011ab-d053-435d-8df2-b94ddbb59130"
"Breene, K.F.","K.F. Breene","","D:\story_books\K.F. Breene\Sin & Lightning (Demigods of San Fr (236)\cover.jpg","2025-07-04T21:15:30+05:30","mobi","","236","mobi-asin:040ab8cf-3f45-4a50-b881-a14c8deebdf9","eng","story_books","2020-04-20T04:30:00+05:30","","","","1.0","640457","","Sin & Lightning (Demigods of San Francisco Book 5)","Sin & Lightning (Demigods of San Francisco Book 5)","06954483-ac10-429c-88cb-8dc1313e082f"
"Breene, K.F.","K.F. Breene","","D:\story_books\K.F. Breene\Sin & Chocolate (Demigods of San Fr (237)\cover.jpg","2025-07-04T21:15:30+05:30","mobi","","237","mobi-asin:7365408e-9842-43b2-a872-abd5ae11106d","eng","story_books","2018-10-09T21:30:00+05:30","Hazy Dawn Press, Inc.","","","1.0","630693","","Sin & Chocolate (Demigods of San Francisco Book 1)","Sin & Chocolate (Demigods of San Francisco Book 1)","8de5e1bd-df43-46b1-9fa7-bb236dc9b62e"
"Silvers, Shayne","Shayne Silvers","**My resume is pretty full: I've cow-tipped the Minotaur, decimated a gang of ** **weredragons*** *, sucker-punched an Angel, and eaten pancakes with the Four Horsemen of the Apocalypse...**
I've kidnapped one of the most powerful wizards on the planet, and slaughtered the Brothers Grimm. I'm kind of a big deal. 
But I never thought I'd find myself at a crossroads, a pawn in a deadly game that I hadn't known existed, willing to sell my soul to save the life of someone I loved... That's when I learned true fear, because the world I thought I knew was all just smoke and mirrors, and I was just a puppy playing amongst wolves...
","D:\story_books\Shayne Silvers\Silver Tongue (238)\cover.jpg","2025-07-04T21:15:31+05:30","mobi","9780998085449","238","mobi-asin:40267e4e-9e15-4153-bae4-af09c499e527,isbn:9780998085449","eng","story_books","2016-12-01T11:30:00+05:30","Argento Publishing, LLC","","","1.0","907129","","Silver Tongue","Silver Tongue","5b378b21-167b-4009-80b5-37775e01a15b"
"Summers, Ella","Ella Summers","","D:\story_books\Ella Summers\Shifter's Shadow (Legion of Angels (239)\cover.jpg","2025-07-04T21:15:31+05:30","mobi","","239","mobi-asin:7eeab187-97e3-49fa-9dbd-21e69496f22c","eng","story_books","2017-07-06T21:30:00+05:30","Night Spark Media","","","1.0","528796","","Shifter's Shadow (Legion of Angels Book 5)","Shifter's Shadow (Legion of Angels Book 5)","d3946c15-a4ff-482b-ac03-1f18e416ec40"
"Rider, C.P.","C.P. Rider","","D:\story_books\C.P. Rider\Shifted (The Sundance Series Book 5 (240)\cover.jpg","2025-07-04T21:15:31+05:30","mobi","","240","mobi-asin:a48df492-5a17-4fac-8773-569362f825b8","eng","story_books","2021-07-29T21:30:00+05:30","VC Group, LLC","","","1.0","609875","","Shifted (The Sundance Series Book 5)","Shifted (The Sundance Series Book 5)","ccb3663b-da93-42ec-bd23-7177e5749e28"
"Flynn, Erin R","Erin R Flynn","","D:\story_books\Erin R Flynn\Shattered Alpha (Seraphine Thomas B (241)\cover.jpg","2025-07-04T21:15:32+05:30","mobi","","241","mobi-asin:3d0b47fe-f4ee-4402-aa37-084154f482a0","eng","story_books","2018-02-22T05:30:00+05:30","Supernatural Script, Inc","","","1.0","688216","","Shattered Alpha (Seraphine Thomas Book 7)","Shattered Alpha (Seraphine Thomas Book 7)","8ceeeba2-75ed-4d85-b75e-376e51ecd49a"
"Wright, Suzanne","Suzanne Wright","","D:\story_books\Suzanne Wright\Shadows (242)\cover.jpg","2025-07-04T21:15:32+05:30","mobi","9780349416328","242","isbn:9780349416328,mobi-asin:6dd67143-2ec5-4896-b999-5037636210a0","eng","story_books","2019-07-30T00:00:00+05:30","Little, Brown Book Group","","","1.0","597169","","Shadows","Shadows","4bce68d0-1e88-474a-ac45-05cff5bcbba9"
"Bailey, G. & Snow, Scarlett","G. Bailey & Scarlett Snow","","D:\story_books\G. Bailey\Shadowborn Royals (Dark Fae Paranor (243)\cover.jpg","2025-07-04T21:15:32+05:30","mobi","","243","mobi-asin:fd9e731d-f9ea-4c9f-9a31-43b0ff6e75f9","eng","story_books","2020-06-29T21:30:00+05:30","Midnight Publishing Limited","","","1.0","639062","Shadowborn Prison 2","Shadowborn Royals (Dark Fae Paranormal Prison Series Book 2)","Shadowborn Royals (Dark Fae Paranormal Prison Series Book 2)","ed81597a-33c0-4b1a-8ca2-31a8d4b3660f"
"Bailey, G. & Snow, Scarlett","G. Bailey & Scarlett Snow","","D:\story_books\G. Bailey\Shadowborn Queen (Dark Fae Paranorm (244)\cover.jpg","2025-07-04T21:15:33+05:30","mobi","","244","mobi-asin:042cb683-296c-43b5-9964-7dc1939f7bd0","eng","story_books","2020-08-13T21:30:00+05:30","Midnight Publishing Limited","","","1.0","305925","","Shadowborn Queen (Dark Fae Paranormal Prison Series Book 3)","Shadowborn Queen (Dark Fae Paranormal Prison Series Book 3)","67cedf52-f135-493b-82a3-3925491d8bef"
"Bailey, G. & Snow, Scarlett","G. Bailey & Scarlett Snow","","D:\story_books\G. Bailey\Shadowborn Prison (245)\cover.jpg","2025-07-04T21:15:34+05:30","mobi","","245","mobi-asin:abecf3f0-6b04-4083-bdfd-3693c2bef3a8","eng","story_books","2020-01-29T00:00:00+05:30","Midnight Publishing Limited","","","1.0","695716","novel","Shadowborn Prison","Shadowborn Prison","b21dd7c1-2e68-4049-aa0f-b78c39499b7d"
"Bailey, G. & Snow, Scarlett","G. Bailey & Scarlett Snow","","D:\story_books\G. Bailey\Shadowborn Academy_ Year Two (Dark (246)\cover.jpg","2025-07-04T21:15:34+05:30","mobi","","246","mobi-asin:f2691832-6296-4dbc-95f6-c1445c52030c","eng","story_books","2020-03-28T21:30:00+05:30","Midnight Publishing Limited","","","1.0","717300","Shadowborn Academy Year Two","Shadowborn Academy: Year Two (Dark Fae Academy Series Book 2)","Shadowborn Academy: Year Two (Dark Fae Academy Series Book 2)","243650b3-f8a9-4e76-979f-a669e51565f8"
"Bailey, G. & Snow, Scarlett","G. Bailey & Scarlett Snow","","D:\story_books\G. Bailey\Shadowborn Academy_ Year Three (Dar (247)\cover.jpg","2025-07-04T21:15:34+05:30","mobi","","247","mobi-asin:ca105975-75e2-4a5d-9ec3-9d1666fdddc4","eng","story_books","2020-04-27T21:30:00+05:30","Midnight Publishing Limited","","","1.0","678531","Year Three","Shadowborn Academy: Year Three (Dark Fae Academy Series Book 3)","Shadowborn Academy: Year Three (Dark Fae Academy Series Book 3)","6b316733-ffd7-421a-9d44-d0b6827cf2a4"
"Bailey, G. & Snow, Scarlett","G. Bailey & Scarlett Snow","","D:\story_books\G. Bailey\Shadowborn Academy_ Year One (Dark (248)\cover.jpg","2025-07-04T21:15:35+05:30","mobi","","248","mobi-asin:9dab77b6-2f8d-4b86-9b0e-5e009b0d48a0","eng","story_books","2019-12-21T21:30:00+05:30","G. Bailey and Scarlett Snow","","","1.0","803538","Book One","Shadowborn Academy: Year One (Dark Fae Academy Series Book 1)","Shadowborn Academy: Year One (Dark Fae Academy Series Book 1)","f7a88d16-d6e1-46f1-bb39-26f94be0a38a"
"Moss, Sadie","Sadie Moss","","D:\story_books\Sadie Moss\Shadow_ A Reverse Harem Paranormal (249)\cover.jpg","2025-07-04T21:15:35+05:30","mobi","","249","mobi-asin:5cc08ba6-dbe8-4a05-b0c0-4b5113cfff5c","eng","story_books","2020-12-31T21:30:00+05:30","","","","1.0","436454","","Shadow: A Reverse Harem Paranormal Romance (Institute of Unpredictable Magic Book 1)","Shadow: A Reverse Harem Paranormal Romance (Institute of Unpredictable Magic Book 1)","2f0680e9-4771-41de-8f6b-9294d4b451be"
"Harkness, Deborah","Deborah Harkness","The #1 *New York Times* –bestselling sequel to *A Discovery of Witches* —“as enchanting, engrossing, and impossible to put down as its predecessor” ( *Miami Herald* )
J. K. Rowling, Stephenie Meyer, Anne Rice—only a few writers capture the imagination the way that Deborah Harkness has with her *New York Times* –bestselling All Souls trilogy. *A Discovery of Witches* introduces reluctant witch Diana Bishop, vampire geneticist Matthew Clairmont, and the battle for a lost, enchanted manuscript known as *Ashmole 782*.
Picking up from *A Discovery of Witches* ’ cliffhanger ending, *Shadow of Night* takes Diana and Matthew on a trip through time to Elizabethan London, where they are plunged into a world of spies, magic, and a coterie of Matthew’s old friends, the School of Night. As the search for *Ashmole 782* deepens and Diana seeks out a witch to tutor her in magic, the net of Matthew’s past tightens around them, and they embark on a very different—and vastly more dangerous—journey.
 *The Book of Life* , the much-anticipated conclusion to the All Souls trilogy, will be published by Viking in July 2014.
Read More
","D:\story_books\Deborah Harkness\Shadow of Night (250)\cover.jpg","2025-07-04T21:15:36+05:30","mobi","9781101578933","250","isbn:9781101578933,mobi-asin:7a42202b-f254-42ba-b617-72a0170aa021","eng","story_books","2012-07-10T09:30:00+05:30","Penguin","","","1.0","1104316","fantasy, Historical, Romance, vampires","Shadow of Night","Shadow of Night","e92a920f-06d3-4bec-8d76-0a7e840281d5"
"Summers, Ella","Ella Summers","","D:\story_books\Ella Summers\Shadow World_ Dragon Born (251)\cover.jpg","2025-07-04T21:15:36+05:30","mobi","","251","mobi-asin:801bfd28-f239-44f0-87c9-76803d7a185b","eng","story_books","2016-12-13T00:00:00+05:30","Night Spark Media","","","1.0","740780","","Shadow World: Dragon Born","Shadow World: Dragon Born","21a4b833-aa3e-4f2d-9b92-ecf6215cad8c"
"Piper, Sarah","Sarah Piper","","D:\story_books\Sarah Piper\Shadow Kissed_ A Reverse Harem Para (252)\cover.jpg","2025-07-04T21:15:36+05:30","mobi","","252","mobi-asin:d2509ce6-92fe-4d6b-bdfe-1db736f753d7","eng","story_books","2018-04-04T21:30:00+05:30","Two Gnomes Media","","","1.0","581631","","Shadow Kissed: A Reverse Harem Paranormal Romance (The Witch's Rebels Book 1)","Shadow Kissed: A Reverse Harem Paranormal Romance (The Witch's Rebels Book 1)","aa6a4694-faa6-448b-97cb-a55ec32ae2ce"
"Richardson, Kim","Kim Richardson","<p>Are you ready for your next magical adventure?</p><p>Okay, so I'm in trouble. Big trouble. I'm broke. Worse, my boyfriend of five years just dumped me.</p><p>What do I do? I move in with my three eccentric aunts in their family home, Davenport House. Sounds exciting, only this massive farmhouse likes to eat men. Yup. If I were a regular human, I would have run out screaming like a banshee. As a witch&#8212;I do absolutely nothing. Hey, maybe they deserved it?</p><p>I'm back in Hollow Cove, the flamboyant paranormal community, where nymphs, werewolves, trolls, shifters, witches, and other paranormals live comfortable lives&#8212;and away from prying human eyes. As I settle into my new life, I decide to accept my aunts' proposal and join the family business&#8212;the business of protecting our town and killing anything that would want to harm it. But I've been away from the paranormal world for quite some time, and my magical abilities are a little bit rusty&#8212;heck, they're...","D:\story_books\Kim Richardson\Shadow Witch (253)\cover.jpg","2025-07-04T21:15:37+05:30","mobi","","253","mobi-asin:fe2e706a-8d8f-4d4f-b6c8-04bf22f23af3","eng","story_books","0101-01-01T05:30:00+05:30","Kim Richardson","","","1.0","819053","","Shadow Witch","Shadow Witch","88c66f25-fd20-4026-9642-4496a627e7f8"
"Silvers, Shayne & O'Connell, Cameron","Shayne Silvers & Cameron O'Connell","","D:\story_books\Shayne Silvers\Sea Breeze_ Phantom Queen Book 8 - (254)\cover.jpg","2025-07-04T21:15:38+05:30","mobi","","254","mobi-asin:ee40ef5f-cadc-4673-b46f-84dcf81661be","eng","story_books","2019-11-14T21:30:00+05:30","Argento Publishing","","","1.0","851790","","Sea Breeze: Phantom Queen Book 8 - A Temple Verse Series (The Phantom Queen Diaries)","Sea Breeze: Phantom Queen Book 8 - A Temple Verse Series (The Phantom Queen Diaries)","416ac6f4-5ee1-4213-b4e3-1b966d7db131"
"Carpenter, Kel","Kel Carpenter","","D:\story_books\Kel Carpenter\Scion of Midnight (Daizlei Academy (255)\cover.jpg","2025-07-04T21:15:39+05:30","mobi","","255","mobi-asin:a70365b7-df46-4edd-acf9-ba0007c90b2b","eng","story_books","2017-06-30T00:00:00+05:30","Kel Carpenter","","","1.0","561335","","Scion of Midnight (Daizlei Academy Book 2)","Scion of Midnight (Daizlei Academy Book 2)","b8f53ea0-4c9c-4786-935b-959cf277a68d"
"Silvers, Shayne","Shayne Silvers","","D:\story_books\Shayne Silvers\Savage_ Nate Temple Series Book 15 (256)\cover.jpg","2025-07-04T21:15:40+05:30","mobi","","256","mobi-asin:44d4e551-5a06-4de3-b220-d682bed43b64","eng","story_books","2021-01-25T21:30:00+05:30","Argento Publishing","","","1.0","812177","","Savage: Nate Temple Series Book 15","Savage: Nate Temple Series Book 15","27b2047c-a21d-4c44-8115-c15bfe6b5941"
"Silvers, Shayne & O'Connell, Cameron","Shayne Silvers & Cameron O'Connell","","D:\story_books\Shayne Silvers\Salty Dog_ Phantom Queen Book 7 - A (257)\cover.jpg","2025-07-04T21:15:40+05:30","mobi","","257","mobi-asin:ee5b3f62-f17b-4a5b-916e-4e76436f08fd","eng","story_books","2019-03-27T21:30:00+05:30","Argento Publishing","","","1.0","916290","","Salty Dog: Phantom Queen Book 7 - A Temple Verse Series (The Phantom Queen Diaries)","Salty Dog: Phantom Queen Book 7 - A Temple Verse Series (The Phantom Queen Diaries)","a143632e-1bae-4075-aaea-d15998d21e34"
"Song, Avery","Avery Song","","D:\story_books\Avery Song\SSS_ Year Two (The Supernatural Spy (258)\cover.jpg","2025-07-04T21:15:41+05:30","mobi","","258","mobi-asin:ff6a9a84-bed5-49f2-bbfd-4409cddcc04c","eng","story_books","2019-05-31T09:30:00+05:30","","","","1.0","1023830","","SSS: Year Two (The Supernatural Spy Academy Book 2)","SSS: Year Two (The Supernatural Spy Academy Book 2)","76bd4c07-6e69-406d-aadf-b79afc4ea47e"
"Song, Avery","Avery Song","","D:\story_books\Avery Song\SSS_ Year Three (The Supernatural S (259)\cover.jpg","2025-07-04T21:15:41+05:30","mobi","","259","mobi-asin:e9490b13-893b-4c17-984b-828af833a000","eng","story_books","2019-08-02T09:30:00+05:30","","","","1.0","942262","","SSS: Year Three (The Supernatural Spy Academy Book 3)","SSS: Year Three (The Supernatural Spy Academy Book 3)","6f693b9b-5520-49eb-aedf-27d488889b13"
"Song, Avery","Avery Song","","D:\story_books\Avery Song\SSS_ Year Six (The Supernatural Spy (260)\cover.jpg","2025-07-04T21:15:42+05:30","mobi","","260","mobi-asin:83572372-14f4-46ce-a829-3753d09f8879","eng","story_books","2020-10-23T00:00:00+05:30","","","","1.0","999959","","SSS: Year Six (The Supernatural Spy Academy Book 6)","SSS: Year Six (The Supernatural Spy Academy Book 6)","521305a3-21db-4aa5-8e3f-48da8af99d88"
"Song, Avery","Avery Song","","D:\story_books\Avery Song\SSS_ Year One (The Supernatural Spy (261)\cover.jpg","2025-07-04T21:15:43+05:30","mobi","","261","mobi-asin:b3939bf8-6d5f-475d-ae3f-c3a0e703a13b","eng","story_books","2019-04-05T09:30:00+05:30","","","","1.0","1205413","","SSS: Year One (The Supernatural Spy Academy Book 1)","SSS: Year One (The Supernatural Spy Academy Book 1)","6128f563-6fe1-4e0f-ae39-7dba3877c4dd"
"Song, Avery","Avery Song","","D:\story_books\Avery Song\SSS_ Year Four (The Supernatural Sp (262)\cover.jpg","2025-07-04T21:15:44+05:30","mobi","","262","mobi-asin:601cd304-67cc-4fc6-b9c4-c4bf6ce9da70","eng","story_books","2020-01-03T00:00:00+05:30","","","","1.0","1301186","","SSS: Year Four (The Supernatural Spy Academy Book 4)","SSS: Year Four (The Supernatural Spy Academy Book 4)","7b5a74d4-13df-4bc6-a760-881181cc7789"
"Song, Avery","Avery Song","","D:\story_books\Avery Song\SSS_ Year Five (The Supernatural Sp (263)\cover.jpg","2025-07-04T21:15:44+05:30","mobi","","263","mobi-asin:25fb18fc-401e-4b00-8443-364d055d14f2","eng","story_books","2020-05-29T00:00:00+05:30","","","","1.0","1034649","","SSS: Year Five (The Supernatural Spy Academy Book 5)","SSS: Year Five (The Supernatural Spy Academy Book 5)","f97fbd88-c1d4-4901-834e-0f77260d0670"
"Chase, Eva","Eva Chase","","D:\story_books\Eva Chase\Royals of Villain Academy 5_ Corrup (264)\cover.jpg","2025-07-04T21:15:45+05:30","mobi","","264","mobi-asin:ba2bf4a7-8cc0-4770-8670-10c78e6083f8","eng","story_books","2019-10-22T21:30:00+05:30","Ink Spark Press","","","1.0","659913","","Royals of Villain Academy 5: Corrupt Alchemy","Royals of Villain Academy 5: Corrupt Alchemy","1e33d130-22ba-4878-abf7-e0f4c7519b66"
"Chase, Eva","Eva Chase","","D:\story_books\Eva Chase\Royals of Villain Academy 6_ Foul C (265)\cover.jpg","2025-07-04T21:15:45+05:30","mobi","","265","mobi-asin:6e1dac06-8e31-4a00-9b8c-2453389c4f49","eng","story_books","2019-11-19T21:30:00+05:30","Ink Spark Press","","","1.0","664982","","Royals of Villain Academy 6: Foul Conjuring","Royals of Villain Academy 6: Foul Conjuring","4ac91fe7-3f43-4090-9422-1d03ae588afd"
"Chase, Eva","Eva Chase","","D:\story_books\Eva Chase\Royals of Villain Academy 4_ Horrid (266)\cover.jpg","2025-07-04T21:15:45+05:30","mobi","9781989096482","266","isbn:9781989096482,mobi-asin:a73fe5f7-d697-4713-a396-e34b4045b526","eng","story_books","2019-08-27T21:30:00+05:30","Ink Spark Press","","","1.0","717407","","Royals of Villain Academy 4: Horrid Charms","Royals of Villain Academy 4: Horrid Charms","fd8161a8-e81c-45fe-b681-7b47a7d9e0e5"
"Chase, Eva","Eva Chase","","D:\story_books\Eva Chase\Royals of Villain Academy 3_ Sinist (267)\cover.jpg","2025-07-04T21:15:46+05:30","mobi","","267","mobi-asin:e75dcef6-53da-43aa-9722-30241026693a","eng","story_books","2019-07-30T21:30:00+05:30","Ink Spark Press","","","1.0","687823","","Royals of Villain Academy 3: Sinister Wizardry","Royals of Villain Academy 3: Sinister Wizardry","030952c6-41d2-41c5-bf31-f99d4a86020e"
"Banet, K.N.","K.N. Banet","","D:\story_books\K.N. Banet\Royal Pawn (Jacky Leon Book 6) (268)\cover.jpg","2025-07-04T21:15:46+05:30","mobi","","268","mobi-asin:64d5d665-b709-4c66-870e-633a7bbda673","eng","story_books","2021-07-12T21:30:00+05:30","","","","1.0","532004","","Royal Pawn (Jacky Leon Book 6)","Royal Pawn (Jacky Leon Book 6)","3ba2d43a-d8ed-4898-ba84-2b098cfb9ba7"
"Mayer, Shannon","Shannon Mayer","","D:\story_books\Shannon Mayer\Rise of a Phoenix (The Nix Series B (269)\cover.jpg","2025-07-04T21:15:47+05:30","mobi","9781987933369","269","mobi-asin:8ac63871-4654-402c-847e-341116a3d68f,isbn:9781987933369","eng","story_books","2017-11-06T21:30:00+05:30","Hijinks Ink Publishing","","","1.0","556296","","Rise of a Phoenix (The Nix Series Book 3)","Rise of a Phoenix (The Nix Series Book 3)","d10fda1a-73b9-4278-af30-49af7f935f64"
"Summers, Ella","Ella Summers","","D:\story_books\Ella Summers\Rival Magic (270)\cover.jpg","2025-07-04T21:15:47+05:30","mobi","","270","mobi-asin:0324d536-8539-43da-9132-924229936807","eng","story_books","2016-07-11T04:30:00+05:30","","","","1.0","535821","BluA","Rival Magic","Rival Magic","b9cc4494-3047-4713-b1df-ba832f0b5d07"
"Mayer, Shannon","Shannon Mayer","""What a fantastic fantasy series! I love a strong female lead and we were delivered that in spades with Larkspur . . . This story is fast paced and exciting right from the start. I can't wait to see what comes next!""-Boundless Book ReviewsFrom HiJinks Ink Publishing and Shannon Mayer comes ROOTBOUND (Book 5) in The USA Today Bestselling ELEMENTAL SERIES. With over 1 million books sold, Shannon Mayer proves once again she can dominate her genre right out of the gate.""My name is Larkspur, and I am an Elemental.""My people use the power of the earth to sustain life and defy our enemies. I am the half-breed bastard child of a king. I was not meant to survive the trials cast my way. Yet, here I stand.The world has deteriorated in the twenty years I was imprisoned in an oubliette. The Elemental families are rife with deception, violence, and madness more than ever before.A voice I know all too well calls me to do her bidding. A voice I no longer wish to hear. The mother goddess begs me...","D:\story_books\Shannon Mayer\Rootbound (The Elemental Series, Bo (271)\cover.jpg","2025-07-04T21:15:47+05:30","mobi","","271","mobi-asin:bbe756a5-3662-4498-8f3a-a00b22771607","eng","story_books","2016-05-19T00:00:00+05:30","Shannon Mayer","","","1.0","1434461","Paranormal Urban Fantasy","Rootbound (The Elemental Series, Book 5)","Rootbound (The Elemental Series, Book 5)","4fd7501f-90d7-4d11-ac66-061e50a60c9c"
"Breene, K.F.","K.F. Breene","","D:\story_books\K.F. Breene\Revealed in Fire (Demon Days, Vampi (272)\cover.jpg","2025-07-04T21:15:48+05:30","mobi","","272","mobi-asin:dad6c028-4f84-4510-ba9b-745e89ffe000","eng","story_books","2021-07-01T21:30:00+05:30","","","","1.0","660861","","Revealed in Fire (Demon Days, Vampire Nights World Book 9)","Revealed in Fire (Demon Days, Vampire Nights World Book 9)","b5bf04ad-1b81-4524-bc56-dfabde71d6b1"
"Riordan, Rick","Rick Riordan","","D:\story_books\Rick Riordan\Rick Riordan - The Kane Chronicles (273)\cover.jpg","2025-07-04T21:15:48+05:30","mobi","","273","mobi-asin:7244522a-1144-458a-b680-b40164c2c7b1","eng","story_books","2011-05-02T19:30:00+05:30","Disney Hyperion","","","1.0","829114","Fiction - Upper Grade","Rick Riordan - The Kane Chronicles 02 - Throne of Fire","Rick Riordan - The Kane Chronicles 02 - Throne of Fire","ec9081d3-5b55-4554-8d34-7ac67f15f5a9"
"Flynn, Erin R","Erin R Flynn","","D:\story_books\Erin R Flynn\Reorganized Wolf (Seraphine Thomas (274)\cover.jpg","2025-07-04T21:15:49+05:30","mobi","","274","mobi-asin:303bb42b-ceaf-43cd-a917-d090b2fafe20","eng","story_books","2020-01-08T03:30:00+05:30","Supernatural Script Inc","","","1.0","690898","","Reorganized Wolf (Seraphine Thomas Book 12)","Reorganized Wolf (Seraphine Thomas Book 12)","cbeb9ce8-e21e-4be1-9967-5ac7753a56ca"
"Eve, Jaymin","Jaymin Eve","","D:\story_books\Jaymin Eve\Rejected (Shadow Beast Shifters Boo (275)\cover.jpg","2025-07-04T21:15:49+05:30","mobi","","275","mobi-asin:6552354b-9881-4e6c-a868-b177cda94bae","eng","story_books","2020-12-07T21:30:00+05:30","","","","1.0","562667","","Rejected (Shadow Beast Shifters Book 1)","Rejected (Shadow Beast Shifters Book 1)","b37d813d-fa90-4396-b69b-895ce5aee7fc"
"Flynn, Erin R","Erin R Flynn","","D:\story_books\Erin R Flynn\Recovering the Siren (276)\cover.jpg","2025-07-04T21:15:50+05:30","mobi","","276","mobi-asin:ff7ec622-ab11-4cd9-a582-b6eb1aa410d9","eng","story_books","2018-10-11T03:30:00+05:30","Supernatural Script Inc","","","1.0","745659","","Recovering the Siren","Recovering the Siren","5d570a28-9226-43ca-b87c-6689c1d1d1b0"
"Eve, Jaymin","Jaymin Eve","","D:\story_books\Jaymin Eve\Reclaimed (Shadow Beast Shifters Bo (277)\cover.jpg","2025-07-04T21:15:50+05:30","mobi","","277","mobi-asin:33611e31-c8db-4b3f-8dd8-14a95c2ed3ad","eng","story_books","2021-01-11T21:30:00+05:30","","","","1.0","500627","","Reclaimed (Shadow Beast Shifters Book 2)","Reclaimed (Shadow Beast Shifters Book 2)","ad6dacd6-2df7-4d7f-8097-01bbd0d1afc9"
"Flynn, Erin R","Erin R Flynn","","D:\story_books\Erin R Flynn\Rebuilding the Wolf (Seraphine Thom (278)\cover.jpg","2025-07-04T21:15:51+05:30","mobi","","278","mobi-asin:9d86301e-91d9-4b69-8279-9d562b9f0c36","eng","story_books","2018-04-24T21:30:00+05:30","Supernatural Script Inc","","","1.0","640898","","Rebuilding the Wolf (Seraphine Thomas Book 8)","Rebuilding the Wolf (Seraphine Thomas Book 8)","8e74c1c7-6f71-45cf-b6c3-d74cbf597abb"
"Eve, Jaymin","Jaymin Eve","","D:\story_books\Jaymin Eve\Reborn_ Shadow Beast Shifters book (279)\cover.jpg","2025-07-04T21:15:53+05:30","mobi","","279","mobi-asin:212eef5c-718d-4051-ad72-1afca73e89bd","eng","story_books","2021-03-30T05:30:00+05:30","","","","1.0","919314","","Reborn: Shadow Beast Shifters book three","Reborn: Shadow Beast Shifters book three","41541700-8eba-449a-83d6-595af6273f33"
"Flynn, Erin R","Erin R Flynn","","D:\story_books\Erin R Flynn\Reaching Answers_ Artemis Universit (280)\cover.jpg","2025-07-04T21:15:55+05:30","mobi","","280","mobi-asin:54dfb41f-9e93-458a-a316-0cb06d472ff8","eng","story_books","2020-12-08T21:30:00+05:30","Supernatural Script, Inc","","","1.0","653804","","Reaching Answers: Artemis University (Book 8)","Reaching Answers: Artemis University (Book 8)","62f1b4ed-f63a-4a11-a443-0c5f08f3b711"
"Breene, K.F.","K.F. Breene","","D:\story_books\K.F. Breene\Raised in Fire (Fire and Ice Trilog (281)\cover.jpg","2025-07-04T21:15:56+05:30","mobi","","281","mobi-asin:e9014e43-639c-4ed4-8911-fc0baab1f9ad","eng","story_books","2017-05-16T00:00:00+05:30","","","","1.0","562819","","Raised in Fire (Fire and Ice Trilogy Book 2)","Raised in Fire (Fire and Ice Trilogy Book 2)","a1e0fcb8-407d-4385-89dc-5bf2c2ac855b"
"Maas, Sarah J.","Sarah J. Maas","*Sarah J. Maas's New York Times bestselling Throne of Glass series reaches new heights in this sweeping fourth volume.*
  

Everyone Celaena Sardothien loves has been taken from her. But she's at last returned to the empire-for vengeance, to rescue her once-glorious kingdom, and to confront the shadows of her past...
  

She has embraced her identity as Aelin Galathynius, Queen of Terrasen. But before she can reclaim her throne, she must fight. 
  

She will fight for her cousin, a warrior prepared to die just to see her again. She will fight for her friend, a young man trapped in an unspeakable prison. And she will fight for her people, enslaved to a brutal king and awaiting their lost queen's triumphant return.
  

Celaena's epic journey has captured the hearts and imaginations of millions across the globe. This fourth volume will hold readers rapt as Celaena's story builds to a passionate, agonizing crescendo that might just shatter her world.
","D:\story_books\Sarah J. Maas\Queen of Shadows (282)\cover.jpg","2025-07-04T21:15:56+05:30","mobi","","282","mobi-asin:5932498b-b394-441e-a75a-0bdbf67f8e17","eng","story_books","2015-08-31T09:30:00+05:30","Bloomsbury Publishing","","","1.0","1160520","","Queen of Shadows","Queen of Shadows","24d88f8f-8460-4b1a-8300-c7acb40c087f"
"Carpenter, Kel","Kel Carpenter","","D:\story_books\Kel Carpenter\Queen of Lies (283)\cover.jpg","2025-07-04T21:15:57+05:30","mobi","","283","mobi-asin:6bafca3f-e618-42fc-9557-71d732a3a697","eng","story_books","2018-06-18T21:30:00+05:30","","","","1.0","552819","","Queen of Lies","Queen of Lies","6c8cb4cf-a61e-4c28-94a2-62830cfb7f8e"
"Silvers, Shayne","Shayne Silvers","","D:\story_books\Shayne Silvers\Rage_ Feathers and Fire Book 2 (284)\cover.jpg","2025-07-04T21:15:58+05:30","mobi","","284","mobi-asin:14fba48b-ae45-435d-bada-8de399543425","eng","story_books","2017-10-11T11:30:00+05:30","Argento Publishing, LLC","","","1.0","765984","","Rage: Feathers and Fire Book 2","Rage: Feathers and Fire Book 2","ea0af780-f5e3-43df-a25b-67f6d273631a"
"hall, linsey","linsey hall","","D:\story_books\linsey hall\Pursuit of Magic (285)\cover.jpg","2025-07-04T21:15:59+05:30","mobi","9781942085294","285","mobi-asin:d087a29d-9488-4eec-952c-c421cf05badd,isbn:9781942085294","eng","story_books","2018-01-08T21:30:00+05:30","Bonnie Doon Press","","","1.0","460770","","Pursuit of Magic","Pursuit of Magic","2a2a707a-75ee-458e-9a49-07284f887739"
"Anderson, Annie","Annie Anderson","","D:\story_books\Annie Anderson\Queen of Fate & Fire_ Rogue Etherea (286)\cover.jpg","2025-07-04T21:16:00+05:30","mobi","","286","mobi-asin:6f3f56b3-131b-4629-b3b3-56230ea00fe0","eng","story_books","2020-07-28T00:00:00+05:30","","","","1.0","857880","","Queen of Fate & Fire: Rogue Ethereal Book Six","Queen of Fate & Fire: Rogue Ethereal Book Six","67e12df4-99e0-4975-abdd-f952043bd1c4"
"Summers, Ella","Ella Summers","","D:\story_books\Ella Summers\Psychic's Spell (Legion of Angels B (287)\cover.jpg","2025-07-04T21:16:00+05:30","mobi","","287","mobi-asin:bfb4efcc-05a8-4a7b-a4a3-4c870069a0e2","eng","story_books","2018-04-01T21:30:00+05:30","Night Spark Media","","","1.0","593160","","Psychic's Spell (Legion of Angels Book 6)","Psychic's Spell (Legion of Angels Book 6)","5f703156-537d-402d-bd80-4b6fa5b50199"
"Flynn, Erin R","Erin R Flynn","","D:\story_books\Erin R Flynn\Provoked Wolf (Seraphine Thomas Boo (288)\cover.jpg","2025-07-04T21:16:01+05:30","mobi","","288","mobi-asin:1db58ae7-2c3c-4163-b7a6-5692aad9b2a5","eng","story_books","2019-02-05T21:30:00+05:30","Supernatural Script Inc","","","1.0","622226","","Provoked Wolf (Seraphine Thomas Book 11)","Provoked Wolf (Seraphine Thomas Book 11)","d5d8186e-88c0-4122-a2dd-9e56c890bb41"
"Richardson, Kim","Kim Richardson","Never in my thirty years did I think my new normal would be a gig as a soul collector’s assistant—slave really—where I help stockpile souls from the miserable mortals who sell them to him. The demon thinks he can control me, but I plan on doing things differently… my way. But we all know it’s never that easy or that simple, especially in my life. 
Surprisingly, things get off to a good start. Who am I kidding? The job doesn’t pan out to be what I first thought. It’s worse. Way worse. And before I know it, I’m in hot water with no easy way out. 
If that isn’t bad enough, the soul collector is hiding something from me that could make or break the deal I made with him. Something, if found out, that could change everything… 
It’s time to yank up my big girl panties, chuck down some wine, and do things my way. If it doesn’t kill me first. 
If you like fast-paced urban fantasy adventure with a kick-butt heroine and plenty of action, suspense, and humor, you’ll love Practical Hexes.
","D:\story_books\Kim Richardson\Practical Hexes (289)\cover.jpg","2025-07-04T21:16:01+05:30","mobi","","289","mobi-asin:cdf42be9-1cd5-438d-ad27-45710e10f089","eng","story_books","2021-04-29T05:30:00+05:30","#PrB.rating#4.34","","","1.0","777180","","Practical Hexes","Practical Hexes","4d474a2e-adb9-4a01-8280-4b1979e620bd"
"Anderson, Annie","Annie Anderson","","D:\story_books\Annie Anderson\Priestess of Storms & Stone_ Rogue (290)\cover.jpg","2025-07-04T21:16:02+05:30","mobi","","290","mobi-asin:d1526644-ca33-4e67-9765-57da42e405a2","eng","story_books","2020-03-31T00:00:00+05:30","","","","1.0","953553","","Priestess of Storms & Stone: Rogue Ethereal Book Five","Priestess of Storms & Stone: Rogue Ethereal Book Five","fe8c3e0a-1827-498c-98c7-fb722f8f6f9f"
"Summers, Ella","Ella Summers","","D:\story_books\Ella Summers\Phoenix's Refrain (Legion of Angels (291)\cover.jpg","2025-07-04T21:16:02+05:30","mobi","","291","mobi-asin:f2da1e1f-33cd-4d34-b60c-2bb9d5f5ae9f","eng","story_books","2021-08-01T00:00:00+05:30","Night Spark Media","","","1.0","669803","","Phoenix’s Refrain (Legion of Angels Book 10)","Phoenix’s Refrain (Legion of Angels Book 10)","7fb7843b-7894-4e7a-a9cf-4ea9ab120174"
"Riordan, Rick","Rick Riordan","A brilliant Percy Jackson mini adventure plus Horrible Histories Groovy Greeks - a winning combo for World Book Day!The goddess Persephone has summoned Percy, Thalia and Nico to the Underworld in order to retrieve Hades' powerful sword before it falls into the wrong hands. Easier said than done in a world full of evil daimons, ghosts and ghouls. Not to mention Iapetos - brother of the powerful Titan lord, Kronos. This time the young demigods are really up against it - will Percy manage to return the sword before it's too late?Flip the book over for lots more ancient Greek fun with Terry Deary's brilliant Groovy Greeks:It's history with the nasty bits left in! Want to know: Why some groovy Greek girls ran about naked pretending to be bears? Who had the world's first flushing toilet? Why dedicated doctors tasted their patients' ear wax? Discover all the foul facts about the Groovy Greeks - all the gore and more!
","D:\story_books\Rick Riordan\Percy Jackson and the Sword of Hade (292)\cover.jpg","2025-07-04T21:16:03+05:30","mobi","9780955944680","292","mobi-asin:1f245a9e-a941-4791-ae69-3cfddab71f92,isbn:9780955944680","eng","story_books","2009-02-15T00:00:00+05:30","Puffin","","","1.0","116527","","Percy Jackson and the Sword of Hades","Percy Jackson and the Sword of Hades","41ac6769-6a59-4a9c-86c1-712863cc0e5b"
"hall, linsey","linsey hall","","D:\story_books\linsey hall\Phantom Magic (Dragon's Gift_ The S (293)\cover.jpg","2025-07-04T21:16:04+05:30","mobi","9781942085454","293","isbn:9781942085454,mobi-asin:270cec57-171f-4063-91b8-9fa3e57f4581","eng","story_books","2017-04-11T11:30:00+05:30","Bonnie Doon Press","","","1.0","422738","","Phantom Magic (Dragon's Gift: The Seeker Book 5)","Phantom Magic (Dragon's Gift: The Seeker Book 5)","57dc26bf-10c7-4b45-90fd-7fd2d593236d"
"Riordan, Rick","Rick Riordan","","D:\story_books\Rick Riordan\Percy Jackson and the Stolen Chario (294)\cover.jpg","2025-07-04T21:16:05+05:30","mobi","","294","mobi-asin:e0e680ed-b781-43b6-aa95-04da61813780","eng","story_books","0101-01-01T05:30:00+05:30","","","","1.0","130061","","Percy Jackson and the Stolen Chariot","Percy Jackson and the Stolen Chariot","e7355af1-8d56-4c87-9e29-374c23e81073"
"Riordan, Rick","Rick Riordan","","D:\story_books\Rick Riordan\Percy Jackson and the Bronze Dragon (295)\cover.jpg","2025-07-04T21:16:06+05:30","mobi","","295","mobi-asin:b5f16017-34a6-4b68-a6ab-3834806ec123","eng","story_books","0101-01-01T05:30:00+05:30","","","","1.0","139608","","Percy Jackson and the Bronze Dragon","Percy Jackson and the Bronze Dragon","74713c59-72aa-40c4-99b3-deddbd9c972c"
"<unknown>","<unknown>","","D:\story_books\_unknown_\Peerless Battle Spirit (296)\cover.jpg","2025-07-04T21:16:07+05:30","mobi","","296","mobi-asin:27099303-ef49-46a8-8bfa-4d6f61182c1d","eng","story_books","2021-09-11T00:00:00+05:30","","","","1.0","12582211","","Peerless Battle Spirit","Peerless Battle Spirit","3574db59-2a8c-4e19-844a-6f9811e0d3c0"
"Harrison, Kim","Kim Harrison","<p>Condemned and shunned for black magic,Rachel Morgan has three days to get tothe annual witches' conference and clearher name, or be trapped in the demonicever-after . . . forever after.But a witch, an elf, a living vampire, anda pixy in one car going across the country?Talk about a recipe for certain disaster, evenwithout being the targets for assassination.For after centuries of torment, a fearsomedemon walks in the sunlight&#8212;freed at lastto slay the innocent and devour their souls.But his ultimate goal is Rachel Morgan, andin the fight for survival that follows, evenembracing her own demonic nature maynot be enough to save her.","D:\story_books\Kim Harrison\Pale Demon (297)\cover.jpg","2025-07-04T21:16:07+05:30","mobi","","297","mobi-asin:896aba45-86e1-4316-b42b-7a83c5916fa9","eng","story_books","2011-04-15T00:00:00+05:30","HarperCollins US","","","1.0","1050883","","Pale Demon","Pale Demon","289a60e2-a762-4bcc-a493-6477a7ad9347"
"hall, linsey","linsey hall","","D:\story_books\linsey hall\Origin of Magic (Dragon's Gift_ The (298)\cover.jpg","2025-07-04T21:16:08+05:30","mobi","9781942085270","298","mobi-asin:29fb9b36-a217-4a94-a255-16b9642700a3,isbn:9781942085270","eng","story_books","2017-07-25T21:30:00+05:30","Bonnie Doon Press","","","1.0","448430","","Origin of Magic (Dragon's Gift: The Protector Book 3)","Origin of Magic (Dragon's Gift: The Protector Book 3)","9cded28b-9dfe-46ab-bcc3-bc9570b6ec8b"
"Mayer, Shannon","Shannon Mayer","","D:\story_books\Shannon Mayer\Oracle's Haunt (299)\cover.jpg","2025-07-04T21:16:08+05:30","mobi","","299","mobi-asin:bf7da8b9-765c-4a92-a55a-d0d7f92723ae","eng","story_books","0101-01-01T05:30:00+05:30","Hijinks Ink Publishing","","","1.0","878031","","Oracle’s Haunt","Oracle’s Haunt","67d9e886-90b6-4b4f-870d-a22d2a9b054a"
"Frost, Jeaniene","Jeaniene Frost","","D:\story_books\Jeaniene Frost\One Foot in the Grave (300)\cover.jpg","2025-07-04T21:16:08+05:30","mobi","","300","mobi-asin:b2d9a5bb-3bfb-495f-ad55-3908f417cb40","eng","story_books","2012-04-22T15:18:40+05:30","","","","1.0","423071","","One Foot in the Grave","One Foot in the Grave","6f0ead40-7269-475f-98a2-1f343351a10c"
"Frost, Jeaniene","Jeaniene Frost","","D:\story_books\Jeaniene Frost\One Grave at a Time (301)\cover.jpg","2025-07-04T21:16:09+05:30","mobi","","301","mobi-asin:8a9e964a-a831-4698-b423-f97a91dbc5c8","eng","story_books","2011-08-30T09:30:00+05:30","Avon","","","1.0","598408","","One Grave at a Time","One Grave at a Time","12b0ac23-39e6-4934-828e-ff30337a8247"
"Wright, Suzanne","Suzanne Wright","","D:\story_books\Suzanne Wright\Omens (302)\cover.jpg","2025-07-04T21:16:09+05:30","mobi","","302","mobi-asin:d748be9b-bc21-484b-93a1-d1018cebe3c6","eng","story_books","2020-07-28T00:00:00+05:30","Little, Brown Book Group","","","1.0","624758","","Omens","Omens","ec25da86-3e9f-448a-b717-688fa3a1caae"
"Silvers, Shayne & O'Connell, Cameron","Shayne Silvers & Cameron O'Connell","","D:\story_books\Shayne Silvers\Old Fashioned_ Phantom Queen Book 3 (303)\cover.jpg","2025-07-04T21:16:09+05:30","mobi","","303","mobi-asin:77e547bc-f90a-4baf-b861-6d8fa5f1ad54","eng","story_books","2018-06-25T21:30:00+05:30","Argento Publishing, LLC","","","1.0","833372","","Old Fashioned: Phantom Queen Book 3 - A Temple Verse Series (The Phantom Queen Diaries)","Old Fashioned: Phantom Queen Book 3 - A Temple Verse Series (The Phantom Queen Diaries)","90fa867e-2eac-4976-b056-56068c7e64c1"
"Silvers, Shayne","Shayne Silvers","The Minotaur — a violent creature spawned from Greek legends — has become a Buddhist. Oblivious to his change in dogma, Nate Temple — part-time wizard, full-time bookstore owner, and well-timed smartass — seeks him out to find answers about a rare, untitled book on dragons for a mysterious new client. But cow-tipping him might not have been the best opening move, especially after he’s booted straight into the waiting arms of the police, who intend to question him about the mysterious circumstances that surround the death of his billionaire parents — circumstances that he never could have anticipated.
Shape-shifting dragons are dead set on taking over his city, murdering bookstore owners all over town in search of a particular book to use during the upcoming solar eclipse. Nate, never one to back down from an impossible fight, joins his closet-werewolf, FBI Agent friend to stake a flag under the St. Louis Arch, declaring it immune to a reptile dysfunction. But dragons begin to crawl out of the stonework, hungry for a fire-roasted wizard and werewolf kabob.
Known as a depraved playboy and the new owner of a multi-billion-dollar company makes trying to keep his face — and his growing magical abilities — out of the media an impossibility, and between battling a pack of renegade gargoyles, and slaying a dragon in a high-speed car chase in broad daylight, Temple finds his magical anonymity challenged by the journalistic efforts of the five o’clock news. Nate must learn the truth of a stunning betrayal that leads all the way back to his parents’ murder if he hopes to save everyone he cares about. But not before dishing out a world of hurt on the dragons with his new motley crew of Black-Ops supernaturals.
","D:\story_books\Shayne Silvers\Obsidian Son (The Temple Chronicles (304)\cover.jpg","2025-07-04T21:16:10+05:30","mobi","","304","mobi-asin:c8a7d97f-fec4-44ea-b814-5e6c94de3d6b","eng","story_books","2012-10-08T12:30:00+05:30","Argento Publishing","","","1.0","704329","urban fantasy, Paranormal, comedy, St. Louis, Werewolves, were-dragon, Romance, weredragon, weredragons, Funny, Magic, Adventure, Bestseller, fantasy, were-wolf, werewolf, Wizard, dragon hunters, Action, Dragons, Supernatural, new, Suspense, Mystery, Romantic, were-dragons, Dragon, were-wolves, thriller, best-seller, Wizards","Obsidian Son (The Temple Chronicles Book 1)","Obsidian Son (The Temple Chronicles Book 1)","edb31f60-c0eb-40d8-9d43-3f0d070cb767"
"Silvers, Shayne","Shayne Silvers","","D:\story_books\Shayne Silvers\Nine Souls (305)\cover.jpg","2025-07-04T21:16:10+05:30","mobi","","305","mobi-asin:1ada2f10-8979-42b3-81a5-983985c6e08c","eng","story_books","2018-02-25T10:30:00+05:30","Argento Publishing, LLC","","","1.0","762479","","Nine Souls","Nine Souls","593e715f-c1f3-4c84-bffb-e677b1ea6098"
"Breene, K.F.","K.F. Breene","","D:\story_books\K.F. Breene\Natural Witch (306)\cover.jpg","2025-07-04T21:16:11+05:30","mobi","","306","mobi-asin:ed576ab6-4f4d-4da0-9e07-ee10be5d46f1","eng","story_books","2018-01-25T11:30:00+05:30","DDVN World","","","1.0","723990","","Natural Witch","Natural Witch","9b441fe2-7bc9-45e2-bce1-9016cbb12e77"
"Breene, K.F.","K.F. Breene","","D:\story_books\K.F. Breene\Natural Mage (307)\cover.jpg","2025-07-04T21:16:11+05:30","mobi","","307","mobi-asin:50c2ba2b-5c6b-43c5-9169-a99083c8aecd","eng","story_books","2018-04-10T10:30:00+05:30","DDVN World","","","1.0","911259","","Natural Mage","Natural Mage","f574f896-2c8c-44b6-8d5e-054417305885"
"Breene, K.F.","K.F. Breene","","D:\story_books\K.F. Breene\Natural Dual-Mage (Magical Mayhem B (308)\cover.jpg","2025-07-04T21:16:12+05:30","mobi","","308","mobi-asin:c8b26e89-9c00-410d-a218-0aef873b9b8f","eng","story_books","2018-06-04T21:30:00+05:30","DDVN World","","","1.0","817413","","Natural Dual-Mage (Magical Mayhem Book 3)","Natural Dual-Mage (Magical Mayhem Book 3)","be167c8d-d2dc-4e5e-b0cf-dbec2bff59ea"
"Flynn, Erin R","Erin R Flynn","","D:\story_books\Erin R Flynn\Multiplying Storms_ Artemis Univers (309)\cover.jpg","2025-07-04T21:16:12+05:30","mobi","","309","mobi-asin:aa6459e4-51e7-43fb-a4a1-b3fc56fd6ab7","eng","story_books","2021-07-30T04:30:00+05:30","Supernatural Script, Inc","","","1.0","601610","","Multiplying Storms: Artemis University (Book 11)","Multiplying Storms: Artemis University (Book 11)","f478a37f-c895-4ab4-be58-f9e817fbe268"
"Silvers, Shayne & O'Connell, Cameron","Shayne Silvers & Cameron O'Connell","","D:\story_books\Shayne Silvers\Moonshine_ Phantom Queen Book 11--A (310)\cover.jpg","2025-07-04T21:16:13+05:30","mobi","","310","mobi-asin:8186b5db-c1e8-4f48-b520-5978cf44cbf9","eng","story_books","2020-07-14T21:30:00+05:30","Argento Publishing","","","1.0","892020","","Moonshine: Phantom Queen Book 11—A Temple Verse Series (The Phantom Queen Diaries)","Moonshine: Phantom Queen Book 11—A Temple Verse Series (The Phantom Queen Diaries)","ce4043d1-3060-433e-816e-2a98f57cf142"
"Silvers, Shayne & O'Connell, Cameron","Shayne Silvers & Cameron O'Connell","","D:\story_books\Shayne Silvers\Moscow Mule_ Phantom Queen Book 5 - (311)\cover.jpg","2025-07-04T21:16:13+05:30","mobi","","311","mobi-asin:8941ef4b-c29c-4d37-ba4d-f5cf9e432576","eng","story_books","2018-10-06T21:30:00+05:30","Argento Publishing, LLC","","","1.0","811299","","Moscow Mule: Phantom Queen Book 5 - A Temple Verse Series (The Phantom Queen Diaries)","Moscow Mule: Phantom Queen Book 5 - A Temple Verse Series (The Phantom Queen Diaries)","92d6b158-5846-4682-80f1-8f47030644f6"
"Banet, K.N.","K.N. Banet","","D:\story_books\K.N. Banet\Monsters (Kaliya Sahni Book 3) (312)\cover.jpg","2025-07-04T21:16:14+05:30","mobi","","312","mobi-asin:03840256-5b60-48b5-8877-50c8d9583227","eng","story_books","2021-01-18T21:30:00+05:30","","","","1.0","483157","","Monsters (Kaliya Sahni Book 3)","Monsters (Kaliya Sahni Book 3)","00c530cd-4242-42eb-8d53-d6abbde63b4a"
"Richardson, Kim","Kim Richardson","**Get ready for this heart-pounding and laugh out loud magical adventure!**  
  
Just when I thought I’d finally gotten my life back on track, the unexpected happens.  
  
It’s the annual Night Festival in Hollow Cove, a paranormal festival extravaganza that lasts for five nights and features a multitude of powerful faces in our paranormal circles.  
  
There’s only one little problem. Someone ends up dead. And I’m the one accused of murder.  
  
As my life spirals down the crapper once again, things between me and Marcus are even more confusing than ever before—hot—but ridiculously confusing. And to add to my wondrous good fortune—something or someone is trying to kill me.  
  
So, what is a witch do to? Find the culprit and clear my name, that’s what.
","D:\story_books\Kim Richardson\Midnight Spells (313)\cover.jpg","2025-07-04T21:16:14+05:30","mobi","","313","mobi-asin:a4a81359-fe2c-4e9b-8b9a-d946b25e30ad","eng","story_books","2020-09-29T09:30:00+05:30","","","","1.0","507473","","Midnight Spells","Midnight Spells","7d7c5dd6-de0b-467a-bf1f-333a9fb0a6ec"
"Summers, Ella","Ella Summers","","D:\story_books\Ella Summers\Mercenary Magic (314)\cover.jpg","2025-07-04T21:16:15+05:30","mobi","","314","mobi-asin:de7bd74e-e1c3-475e-82d5-e0926da527d9","eng","story_books","2015-10-13T04:30:00+05:30","","","","1.0","403949","BluA","Mercenary Magic","Mercenary Magic","3eef893a-764f-4de5-9da7-68dc8b57c38f"
"Breene, K.F.","K.F. Breene","","D:\story_books\K.F. Breene\Mentored in Fire (315)\cover.jpg","2025-07-04T21:16:15+05:30","mobi","","315","mobi-asin:553061d0-1bd0-4d19-bf8e-caa56eb5c25d","eng","story_books","2021-07-30T00:00:00+05:30","","","","1.0","895600","","Mentored in Fire","Mentored in Fire","a3444cc6-8c24-41a4-8174-6ab158e20755"
"hall, linsey","linsey hall","","D:\story_books\linsey hall\Master of Magic (316)\cover.jpg","2025-07-04T21:16:15+05:30","mobi","9781942085560","316","mobi-asin:6095c55f-f548-4070-8558-86c4874672e5,isbn:9781942085560","eng","story_books","2018-03-08T21:30:00+05:30","Bonnie Doon Press","","","1.0","459825","","Master of Magic","Master of Magic","f65dbf3d-c0bd-4f21-8e01-f7256c4a79ff"
"hall, linsey","linsey hall","","D:\story_books\linsey hall\Mirror Mage_ a New Adult Urban Fant (317)\cover.jpg","2025-07-04T21:16:16+05:30","mobi","","317","mobi-asin:9052147f-8425-433a-b95e-81fde2ed1d9d","eng","story_books","2016-05-03T09:30:00+05:30","Bonnie Doon Press","","","1.0","455771","","Mirror Mage: a New Adult Urban Fantasy (Dragon's Gift: The Huntress Book 2)","Mirror Mage: a New Adult Urban Fantasy (Dragon's Gift: The Huntress Book 2)","4f641e0e-bd41-4ddc-a7df-83d8eb1a9f68"
"Bee, Kindhearted","Kindhearted Bee","","D:\story_books\Kindhearted Bee\Martial God Asura - Volume 08 - Bat (318)\cover.jpg","2025-07-04T21:16:17+05:30","mobi","","318","mobi-asin:128f7bc6-aabb-4ad7-bc89-aae7fd6e0041","eng","story_books","2019-02-16T00:00:00+05:30","","","","1.0","976913","","Martial God Asura - Volume 08 - Battle Of Prophecy - Chapter 3109-3258 (incomplete)","Martial God Asura - Volume 08 - Battle Of Prophecy - Chapter 3109-3258 (incomplete)","2a59e404-8a4f-4a69-9896-699f2023b3ad"
"Bee, Kindhearted","Kindhearted Bee","","D:\story_books\Kindhearted Bee\Martial God Asura - Volume 07 - Ret (319)\cover.jpg","2025-07-04T21:16:17+05:30","mobi","","319","mobi-asin:d10708df-84e2-482a-b2b5-f390a71822b9","eng","story_books","2019-02-16T00:00:00+05:30","","","","1.0","2802976","","Martial God Asura - Volume 07 - Return Of The Discarded Child","Martial God Asura - Volume 07 - Return Of The Discarded Child","3d2b544b-e04a-4e03-bcf9-e18ac870ea7c"
"Bee, Kindhearted","Kindhearted Bee","","D:\story_books\Kindhearted Bee\Martial God Asura - Volume 06 - Hun (320)\cover.jpg","2025-07-04T21:16:17+05:30","mobi","","320","mobi-asin:c321bc70-2069-4749-b681-e8d8f7d2ac6d","eng","story_books","2019-02-16T00:00:00+05:30","","","","1.0","3612625","","Martial God Asura - Volume 06 - Hundred Refinements Ordinary Realm","Martial God Asura - Volume 06 - Hundred Refinements Ordinary Realm","756a278d-3d3a-4c0e-8815-c142d93897fa"
"Bee, Kindhearted","Kindhearted Bee","","D:\story_books\Kindhearted Bee\Martial God Asura - Volume 05 - Bat (321)\cover.jpg","2025-07-04T21:16:18+05:30","mobi","","321","mobi-asin:827990cf-3960-40e5-95de-e74d38abccc5","eng","story_books","2019-02-16T00:00:00+05:30","","","","1.0","3893726","","Martial God Asura - Volume 05 - Battle For Overlord","Martial God Asura - Volume 05 - Battle For Overlord","c1b372bd-efc4-4cf1-9c27-90c428d99fee"
"Bee, Kindhearted","Kindhearted Bee","","D:\story_books\Kindhearted Bee\Martial God Asura - Volume 04 - A N (322)\cover.jpg","2025-07-04T21:16:18+05:30","mobi","","322","mobi-asin:d95a7b7a-1a8b-4fd5-860d-ac9f93c20b42","eng","story_books","2017-10-22T00:00:00+05:30","","","","1.0","3732025","","Martial God Asura - Volume 04 - A New Journey","Martial God Asura - Volume 04 - A New Journey","bdca4a15-a736-412d-9b08-72faab629959"
"Bee, Kindhearted","Kindhearted Bee","","D:\story_books\Kindhearted Bee\Martial God Asura - Volume 03 - Eas (323)\cover.jpg","2025-07-04T21:16:19+05:30","mobi","","323","mobi-asin:c14b73af-49c4-4dd9-ae49-691b681d9e78","eng","story_books","2016-10-31T00:00:00+05:30","","","","1.0","2643842","","Martial God Asura - Volume 03 - Eastern Sea Region","Martial God Asura - Volume 03 - Eastern Sea Region","0fa2679c-ad15-41d5-9961-623b036d41f9"
"Bee, Kindhearted","Kindhearted Bee","","D:\story_books\Kindhearted Bee\Martial God Asura - Volume 02 - Swe (324)\cover.jpg","2025-07-04T21:16:19+05:30","mobi","","324","mobi-asin:937e37f4-d924-47aa-9b1f-e272e0c23d8a","eng","story_books","2016-07-03T00:00:00+05:30","","","","1.0","1828294","","Martial God Asura - Volume 02 - Sweeping Through the Nine Provinces","Martial God Asura - Volume 02 - Sweeping Through the Nine Provinces","c293359a-3ab1-4b8e-b8ec-56cb52c2d22a"
"Bee, Kindhearted","Kindhearted Bee","","D:\story_books\Kindhearted Bee\Martial God Asura - Volume 01 - Bat (325)\cover.jpg","2025-07-04T21:16:20+05:30","mobi","","325","mobi-asin:b73af44c-d5f0-4942-8f33-c91d7b678b53","eng","story_books","2016-07-03T00:00:00+05:30","","","","1.0","1632826","","Martial God Asura - Volume 01 - Battle of Dignity","Martial God Asura - Volume 01 - Battle of Dignity","950cd216-2740-4b3b-b159-3f1f162123b5"
"Flynn, Erin R","Erin R Flynn","","D:\story_books\Erin R Flynn\Managing Expectations_ Artemis Univ (326)\cover.jpg","2025-07-04T21:16:20+05:30","mobi","","326","mobi-asin:149b8da7-f7ee-4674-97b5-0c549cbcf203","eng","story_books","2021-01-21T21:30:00+05:30","Supernatural Script, Inc","","","1.0","612631","","Managing Expectations: Artemis University (Book 9)","Managing Expectations: Artemis University (Book 9)","bcff7b7b-d97e-465b-af86-1cd49a38c94b"
"Riordan, Rick","Rick Riordan","","D:\story_books\Rick Riordan\Magnus Chase and the Sword of Summe (327)\cover.jpg","2025-07-04T21:16:21+05:30","mobi","9780141342436","327","mobi-asin:73b1af19-11fc-4e8c-9053-a4a18abddd34,isbn:9780141342436","eng","story_books","2015-10-05T00:00:00+05:30","Penguin Books Ltd","","","1.0","1476174","fantasy","Magnus Chase and the Sword of Summer","Magnus Chase and the Sword of Summer","d42adf36-4f7a-4439-b3db-404891daac5e"
"Richardson, Kim","Kim Richardson","","D:\story_books\Kim Richardson\Magical Mojo (The Witches of Hollow (328)\cover.jpg","2025-07-04T21:16:21+05:30","mobi","","328","mobi-asin:c5b2a090-0446-45c6-a631-12c73497c46a","eng","story_books","2021-02-16T21:30:00+05:30","fableprint","","","1.0","645105","","Magical Mojo (The Witches of Hollow Cove Book 4)","Magical Mojo (The Witches of Hollow Cove Book 4)","ef3e5bdb-945e-4c54-b774-4f0da41478e8"
"Breene, K.F.","K.F. Breene","","D:\story_books\K.F. Breene\Magical Midlife Meeting_ A Paranorm (329)\cover.jpg","2025-07-04T21:16:22+05:30","mobi","","329","mobi-asin:4fd965ea-1268-4871-8651-742202d0b869","eng","story_books","2021-04-26T21:30:00+05:30","","","","1.0","607512","","Magical Midlife Meeting: A Paranormal Women's Fiction Novel (Leveling Up Book 5)","Magical Midlife Meeting: A Paranormal Women's Fiction Novel (Leveling Up Book 5)","2176d902-693e-4c89-ba28-9eb15f491673"
"hall, linsey","linsey hall","","D:\story_books\linsey hall\Magic Wild (Dragon's Gift_ The Seek (330)\cover.jpg","2025-07-04T21:16:22+05:30","mobi","9781942085355","330","isbn:9781942085355,mobi-asin:ad04fa3d-9c58-4a73-986a-b8525056e9d0","eng","story_books","2017-03-07T21:30:00+05:30","Bonnie Doon Press","","","1.0","399297","","Magic Wild (Dragon's Gift: The Seeker Book 4)","Magic Wild (Dragon's Gift: The Seeker Book 4)","b673dcf5-3ef3-4e5b-8f1e-7f7784a69f0f"
"hall, linsey","linsey hall","","D:\story_books\linsey hall\Magic Undying (Dragon's Gift_ The S (331)\cover.jpg","2025-07-04T21:16:23+05:30","mobi","9781942085041","331","mobi-asin:3e90cb5a-1c46-4a8e-b49a-1bf4f87ddad0,isbn:9781942085041","eng","story_books","2016-11-24T05:30:00+05:30","Bonnie Doon Press","","","1.0","443979","","Magic Undying (Dragon's Gift: The Seeker Book 1)","Magic Undying (Dragon's Gift: The Seeker Book 1)","057d146e-e063-456f-9552-6a8ff01e228d"
"hall, linsey","linsey hall","","D:\story_books\linsey hall\Magic Revealed (332)\cover.jpg","2025-07-04T21:16:23+05:30","mobi","9781942085232","332","mobi-asin:415d2a28-3481-4ba8-aaf3-28da86b53f6e,isbn:9781942085232","eng","story_books","2017-01-25T05:30:00+05:30","Bonnie Doon Press","","","1.0","491892","BA","Magic Revealed","Magic Revealed","ff908a64-9629-4ca7-b70e-0f549d639187"
"Summers, Ella","Ella Summers","","D:\story_books\Ella Summers\Magic Nights (333)\cover.jpg","2025-07-04T21:16:23+05:30","mobi","","333","mobi-asin:ffb24900-881f-4430-b233-62319ac7ec34","eng","story_books","2016-01-06T05:30:00+05:30","","","","1.0","442266","BluA","Magic Nights","Magic Nights","4c002ce1-523e-43f9-9c82-61eb7b57099c"
"Summers, Ella","Ella Summers","","D:\story_books\Ella Summers\Magic Games (334)\cover.jpg","2025-07-04T21:16:24+05:30","mobi","","334","mobi-asin:bf195999-6976-4dc6-8b10-42f361843b13","eng","story_books","2015-11-30T05:30:00+05:30","","","","1.0","502450","BluA","Magic Games","Magic Games","5493e41c-21c5-4d90-9df5-928acda0b831"
"Summers, Ella","Ella Summers","**Limited time sale price!**
Mercenary mage Alex Dering has spent most of her life killing deadly monsters for only peanuts in return—until the world’s most legendary immortal hires her for a prestigious assignment in Europe. In return for hunting down misbehaving supernaturals, he’s going to pay her a boatload of cash. 
But a straightforward slash and burn extermination in Zurich gets a whole lot more complicated for Alex when a gang of vampires steals one piece of a magical artifact that, once assembled, has the power to kill every supernatural in the city. Well out of her depth, she’s forced into a precarious partnership with a notorious assassin, a man as seductive as he is deadly. With a band of killers hot on their trail, Alex has no choice but to trust him—even if that trust could expose her most guarded secret. 
*Magic Edge* is the first book in the *Dragon Born Alexandria* urban fantasy series. 
## The Dragon Born Series
The *Dragon Born Serafina* and *Dragon Born Alexandria* sister series can be read independently or together. Suggested reading order:
  * Mercenary Magic (Dragon Born Serafina, Book 1)
  * Magic Edge (Dragon Born Alexandria, Book 1)
  * Magic Games (Dragon Born Serafina, Book 2) ~ coming soon!
  * And more books coming later...


**
","D:\story_books\Ella Summers\Magic Edge (335)\cover.jpg","2025-07-04T21:16:24+05:30","mobi","","335","mobi-asin:eb4f1e06-afd8-4b66-b3c5-9538a40b7f19","eng","story_books","2015-11-07T21:30:00+05:30","","","","1.0","389847","","Magic Edge","Magic Edge","722f5a28-a14f-45a0-858b-bae52b77fa85"
"Summers, Ella","Ella Summers","","D:\story_books\Ella Summers\Magic Kingdom (Dragon Born Alexandr (336)\cover.jpg","2025-07-04T21:16:25+05:30","mobi","","336","mobi-asin:19fe9430-2a0c-4814-87f8-5dc6c53c3d77","eng","story_books","2016-04-23T00:00:00+05:30","Night Spark Media","","","1.0","3403642","","Magic Kingdom (Dragon Born Alexandria Book 3)","Magic Kingdom (Dragon Born Alexandria Book 3)","b5cc0eb2-5eb1-4a26-9f7b-6544ebbce681"
"Summers, Ella","Ella Summers","","D:\story_books\Ella Summers\Magic Immortal (Dragon Born Awakeni (337)\cover.jpg","2025-07-04T21:16:26+05:30","mobi","","337","mobi-asin:82765548-61e2-4a74-95ff-28723f034b43","eng","story_books","2018-11-19T00:00:00+05:30","Night Spark Media","","","1.0","3477700","","Magic Immortal (Dragon Born Awakening Book 3)","Magic Immortal (Dragon Born Awakening Book 3)","3dd0dfcb-4757-4ff0-8317-f93be973832e"
"Snow, Sara","Sara Snow","","D:\story_books\Sara Snow\Luna Darkness_ Book 4 of the Luna R (338)\cover.jpg","2025-07-04T21:16:26+05:30","mobi","","338","mobi-asin:46799088-2a73-4863-9772-099b589f9c93","eng","story_books","2020-07-23T21:30:00+05:30","","","","1.0","296547","","Luna Darkness: Book 4 of the Luna Rising Series (A Paranormal Shifter Romance Series)","Luna Darkness: Book 4 of the Luna Rising Series (A Paranormal Shifter Romance Series)","7d7a3b79-aafb-4dba-8a9a-2e56ecd210a9"
"Snow, Sara","Sara Snow","","D:\story_books\Sara Snow\Luna Conflicted_ Book 3 of The Luna (339)\cover.jpg","2025-07-04T21:16:27+05:30","mobi","","339","mobi-asin:df281c5b-baba-401f-8b97-3dbbc6d3087d","eng","story_books","2020-06-25T21:30:00+05:30","","","","1.0","285402","","Luna Conflicted: Book 3 of The Luna Rising Series (A Paranormal Shifter Romance Series)","Luna Conflicted: Book 3 of The Luna Rising Series (A Paranormal Shifter Romance Series)","31724086-8393-4663-bda1-1ed4403327eb"
"Snow, Sara","Sara Snow","","D:\story_books\Sara Snow\Luna Rising_ Book 1 of the Luna Ris (340)\cover.jpg","2025-07-04T21:16:28+05:30","mobi","","340","mobi-asin:27899799-9690-42b7-b96f-bda66a86ad15","eng","story_books","2020-04-16T21:30:00+05:30","","","","1.0","232223","","Luna Rising: Book 1 of the Luna Rising Series","Luna Rising: Book 1 of the Luna Rising Series","f82612f0-cc96-4a7e-9246-50a5ab4d274f"
"Snow, Sara","Sara Snow","","D:\story_books\Sara Snow\Luna Captured_ Book 2 of the Luna R (341)\cover.jpg","2025-07-04T21:16:28+05:30","mobi","","341","mobi-asin:e3b3e3e2-52e5-42dd-b0e2-c277d364bcea","eng","story_books","2020-05-21T21:30:00+05:30","","","","1.0","240625","","Luna Captured: Book 2 of the Luna Rising Series","Luna Captured: Book 2 of the Luna Rising Series","50a7f17f-6c4c-45c2-a51c-f92e1e271e1e"
"Snow, Sara","Sara Snow","","D:\story_books\Sara Snow\Luna Chosen_ Book 5 of the Luna Ris (342)\cover.jpg","2025-07-04T21:16:28+05:30","mobi","","342","mobi-asin:ac910f38-2fa1-417b-b1fc-23121b772149","eng","story_books","2020-09-24T21:30:00+05:30","","","","1.0","394911","","Luna Chosen: Book 5 of the Luna Rising Series (A Paranormal Shifter Romance Series)","Luna Chosen: Book 5 of the Luna Rising Series (A Paranormal Shifter Romance Series)","5cdb0e4c-b98a-4d19-b7c9-a6c970d4b206"
"Silvers, Shayne","Shayne Silvers","","D:\story_books\Shayne Silvers\Legend_ A Nate Temple Supernatural (343)\cover.jpg","2025-07-04T21:16:29+05:30","mobi","","343","mobi-asin:adf044aa-0f92-4506-a392-61e341fd8af3","eng","story_books","2018-12-10T21:30:00+05:30","Argento Publishing","","","1.0","722391","","Legend: A Nate Temple Supernatural Thriller Book 11 (The Temple Chronicles)","Legend: A Nate Temple Supernatural Thriller Book 11 (The Temple Chronicles)","8a3fc5f6-0ecd-4a52-aec5-fe81eae85790"
"Estep, Jennifer","Jennifer Estep","","D:\story_books\Jennifer Estep\Last Strand (344)\cover.jpg","2025-07-04T21:16:29+05:30","mobi","","344","mobi-asin:518203d8-ece9-457e-aaf0-f524637da004","eng","story_books","2021-03-16T10:30:00+05:30","Jennifer Estep","","","1.0","547064","","Last Strand","Last Strand","74979be7-b008-49c1-bd3b-08e8b32ec5c1"
"Anderson, Annie","Annie Anderson","","D:\story_books\Annie Anderson\Lady of Madness & Moonlight (Rogue (345)\cover.jpg","2025-07-04T21:16:30+05:30","mobi","","345","mobi-asin:82b480f8-10e4-4b8d-86a7-7018bbfff870","eng","story_books","2019-06-25T04:30:00+05:30","","","","1.0","884442","","Lady of Madness & Moonlight (Rogue Ethereal Book 3)","Lady of Madness & Moonlight (Rogue Ethereal Book 3)","9a04e806-f019-4be3-907f-c477cb37aa97"
"Silvers, Shayne","Shayne Silvers","","D:\story_books\Shayne Silvers\Knightmare_ Nate Temple Series Book (346)\cover.jpg","2025-07-04T21:16:30+05:30","mobi","","346","mobi-asin:8fef3103-6444-4eba-8d8d-1cb1ff8a4a3f","eng","story_books","2019-07-29T21:30:00+05:30","Argento Publishing, LLC","","","1.0","990310","","Knightmare: Nate Temple Series Book 12","Knightmare: Nate Temple Series Book 12","52035528-ef30-4323-af09-20eba0cac6e8"
"Maas, Sarah J.","Sarah J. Maas","","D:\story_books\Sarah J. Maas\Kingdom of Ash (347)\cover.jpg","2025-07-04T21:16:31+05:30","mobi","","347","mobi-asin:4adaaed5-958c-4c00-b131-b71e54d7a040","eng","story_books","0101-01-01T05:30:00+05:30","Bloomsbury","","","1.0","1504475","","Kingdom of Ash","Kingdom of Ash","1e69d3fe-157e-49f7-8213-5c433c2d120e"
"Flynn, Erin R","Erin R Flynn","","D:\story_books\Erin R Flynn\Invading Alpha (Seraphine Thomas Bo (348)\cover.jpg","2025-07-04T21:16:31+05:30","mobi","","348","mobi-asin:fa8e919f-4679-454a-9d9c-4e18af861726","eng","story_books","2018-07-19T21:30:00+05:30","Supernatural Script Inc","","","1.0","640693","","Invading Alpha (Seraphine Thomas Book 9)","Invading Alpha (Seraphine Thomas Book 9)","4372f977-c160-48d6-bc55-255ae80b906d"
"Mayer, Shannon","Shannon Mayer","","D:\story_books\Shannon Mayer\Jinn's Dominion (349)\cover.jpg","2025-07-04T21:16:32+05:30","mobi","9781987933437","349","mobi-asin:78cc3ef8-4983-4ffd-8a87-3d620337ab02,isbn:9781987933437","eng","story_books","2018-06-11T21:30:00+05:30","Hijinks Ink Publishing","","","1.0","480483","","Jinn's Dominion","Jinn's Dominion","5db7d5eb-6d64-423f-9aaa-822373e60e40"
"hall, linsey","linsey hall","","D:\story_books\linsey hall\Institute of Magic (350)\cover.jpg","2025-07-04T21:16:32+05:30","mobi","9781942085584","350","mobi-asin:96aed730-fa2c-4cd9-9a65-130c5a3b9f96,isbn:9781942085584","eng","story_books","2018-04-30T21:30:00+05:30","Bonnie Doon Press","","","1.0","418945","","Institute of Magic","Institute of Magic","25662666-9506-4a5e-827a-2fece9ca021f"
"hall, linsey","linsey hall","","D:\story_books\linsey hall\Infinite Magic (Dragon's Gift_ The (351)\cover.jpg","2025-07-04T21:16:33+05:30","mobi","","351","mobi-asin:f768c843-4e75-43e4-89d7-40c4f9224499","eng","story_books","2016-09-09T11:30:00+05:30","Bonnie Doon Press","","","1.0","469191","","Infinite Magic (Dragon's Gift: The Huntress Book 5)","Infinite Magic (Dragon's Gift: The Huntress Book 5)","6bf3151c-68ee-4759-9ce6-07a601949756"
"Silvers, Shayne & O'Connell, Cameron","Shayne Silvers & Cameron O'Connell","","D:\story_books\Shayne Silvers\Hurricane_ Phantom Queen Book 9 - A (352)\cover.jpg","2025-07-04T21:16:33+05:30","mobi","","352","mobi-asin:c07296b8-a29f-4e7f-983f-684586e07085","eng","story_books","2020-01-29T21:30:00+05:30","Argento Publishing","","","1.0","746563","","Hurricane: Phantom Queen Book 9 - A Temple Verse Series (The Phantom Queen Diaries)","Hurricane: Phantom Queen Book 9 - A Temple Verse Series (The Phantom Queen Diaries)","76f2c61e-1565-4f78-a29b-95d3040c151a"
"Flynn, Erin R","Erin R Flynn","","D:\story_books\Erin R Flynn\Hunted Wolf (Seraphine Thomas Book (353)\cover.jpg","2025-07-04T21:16:34+05:30","mobi","","353","mobi-asin:5242ce06-6053-4d4b-b99a-8fc59adb0481","eng","story_books","2017-12-25T21:30:00+05:30","Supernatural Script Inc","","","1.0","675733","","Hunted Wolf (Seraphine Thomas Book 6)","Hunted Wolf (Seraphine Thomas Book 6)","9d8e5da3-ee9e-4a3c-b2cc-0f68e1d954ae"
"Silvers, Shayne","Shayne Silvers","","D:\story_books\Shayne Silvers\Horseman_ A Nate Temple Supernatura (354)\cover.jpg","2025-07-04T21:16:34+05:30","mobi","","354","mobi-asin:755f0648-d857-4d79-b226-35b12f09d033","eng","story_books","2018-08-20T21:30:00+05:30","Argento Publishing","","","1.0","898500","","Horseman: A Nate Temple Supernatural Thriller Book 10 (The Temple Chronicles)","Horseman: A Nate Temple Supernatural Thriller Book 10 (The Temple Chronicles)","0f2090cf-b7f4-45fe-8236-2871d6ee44cd"
"Moss, Sadie","Sadie Moss","","D:\story_books\Sadie Moss\Hunt (Academy of Unpredictable Magi (355)\cover.jpg","2025-07-04T21:16:35+05:30","mobi","","355","mobi-asin:8a30448d-fad6-42a0-9015-67d6e6732747","eng","story_books","2019-08-14T21:30:00+05:30","","","","1.0","345496","","Hunt (Academy of Unpredictable Magic Book 5)","Hunt (Academy of Unpredictable Magic Book 5)","67e75ac4-8c7d-43bc-a164-047e019c7254"
"Carpenter, Kel","Kel Carpenter","","D:\story_books\Kel Carpenter\Heir of Shadows (Daizlei Academy Bo (356)\cover.jpg","2025-07-04T21:16:35+05:30","mobi","","356","mobi-asin:84d82d76-8b93-405f-95ba-384483176075","eng","story_books","2016-11-08T05:30:00+05:30","Kel Carpenter","","","1.0","576363","","Heir of Shadows (Daizlei Academy Book 1)","Heir of Shadows (Daizlei Academy Book 1)","76db615a-4157-4762-b58b-0443b6bc8e52"
"Snow, T.S.","T.S. Snow","","D:\story_books\T.S. Snow\Hectic (Arcane Mage Series Book 2) (357)\cover.jpg","2025-07-04T21:16:36+05:30","mobi","","357","mobi-asin:640bbbab-ba1e-4050-a3a0-56286c298ae6","eng","story_books","2020-11-25T21:30:00+05:30","","","","1.0","543087","","Hectic (Arcane Mage Series Book 2)","Hectic (Arcane Mage Series Book 2)","a7706e53-7c2f-4656-81e8-e436b8dd0793"
"Frost, Jeaniene","Jeaniene Frost","SUMMARY: Fans of Kim Harrison will love this sexy paranormal romance featuring a vampire slayer with an attitude who reluctuantly teams up with a vampire to track down an even more menacing evil. Catherine Crawfield has more than a few skeletons in her closet. Most people just think of her as a loner; the illegitimate daughter of the town floozy. But Cat has a good reason for keeping her father's identity a secret. Being the child of a vampire isn't something you want to broadcast around town. So Cat keeps to herself during the day and at night, she patrols the darkest parts of town, slaying any and all vamps that get in her way, determined to take revenge on the creatures who ruined her mother's life. But when Cat is captured by Bones, it's clear that the master vampire has a few things to teach her. Teaming up with one of them wasn't in her plan, but Cat is never one to miss an opportunity and this partnership will definitely work to her advantage. Now that the stakes have been raised, Cat and Bones are faced with the most difficult fight of all, as they battle their enemies--and their attraction for each other.","D:\story_books\Jeaniene Frost\Halfway to the Grave (358)\cover.jpg","2025-07-04T21:16:36+05:30","mobi","9780612450844","358","isbn:9780612450844,mobi-asin:732ee15f-b823-4e8b-9af0-b72510ae2614","spa","story_books","2007-11-01T04:30:00+05:30","HarperCollins Publishers","","","1.0","487315","Night Huntress","Halfway to the Grave","Halfway to the Grave","feff6ce7-00c1-4ab3-a16e-c2f5347a39f6"
"Maas, Sarah J","Sarah J Maas","Celaena has survived deadly contests and shattering heartbreak―but at an unspeakable cost. Now, she must travel to a new land to confront her darkest truth . . . a truth about her heritage that could change her life―and her future―forever. Meanwhile, brutal and monstrous forces are gathering on the horizon, intent on enslaving her world. Will Celaena find the strength to not only fight her inner demons, but to take on the evil that is about to be unleashed?
","D:\story_books\Sarah J Maas\Heir of Fire (Throne of Glass Book (359)\cover.jpg","2025-07-04T21:16:36+05:30","mobi","9781619630659","359","mobi-asin:2cc3c661-1c15-4a6a-930a-81e7733bf263,isbn:9781619630659","eng","story_books","2014-09-02T12:30:00+05:30","Bloomsbury USA Childrens","","","1.0","1325113","","Heir of Fire (Throne of Glass Book 3)","Heir of Fire (Throne of Glass Book 3)","3891938e-904a-40ad-9487-777e96adca73"
"Silvers, Shayne","Shayne Silvers","# The Brothers Grimm – legendary supernatural assassins – have escaped their prison, and their first day in St. Louis could be Nate Temple’s last…
Sharing a beer with Death – one of the Four Horsemen of the Apocalypse – really put a few things into perspective for this foul-mouthed, billionaire wizard. Like finally strapping on the boots to propose to his girlfriend.
  

But assassination contracts have a way of putting wedding plans on hold. Perhaps permanently. And with the entire wedding party on the bloodthirsty Grimm’s hit-list, and his family fortune in jeopardy, Nate realizes they can’t run and they can’t hide. So, time to do magic and stuff…
  

But with every flavor of supernatural thug teaming up to help the Grimms, Nate realizes that friends have become enemies and enemies have become friends, and he’s forced to cross lines that are better left uncrossed.
  

When magic, claws, and teeth dance to the song of war, the only thing left to learn is who lives and who dies. And if Nate can live with the consequences.
  

No wonder a guy is terrified to propose…
  

If you like Jim Butcher, Kevin Hearne, or Patrick Rothfuss, you will **LOVE** the fourth installment of The Nate Temple Supernatural Thriller series.
","D:\story_books\Shayne Silvers\Grimm_ A Novel In The Nate Temple S (360)\cover.jpg","2025-07-04T21:16:37+05:30","mobi","","360","mobi-asin:06366764-3ad4-4a0d-a9d9-24f3a867636c","eng","story_books","2016-08-25T08:30:00+05:30","Argento Publishing","","","1.0","1092449","Adventure, St. Louis, thriller, Funny, Werewolves, comedy, Suspense, urban fantasy, weredragons, new, Action, Wizards, Dragons, dragon hunters, Bestseller, best-seller, Wizard, fantasy, were-dragons, Romance, were-wolf, Supernatural, Mystery, werewolf, Romantic, Dragon, Brothers Grimm, were-wolves, Paranormal, weredragon, were-dragon, Magic","Grimm: A Novel In The Nate Temple Supernatural Thriller Series (The Temple Chronicles Book 3)","Grimm: A Novel In The Nate Temple Supernatural Thriller Series (The Temple Chronicles Book 3)","6fc05189-102c-4605-b0f0-59615912f7f8"
"Chase, Eva","Eva Chase","I've won one victory against my enemies, but it seems the barons are just getting started with their new, vicious schemes. They'll stop at nothing to expand their power.  Any move I make to oppose them could have horrible consequences for both me and the guys I love. My only hope is playing along until the right opportunity comes my way.  There's a chance I could sway my mother if I can earn her trust. She may be brutal when she feels she needs to be, but I've seen glimpses of a softer side underneath. Can I walk the line between obedience and resistance without losing so much more than I already have?","D:\story_books\Eva Chase\Grim Witchery (361)\cover.jpg","2025-07-04T21:16:37+05:30","mobi","","361","mobi-asin:b6e84e12-7eb0-472d-b98b-6c32163bf931","eng","story_books","2019-12-18T05:30:00+05:30","Ink Spark Press","","","1.0","707430","Reverse Harem, fantasy, Paranormal, Romance, Magic, New Adult, Contemporary, Suspense, Mystery","Grim Witchery","Grim Witchery","13592637-a891-44ae-b08c-46a7d06a49b6"
"Silvers, Shayne","Shayne Silvers","","D:\story_books\Shayne Silvers\Godless_ Feathers and Fire Book 7 (362)\cover.jpg","2025-07-04T21:16:38+05:30","mobi","","362","mobi-asin:6376c9df-6ad0-4fb3-be45-eb977fe66204","eng","story_books","2019-06-24T21:30:00+05:30","Argento Publishing, LLC","","","1.0","915298","","Godless: Feathers and Fire Book 7","Godless: Feathers and Fire Book 7","6957b5f0-7fb8-4426-9e2c-3b0a2f42c616"
"Summers, Ella","Ella Summers","","D:\story_books\Ella Summers\Ghost's Whisper (Legion of Angels B (363)\cover.jpg","2025-07-04T21:16:39+05:30","mobi","","363","mobi-asin:90086b7a-d5dd-4c50-9aed-1f295c62e21e","eng","story_books","2020-07-05T21:30:00+05:30","Night Spark Media","","","1.0","595728","","Ghost's Whisper (Legion of Angels Book 9)","Ghost's Whisper (Legion of Angels Book 9)","a126fe47-8be9-4d2a-b3d7-97b8abb26a29"
"Breene, K.F.","K.F. Breene","","D:\story_books\K.F. Breene\Fused in Fire (Fire and Ice Trilogy (364)\cover.jpg","2025-07-04T21:16:39+05:30","mobi","","364","mobi-asin:e5761738-dfd7-4aba-99db-a2ca6cb435b4","eng","story_books","2017-07-26T00:00:00+05:30","","","","1.0","602283","","Fused in Fire (Fire and Ice Trilogy Book 3)","Fused in Fire (Fire and Ice Trilogy Book 3)","78f682d2-3180-4da3-b410-002cc46b1f3d"
"Mayer, Shannon","Shannon Mayer","","D:\story_books\Shannon Mayer\Fury of a Phoenix (The Nix Series B (365)\cover.jpg","2025-07-04T21:16:39+05:30","mobi","9781987933291","365","isbn:9781987933291,mobi-asin:64a0138c-ca10-4a5c-ad7a-18f72b5183f9","eng","story_books","2017-07-10T21:30:00+05:30","Hijinks Ink Publishing","","","1.0","683954","","Fury of a Phoenix (The Nix Series Book 1)","Fury of a Phoenix (The Nix Series Book 1)","f31ae47c-9155-4b4f-8470-c1803bc1af98"
"Moss, Sadie","Sadie Moss","","D:\story_books\Sadie Moss\Fury (Institute of Unpredictable Ma (366)\cover.jpg","2025-07-04T21:16:40+05:30","mobi","","366","mobi-asin:d738db86-1238-45e8-b7d1-abc75720cd33","eng","story_books","2021-04-30T03:30:00+05:30","","","","1.0","457587","","Fury (Institute of Unpredictable Magic Book 2)","Fury (Institute of Unpredictable Magic Book 2)","dfe9c31e-2a5e-405b-b37b-bd820595e50d"
"hall, linsey","linsey hall","","D:\story_books\linsey hall\Fugitive of Magic (Dragon's Gift_ T (367)\cover.jpg","2025-07-04T21:16:40+05:30","mobi","9781942085089","367","mobi-asin:cf31606e-4a91-467a-b6ff-c16dea6b1ab6,isbn:9781942085089","eng","story_books","2017-06-17T21:30:00+05:30","Bonnie Doon Press","","","1.0","466303","","Fugitive of Magic (Dragon's Gift: The Protector Book 1)","Fugitive of Magic (Dragon's Gift: The Protector Book 1)","d2b7c717-eb6a-40f5-9372-c690ccab3cf2"
"Riordan, Rick","Rick Riordan","In response to an awful camp orientation video created by the god Apollo, Percy Jackson and other residents of Camp Half-Blood answer such questions as ""What is this place?"" and ""Do I get to keep the T-shirt?"" Newbies can check out the section on the Divine Cabins, read up on Magical Landmarks, and consult the chapter of Training Arenas. But Camp Half-Blood Confidential explores much more than just the buildings and grounds. It includes info that can only be learned from those who live there. For instance, campers do not always co-exist in peace and harmony. The camp is not run with superior efficiency. Prophecies do not flow forth with great regularity. Sprinkled throughout are stories from heroes who have called Camp Half-Blood home or just passed through on their way to places unknown. Chiron himself introduces the book with a brief history of training based on his millennia of experience. And, of course, there are divine words of wisdom from the god Apollo himself, because . . . well, because the demigod authors would prefer not to be struck down, thank you very much.
**
### About the Author
**Rick Riordan** , dubbed ""storyteller of the gods"" by *Publishers Weekly* , is the author of five #1 *New York Times* best-selling middle grade series with millions of copies sold throughout the world: Percy Jackson and the Olympians, The Heroes of Olympus, and the Trials of Apollo, based on Greek and Roman mythology; the Kane Chronicles, based on Ancient Egyptian mythology; and Magnus Chase and the Gods of Asgard, based on Norse mythology. Rick collaborated with illustrator John Rocco on two #1 *New York Times* best-selling collections of Greek myths for the whole family: *Percy Jackson's Greek Gods* and *Percy Jackson's Greek Heroes*. Rick lives in Boston, Massachusetts with his wife and two sons. Follow him on Twitter at @camphalfblood. 
","D:\story_books\Rick Riordan\From Percy Jackson_Camp Half-Blood (368)\cover.jpg","2025-07-04T21:16:41+05:30","mobi","","368","mobi-asin:eb867157-bb2c-4af8-a914-db16b53eb9b6","eng","story_books","2017-05-01T09:30:00+05:30","Disney Hyperion","","","1.0","6571282","","From Percy Jackson_Camp Half-Blood Confidential","From Percy Jackson_Camp Half-Blood Confidential","657c4789-b950-44bd-9678-9c767d8fe608"
"Asher, Ivy","Ivy Asher","","D:\story_books\Ivy Asher\Found and Forged (The Lost Sentinel (369)\cover.jpg","2025-07-04T21:16:41+05:30","mobi","","369","mobi-asin:571c7d89-b632-4ab0-ab44-2df9cf2607a6","eng","story_books","2019-12-24T21:30:00+05:30","","","","1.0","528944","","Found and Forged (The Lost Sentinel Book 4)","Found and Forged (The Lost Sentinel Book 4)","aaf6cabd-706b-4502-8cb5-8e2df6ed7ad9"
"Snow, T.S.","T.S. Snow","","D:\story_books\T.S. Snow\Frenetic (Arcane Mage Series Book 4 (370)\cover.jpg","2025-07-04T21:16:41+05:30","mobi","","370","mobi-asin:75613bf6-17b2-4e87-bfda-a7a524d74094","eng","story_books","2021-06-23T21:30:00+05:30","","","","1.0","470630","","Frenetic (Arcane Mage Series Book 4)","Frenetic (Arcane Mage Series Book 4)","26575361-b9b6-4965-8e65-a338700de834"
"hall, linsey","linsey hall","","D:\story_books\linsey hall\Forged in Magic (Dragon's Gift_ The (371)\cover.jpg","2025-07-04T21:16:42+05:30","mobi","9781942085478","371","mobi-asin:76a6fd01-2c94-43a9-b987-18905e359f9a,isbn:9781942085478","eng","story_books","2017-09-26T21:30:00+05:30","Bonnie Doon Press","","","1.0","433635","","Forged in Magic (Dragon's Gift: The Protector Book 5)","Forged in Magic (Dragon's Gift: The Protector Book 5)","4ddfa327-f521-4ccf-ba1c-dd830f95a709"
"Riordan, Rick","Rick Riordan","So you've made it to Valhalla. Now what? This ""who's who"" guide to the gods, goddesses, and other important figures of Norse mythology was commissioned by Helgi, who, after more than a millennium as manager of Hotel Valhalla, became fed up with answering the same questions from newly deceased heroes at check-in. The profiles provide essential stats, interviews, and personal reflections so you can identify the gods and avoid those awkward introductions. Handy facts about other beings round out this go-to tome. You'll never see Ratatosk as a cute little rodent or confuse a dwarf with an elf ever again!
**
### About the Author
**Rick Riordan** , dubbed ""storyteller of the gods"" by *Publishers Weekly* , is the author of four #1 *New York Times* best-selling middle grade series with more than 50 million copies sold in the US: Percy Jackson and the Olympians and The Heroes of Olympus, based on Greek and Roman mythology; the Kane Chronicles, based on Ancient Egyptian mythology; and Magnus Chase and the Gods of Asgard, based on Norse mythology. Rick collaborated with illustrator John Rocco on two #1 *New York Times* best-selling collections of Greek myths for the whole family: *Percy Jackson's Greek Gods* and *Percy Jackson's Greek Heroes*. Rick lives in Boston, Massachusetts with his wife and two sons. Follow him on Twitter at @camphalfblood. 
*From the Audiobook Download edition.*
","D:\story_books\Rick Riordan\For Magnus Chase_ Hotel Valhalla Gu (372)\cover.jpg","2025-07-04T21:16:42+05:30","mobi","","372","mobi-asin:3fc7e3e2-982a-43de-98bb-f210414967ad","eng","story_books","2016-08-15T00:00:00+05:30","Disney Hyperion","","","1.0","5293143","Children's Books, Action & Adventure, Fairy Tales, Folk Tales & Myths, Norse, Literature & Fiction, Short Story Collections, Science Fiction & Fantasy, Fantasy & Magic, Children's eBooks, Short Stories, Science Fiction, Fantasy & Scary Stories","For Magnus Chase: Hotel Valhalla Guide to the Norse Worlds: Your Introduction to Deities, Mythical Beings, & Fantastic Creatures","For Magnus Chase: Hotel Valhalla Guide to the Norse Worlds: Your Introduction to Deities, Mythical Beings, & Fantastic Creatures","5bc22139-af17-4588-8255-35fecb3b99e9"
"Harrison, Kim","Kim Harrison","","D:\story_books\Kim Harrison\For A Few Demons More (373)\cover.jpg","2025-07-04T21:16:42+05:30","mobi","","373","mobi-asin:9c852606-a3e2-4786-9f0a-f6cd98b42d32","eng","story_books","2010-09-09T09:30:00+05:30","","","","1.0","864607","","For A Few Demons More","For A Few Demons More","e7d508bf-2ff6-42cc-8f9e-5ccb7ceff223"
"Stone, Leia","Leia Stone","","D:\story_books\Leia Stone\Fallen Academy_ Year One (374)\cover.jpg","2025-07-04T21:16:42+05:30","mobi","","374","mobi-asin:858b0968-1523-4303-a2d7-0123b297e996","eng","story_books","2018-08-17T00:00:00+05:30","Leia Stone","","","1.0","702857","","Fallen Academy: Year One","Fallen Academy: Year One","7d38498d-5f19-47b3-9605-aa0950dbd18c"
"Summers, Ella","Ella Summers","","D:\story_books\Ella Summers\Fairy's Touch (Legion of Angels Boo (375)\cover.jpg","2025-07-04T21:16:43+05:30","mobi","","375","mobi-asin:8b960984-a1b9-4af7-9a8f-e8c56778b4c0","eng","story_books","2019-02-28T21:30:00+05:30","Night Spark Media","","","1.0","563473","","Fairy’s Touch (Legion of Angels Book 7)","Fairy’s Touch (Legion of Angels Book 7)","8174bf6f-0e28-4d8c-b8e9-3b61509dcd29"
"Wright, Suzanne","Suzanne Wright","","D:\story_books\Suzanne Wright\Fallen (376)\cover.jpg","2025-07-04T21:16:43+05:30","mobi","","376","mobi-asin:d3869d15-94e2-44e6-8529-faf6c9ae892e","eng","story_books","2021-07-01T00:00:00+05:30","Little, Brown Book Group","","","1.0","577306","","Fallen","Fallen","58013cd3-24b2-48a2-8858-ce7e50e6f3de"
"Summers, Ella","Ella Summers","","D:\story_books\Ella Summers\Fairy Magic (377)\cover.jpg","2025-07-04T21:16:44+05:30","mobi","","377","mobi-asin:cf5c88a7-1ce2-4a08-a8fa-0c3ad20d1f9a","eng","story_books","2016-05-24T04:30:00+05:30","","","","1.0","409673","","Fairy Magic","Fairy Magic","a9def3aa-b190-4d77-b64e-efe148d6fe1f"
"Harrison, Kim","Kim Harrison","### From Publishers Weekly
Even those who aren't born-and-bled fans of the horror genre should enjoy Harrison's third Rachel Morgan adventure, especially if they like lots of hot sex spiced with humor. Marguerite Gavin, who performed strongly in the earlier audio versions of Harrison's bestsellers, is the ideal choice to keep the pot bubbling: she merrily mixes charming urbanity with knowing wisdom about how real people behave. Rachel, of course, is still the toughest witch and bounty hunter in Cincinnati, Ohio—and as usual is up to her very short leather skirt in trouble. She's been abandoned by her lover, treated badly by a business partner (never trust a pixie!), and an old debt is about to be called in by an extremely irate and powerful demon known as Big Al. Add to this some frightening truths about the real powers behind the city's politicians and what really killed Rachel's father, and you've got a cross between *The Sopranos* and *Dracula* with lots of *Sex in the City* on the side. *(Jan.)*   
Copyright © Reed Business Information, a division of Reed Elsevier Inc. All rights reserved. 
### From
In Harrison's third Rachel Morgan novel, the witch strikes a deal with the devil. To get demon Algaliarept to testify at the trial of evil vampire Piscary, who poses an imminent threat to witch Rachel, she agrees to let Algaliarept become her familiar and share her aura. Rachel is certain she can maintain control, since she is keeping her soul. When she changes places with the demon's old familiar, Ceri, she takes pity on the girl and rescues her from the demon's clutches. Rachel is distracted by the two men in her life. Boyfriend Nick is pulling away after Rachel accidentally made him her familiar (see *The Good, the Bad, and the Undead,* 2005). Unsure of how to reconnect with him, Rachel finds she isn't immune to the charms of Kisten, a sexy vampire who worked for Piscary. As she finds herself falling for Kisten, she learns that Algaliarept poses a greater danger than she first expected. Fans of Laurell K. Hamilton's Anita Blake series will be drawn to Harrison's smart, supernatural series. *Kristine Huntley*  
 *Copyright © American Library Association. All rights reserved*
","D:\story_books\Kim Harrison\Every Which Way But Dead (378)\cover.jpg","2025-07-04T21:16:44+05:30","mobi","9780061567322","378","mobi-asin:c1327a57-ae64-4c19-b7a7-53a7505bebd5,isbn:9780061567322","eng","story_books","2008-08-25T04:30:00+05:30","HarperCollins","","","1.0","865769","vampires, Cincinnati (Ohio), Fantasy fiction, Horror, General, fantasy, Suspense, Witches, Suspense fiction, Fiction, Bounty hunters","Every Which Way But Dead","Every Which Way But Dead","5b86e69e-328c-429a-a9e6-9ba31f991bd2"
"Harrison, Kim","Kim Harrison","","D:\story_books\Kim Harrison\Ever After (Rachel Morgan) (379)\cover.jpg","2025-07-04T21:16:44+05:30","mobi","","379","mobi-asin:5afcf363-08c7-4e74-b8a1-3352a053fab8","eng","story_books","2013-01-22T12:30:00+05:30","Harper Voyager","","","1.0","781088","","Ever After (Rachel Morgan)","Ever After (Rachel Morgan)","492a1d01-72a6-4208-a2a9-dfeccd8332e0"
"Snow, T.S.","T.S. Snow","","D:\story_books\T.S. Snow\Erratic (Arcane Mage Series Book 3) (380)\cover.jpg","2025-07-04T21:16:45+05:30","mobi","","380","mobi-asin:fba0eea0-f45c-4e96-92ad-7d2323a2ab38","eng","story_books","2021-03-10T21:30:00+05:30","","","","1.0","474885","","Erratic (Arcane Mage Series Book 3)","Erratic (Arcane Mage Series Book 3)","ecd79688-7d33-4d2e-98ae-40ba40b5f542"
"Flynn, Erin R","Erin R Flynn","","D:\story_books\Erin R Flynn\Erupting Shadows_ Artemis Universit (381)\cover.jpg","2025-07-04T21:16:45+05:30","mobi","","381","mobi-asin:fc6f0530-c5df-420c-b786-2336643955c6","eng","story_books","2021-04-22T21:30:00+05:30","Supernatural Script, Inc","","","1.0","595518","","Erupting Shadows: Artemis University (Book 10)","Erupting Shadows: Artemis University (Book 10)","ead9f5e7-32f8-4b5b-b174-52b6580d52bc"
"hall, linsey","linsey hall","","D:\story_books\linsey hall\Enemy of Magic (Dragon's Gift_ The (382)\cover.jpg","2025-07-04T21:16:46+05:30","mobi","9781942085379","382","mobi-asin:95093f66-07b1-443c-8f07-7384e400e3c3,isbn:9781942085379","eng","story_books","2017-08-20T21:30:00+05:30","Bonnie Doon Press","","","1.0","460820","","Enemy of Magic (Dragon's Gift: The Protector Book 4)","Enemy of Magic (Dragon's Gift: The Protector Book 4)","28296c3a-d183-4d97-9e67-a33f70decab7"
"GetTruyen.com, Generated by","Generated by GetTruyen.com","","D:\story_books\Generated by GetTruyen.com\Emperor's Domination #1 - #3738 (383)\cover.jpg","2025-07-04T21:16:46+05:30","mobi","","383","mobi-asin:8f776564-9eec-4095-8ff2-f6af1dc3600b","vie","story_books","0101-01-01T05:30:00+05:30","","","","1.0","21965487","","Emperor’s Domination #1 - #3738","Emperor’s Domination #1 - #3738","61fc696a-b729-4ef1-9191-5b0854a030de"
"Mayer, Shannon","Shannon Mayer","","D:\story_books\Shannon Mayer\Emperor's Throne_ Desert Cursed Ser (384)\cover.jpg","2025-07-04T21:16:46+05:30","mobi","","384","mobi-asin:0e0864c1-ee0c-4738-bc89-c63cd205502f","eng","story_books","2019-11-19T00:00:00+05:30","Hijinks Ink Publishing","","","1.0","588007","","Emperor’s Throne: Desert Cursed Series, Book 6","Emperor’s Throne: Desert Cursed Series, Book 6","731ffbf3-74c5-42d2-9815-9dbd4c89dc81"
"Wright, Suzanne","Suzanne Wright","","D:\story_books\Suzanne Wright\Embers (The Dark in You Book 4) (385)\cover.jpg","2025-07-04T21:16:47+05:30","mobi","9780349416304","385","mobi-asin:23544985-f5c5-4faa-9a21-e31ca82cc62d,isbn:9780349416304","eng","story_books","2018-07-02T21:30:00+05:30","Little, Brown Book Group","","","1.0","553725","","Embers (The Dark in You Book 4)","Embers (The Dark in You Book 4)","e019da78-c7e8-443b-9ad4-2e2ccfed8920"
"Maas, Sarah J","Sarah J Maas","Kingdoms will collide.  
  
The long path to the throne has only just begun for Aelin Galathynius as war looms on the horizon. Loyalties have been broken and bought, friends have been lost and gained, and those who possess magic find themselves at odds with those who don’t.  
  
With her heart sworn to the warrior-prince by her side, and her fealty pledged to the people she is determined to save, Aelin will delve into the depths of her power to protect those she loves. But as monsters emerge from the horrors of the past, and dark forces become poised to claim her world, the only chance for salvation will lie in a desperate quest that may mark the end of everything Aelin holds dear.
","D:\story_books\Sarah J Maas\Empire of Storms (Throne of Glass B (386)\cover.jpg","2025-07-04T21:16:48+05:30","mobi","9781408872901","386","mobi-asin:32f0fddf-68eb-4185-b621-04db8c72264a,isbn:9781408872901","eng","story_books","2016-09-06T00:00:00+05:30","Bloomsbury Publishing","","","1.0","1605798","","Empire of Storms (Throne of Glass Book 5)","Empire of Storms (Throne of Glass Book 5)","c2202626-be9b-4fcf-9d9e-865e28c9b126"
"Xi, Su Yue","Su Yue Xi","","D:\story_books\Su Yue Xi\Dragon-Marked War God - Chapter 000 (387)\cover.jpg","2025-07-04T21:16:49+05:30","mobi","","387","mobi-asin:3fe4e51a-774f-40e4-9498-5c33a609fbc8","eng","story_books","2020-05-25T00:00:00+05:30","","","","1.0","14828572","","Dragon-Marked War God - Chapter 0001-2282 (incomplete)","Dragon-Marked War God - Chapter 0001-2282 (incomplete)","04e93954-051b-44a9-8f9f-121216285ba7"
"Flynn, Erin R","Erin R Flynn","","D:\story_books\Erin R Flynn\Drowning Studies_ Artemis Universit (388)\cover.jpg","2025-07-04T21:16:49+05:30","mobi","","388","mobi-asin:5b673977-4196-4f6c-9a89-6462774c0902","eng","story_books","2019-11-19T21:30:00+05:30","Supernatural Script, Inc.","","","1.0","618528","","Drowning Studies: Artemis University (Book 2)","Drowning Studies: Artemis University (Book 2)","fa9e0b64-aec3-49af-9b7f-418758e54a7f"
"Summers, Ella","Ella Summers","","D:\story_books\Ella Summers\Dragon's Storm (Legion of Angels Bo (389)\cover.jpg","2025-07-04T21:16:50+05:30","mobi","","389","mobi-asin:3876d41a-fde5-46bb-9eff-bd58130e519a","eng","story_books","2017-04-05T00:00:00+05:30","Night Spark Media","","","1.0","460302","","Dragon's Storm (Legion of Angels Book 4)","Dragon's Storm (Legion of Angels Book 4)","70b06021-f70f-46a2-be18-5fd059d6ae8e"
"Mayer, Shannon","Shannon Mayer","","D:\story_books\Shannon Mayer\Dragon's Ground (The Desert Cursed (390)\cover.jpg","2025-07-04T21:16:51+05:30","mobi","","390","mobi-asin:dc28ae32-af8e-44fb-8e60-7fc95af9417e","eng","story_books","2018-04-09T21:30:00+05:30","Hijinks Ink Publishing","","","1.0","490993","","Dragon's Ground (The Desert Cursed Series Book 2)","Dragon's Ground (The Desert Cursed Series Book 2)","e7c44922-ffeb-4c62-9a4b-fb2bd1c6c376"
"Shao, Tang Jia San","Tang Jia San Shao","","D:\story_books\Tang Jia San Shao\Douluo Dalu V37 - Seagod Trident (391)\cover.jpg","2025-07-04T21:16:51+05:30","mobi","","391","mobi-asin:8ffe23d5-e614-4aab-b374-d5e7551d10d6","eng","story_books","2016-12-29T00:00:00+05:30","Changjiang Press","","","1.0","206819","","Douluo Dalu V37 – Seagod Trident","Douluo Dalu V37 – Seagod Trident","e5875f59-e3c0-4663-b02c-6b5c3b8fc9a3"
"Shao, Tang Jia San","Tang Jia San Shao","","D:\story_books\Tang Jia San Shao\Douluo Dalu V36 - Seagod Douluo (392)\cover.jpg","2025-07-04T21:16:52+05:30","mobi","","392","mobi-asin:1b9f5f6b-ec34-4737-a78c-a86810579a0c","eng","story_books","2016-12-29T00:00:00+05:30","Changjiang Press","","","1.0","201375","","Douluo Dalu V36 – Seagod Douluo","Douluo Dalu V36 – Seagod Douluo","25a6c45c-fae1-467e-a2a2-e25c9f5a7415"
"Shao, Tang Jia San","Tang Jia San Shao","","D:\story_books\Tang Jia San Shao\Douluo Dalu V35 - Challenge, Title (393)\cover.jpg","2025-07-04T21:16:52+05:30","mobi","","393","mobi-asin:841879cb-7c82-491b-823c-943f43a50f60","eng","story_books","2016-12-29T00:00:00+05:30","Changjiang Press","","","1.0","208270","","Douluo Dalu V35 – Challenge, Title Douluo","Douluo Dalu V35 – Challenge, Title Douluo","6104b4f5-d245-4c6c-8632-469cfeb9ec4e"
"Shao, Tang Jia San","Tang Jia San Shao","","D:\story_books\Tang Jia San Shao\Douluo Dalu V34 - Tang San's Eight (394)\cover.jpg","2025-07-04T21:16:53+05:30","mobi","","394","mobi-asin:9d734a7b-afa8-4f14-a142-b82c0654853c","eng","story_books","2016-12-29T00:00:00+05:30","Changjiang Press","","","1.0","215294","","Douluo Dalu V34 – Tang San’s Eight Spirit Rings","Douluo Dalu V34 – Tang San’s Eight Spirit Rings","a9616493-eac5-4006-ad74-9cdb99a4735f"
"Shao, Tang Jia San","Tang Jia San Shao","","D:\story_books\Tang Jia San Shao\Douluo Dalu V33 - Seven Devils Avat (395)\cover.jpg","2025-07-04T21:16:53+05:30","mobi","","395","mobi-asin:944ff15e-9608-4f93-a236-17ef4a510088","eng","story_books","2016-12-29T00:00:00+05:30","Changjiang Press","","","1.0","211641","","Douluo Dalu V33 – Seven Devils Avatars","Douluo Dalu V33 – Seven Devils Avatars","5627a9f2-7d67-4064-875a-395494cbf735"
"Shao, Tang Jia San","Tang Jia San Shao","","D:\story_books\Tang Jia San Shao\Douluo Dalu V32 - Seagod's Trials (396)\cover.jpg","2025-07-04T21:16:54+05:30","mobi","","396","mobi-asin:fbd4b92f-2f1d-4872-bb88-1f8e84885923","eng","story_books","2016-12-29T00:00:00+05:30","Changjiang Press","","","1.0","210422","","Douluo Dalu V32 – Seagod’s Trials","Douluo Dalu V32 – Seagod’s Trials","6d33b282-9830-4189-b122-53f3636f0fc2"
"Shao, Tang Jia San","Tang Jia San Shao","","D:\story_books\Tang Jia San Shao\Douluo Dalu V31 - Ashore on Seagod (397)\cover.jpg","2025-07-04T21:16:54+05:30","mobi","","397","mobi-asin:d24febd2-cbf8-40f8-a516-5ab42592f057","eng","story_books","2016-12-29T00:00:00+05:30","Changjiang Press","","","1.0","213670","","Douluo Dalu V31 – Ashore on Seagod Island","Douluo Dalu V31 – Ashore on Seagod Island","9d9c26df-e6de-4158-8802-8790c29abdeb"
"Shao, Tang Jia San","Tang Jia San Shao","","D:\story_books\Tang Jia San Shao\Douluo Dalu V30 - Vast Sea City (398)\cover.jpg","2025-07-04T21:16:55+05:30","mobi","","398","mobi-asin:188698e1-1771-4b25-a7b2-d14cf80fdcb5","eng","story_books","2016-12-29T00:00:00+05:30","Changjiang Press","","","1.0","211287","","Douluo Dalu V30 – Vast Sea City","Douluo Dalu V30 – Vast Sea City","d0ebad54-b3e9-4551-b470-cde1db7b1b2f"
"Shao, Tang Jia San","Tang Jia San Shao","","D:\story_books\Tang Jia San Shao\Douluo Dalu V29 - Sea God Island (399)\cover.jpg","2025-07-04T21:16:55+05:30","mobi","","399","mobi-asin:4494c461-c763-4b75-8680-26280b1a7160","eng","story_books","2016-06-22T00:00:00+05:30","Changjiang Press","","","1.0","214838","","Douluo Dalu V29 – Sea God Island","Douluo Dalu V29 – Sea God Island","6420743e-a782-44ba-966f-9bd2ba193c02"
"Shao, Tang Jia San","Tang Jia San Shao","","D:\story_books\Tang Jia San Shao\Douluo Dalu V27 - Gengxin City (400)\cover.jpg","2025-07-04T21:16:56+05:30","mobi","","400","mobi-asin:c9cb20d7-37d6-4e93-9932-71092be21774","eng","story_books","2016-03-09T00:00:00+05:30","Changjiang Press","","","1.0","249743","","Douluo Dalu V27 – Gengxin City","Douluo Dalu V27 – Gengxin City","0da28d94-615b-4c6e-bb7d-6995ddef337d"
"Shao, Tang Jia San","Tang Jia San Shao","","D:\story_books\Tang Jia San Shao\Douluo Dalu V26 - Xiao Wu's Resurre (401)\cover.jpg","2025-07-04T21:16:56+05:30","mobi","","401","mobi-asin:7f97d5af-3033-4da0-a8f6-79bd39d62acf","eng","story_books","2016-03-09T00:00:00+05:30","Changjiang Press","","","1.0","212767","","Douluo Dalu V26 – Xiao Wu’s Resurrection","Douluo Dalu V26 – Xiao Wu’s Resurrection","a40d0742-5fd4-4c7b-8029-44b27c10400e"
"Shao, Tang Jia San","Tang Jia San Shao","","D:\story_books\Tang Jia San Shao\Douluo Dalu V28 - Heaven Dou Palace (402)\cover.jpg","2025-07-04T21:16:57+05:30","mobi","","402","mobi-asin:316f85b5-0780-4c70-b1d3-f025eb768bd7","eng","story_books","2016-03-09T00:00:00+05:30","Changjiang Press","","","1.0","238848","","Douluo Dalu V28 – Heaven Dou Palace Rebellion","Douluo Dalu V28 – Heaven Dou Palace Rebellion","16de079f-a922-4f9b-a4a3-c1bc52cd8053"
"Shao, Tang Jia San","Tang Jia San Shao","","D:\story_books\Tang Jia San Shao\Douluo Dalu V25 - Single Category C (403)\cover.jpg","2025-07-04T21:16:57+05:30","mobi","","403","mobi-asin:51dac7f3-e9a4-4494-99e2-1e1ebb3c838c","eng","story_books","2016-03-09T00:00:00+05:30","Changjiang Press","","","1.0","224943","","Douluo Dalu V25 – Single Category Clans","Douluo Dalu V25 – Single Category Clans","4f923a7e-5163-4777-aa5f-128a506d6606"
"Shao, Tang Jia San","Tang Jia San Shao","","D:\story_books\Tang Jia San Shao\Douluo Dalu V24 - Otherworldly Tang (404)\cover.jpg","2025-07-04T21:16:58+05:30","mobi","","404","mobi-asin:ea69095f-35aa-434e-8095-f0ccf7a1ce75","eng","story_books","2016-03-09T00:00:00+05:30","Changjiang Press","","","1.0","220967","","Douluo Dalu V24 – Otherworldly Tang Sect","Douluo Dalu V24 – Otherworldly Tang Sect","1820820a-dbcd-4565-bce4-aeb98d319c37"
"Shao, Tang Jia San","Tang Jia San Shao","","D:\story_books\Tang Jia San Shao\Douluo Dalu V23 - Spirit Hunting Op (405)\cover.jpg","2025-07-04T21:16:58+05:30","mobi","","405","mobi-asin:965dc830-9a4a-4a90-ad69-19f6e17ff7e1","eng","story_books","2016-03-09T00:00:00+05:30","Changjiang Press","","","1.0","221587","","Douluo Dalu V23 – Spirit Hunting Operation","Douluo Dalu V23 – Spirit Hunting Operation","a0b4ee60-9df3-4959-a062-e520277e8807"
"Shao, Tang Jia San","Tang Jia San Shao","","D:\story_books\Tang Jia San Shao\Douluo Dalu V22 - Clear Sky School (406)\cover.jpg","2025-07-04T21:16:59+05:30","mobi","","406","mobi-asin:10e16f89-1b9c-4b6d-8e01-c4706787b171","eng","story_books","2016-03-09T00:00:00+05:30","Changjiang Press","","","1.0","234714","","Douluo Dalu V22 – Clear Sky School","Douluo Dalu V22 – Clear Sky School","d109419d-d227-4e23-91a4-e28cc8bad166"
"Shao, Tang Jia San","Tang Jia San Shao","","D:\story_books\Tang Jia San Shao\Douluo Dalu V21 - Tang San's Third (407)\cover.jpg","2025-07-04T21:17:00+05:30","mobi","","407","mobi-asin:f62ba756-2c95-4ae5-8643-5cba49c9fdb3","eng","story_books","2016-03-09T00:00:00+05:30","Changjiang Press","","","1.0","237691","","Douluo Dalu V21 – Tang San’s Third Spirit Bone","Douluo Dalu V21 – Tang San’s Third Spirit Bone","5b26f182-e00c-467a-a462-3605138bcb49"
"Shao, Tang Jia San","Tang Jia San Shao","","D:\story_books\Tang Jia San Shao\Douluo Dalu V20 - Slaughter City (408)\cover.jpg","2025-07-04T21:17:00+05:30","mobi","","408","mobi-asin:d81d58c5-d9ce-4a08-893b-a989e63141b0","eng","story_books","2016-03-09T00:00:00+05:30","Changjiang Press","","","1.0","227122","","Douluo Dalu V20 – Slaughter City","Douluo Dalu V20 – Slaughter City","5e687259-ac81-4a36-8065-322826da342e"
"Shao, Tang Jia San","Tang Jia San Shao","","D:\story_books\Tang Jia San Shao\Douluo Dalu V19 - Purple God Light (409)\cover.jpg","2025-07-04T21:17:01+05:30","mobi","","409","mobi-asin:63dfccc5-088e-4bd4-84ae-595a5c3ea233","eng","story_books","2016-03-09T00:00:00+05:30","Changjiang Press","","","1.0","229155","","Douluo Dalu V19 – Purple God Light","Douluo Dalu V19 – Purple God Light","78408c8a-7d37-4d13-9336-26cdd796cc2c"
"Shao, Tang Jia San","Tang Jia San Shao","","D:\story_books\Tang Jia San Shao\Douluo Dalu V18 - Three Spirit Bone (410)\cover.jpg","2025-07-04T21:17:02+05:30","mobi","","410","mobi-asin:025c0549-0e66-41a3-b83d-608e2c5ba851","eng","story_books","2016-03-09T00:00:00+05:30","Changjiang Press","","","1.0","231587","","Douluo Dalu V18 – Three Spirit Bones","Douluo Dalu V18 – Three Spirit Bones","006b4b25-3ad3-413c-a469-8b9864447b6c"
"Shao, Tang Jia San","Tang Jia San Shao","","D:\story_books\Tang Jia San Shao\Douluo Dalu V16 - Consummate Fusion (411)\cover.jpg","2025-07-04T21:17:02+05:30","mobi","","411","mobi-asin:4f54ad32-1574-4cdc-b6b8-a3f9cb0e4b25","eng","story_books","2016-03-09T00:00:00+05:30","Changjiang Press","","","1.0","229976","","Douluo Dalu V16 – Consummate Fusion","Douluo Dalu V16 – Consummate Fusion","aecde7a4-dbee-405c-96f4-8532cec00bb9"
"Shao, Tang Jia San","Tang Jia San Shao","","D:\story_books\Tang Jia San Shao\Douluo Dalu V17 - Arrival Of The Ph (412)\cover.jpg","2025-07-04T21:17:03+05:30","mobi","","412","mobi-asin:d7357725-13cc-4bf8-9713-71b38162c389","eng","story_books","2016-03-09T00:00:00+05:30","Changjiang Press","","","1.0","231781","","Douluo Dalu V17 – Arrival Of The Phoenix","Douluo Dalu V17 – Arrival Of The Phoenix","e11e414f-52ee-46c0-8e24-7dd986aa7963"
"Shao, Tang Jia San","Tang Jia San Shao","","D:\story_books\Tang Jia San Shao\Douluo Dalu V15 - Illusion Breaking (413)\cover.jpg","2025-07-04T21:17:03+05:30","mobi","","413","mobi-asin:acca0d9a-eddd-4ef5-b2d1-1d0d19e838bb","eng","story_books","2016-03-09T00:00:00+05:30","Changjiang Press","","","1.0","232588","","Douluo Dalu V15 – Illusion Breaking Demon Eye","Douluo Dalu V15 – Illusion Breaking Demon Eye","31c748dc-2145-4c38-9793-081d10b33470"
"Shao, Tang Jia San","Tang Jia San Shao","","D:\story_books\Tang Jia San Shao\Douluo Dalu V13 - The Fourth Spirit (414)\cover.jpg","2025-07-04T21:17:04+05:30","mobi","","414","mobi-asin:6321f839-255b-45db-8edd-6fbb563cb10b","eng","story_books","2016-03-09T00:00:00+05:30","Changjiang Press","","","1.0","231928","","Douluo Dalu V13 – The Fourth Spirit Ability","Douluo Dalu V13 – The Fourth Spirit Ability","d836a23f-f12c-49ab-9dc4-cc2851bcb37f"
"Shao, Tang Jia San","Tang Jia San Shao","","D:\story_books\Tang Jia San Shao\Douluo Dalu V14 - Elephant Armored (415)\cover.jpg","2025-07-04T21:17:04+05:30","mobi","","415","mobi-asin:f16bb377-58c5-42fd-a9f4-4ad0c02f482c","eng","story_books","2016-03-09T00:00:00+05:30","Changjiang Press","","","1.0","232731","","Douluo Dalu V14 – Elephant Armored School","Douluo Dalu V14 – Elephant Armored School","b689b6ec-8fec-4d9a-8933-9319b632d52d"
"Shao, Tang Jia San","Tang Jia San Shao","","D:\story_books\Tang Jia San Shao\Douluo Dalu V12 - A Hammer Called C (416)\cover.jpg","2025-07-04T21:17:05+05:30","mobi","","416","mobi-asin:6058f757-69dd-450d-b488-ad5fd1274618","eng","story_books","2016-03-09T00:00:00+05:30","Changjiang Press","","","1.0","237900","","Douluo Dalu V12 – A Hammer Called Clear Sky","Douluo Dalu V12 – A Hammer Called Clear Sky","618f319d-1dcf-4852-85b2-6b4ede233fee"
"Shao, Tang Jia San","Tang Jia San Shao","","D:\story_books\Tang Jia San Shao\Douluo Dalu V11 - Vigorous God (417)\cover.jpg","2025-07-04T21:17:05+05:30","mobi","","417","mobi-asin:dcba73df-8ffd-4b6f-8703-4bb8b7da0d30","eng","story_books","2016-03-09T00:00:00+05:30","Changjiang Press","","","1.0","234238","","Douluo Dalu V11 – Vigorous God","Douluo Dalu V11 – Vigorous God","716ebe07-af44-41ee-86a8-56bfe5c425a5"
"Shao, Tang Jia San","Tang Jia San Shao","","D:\story_books\Tang Jia San Shao\Douluo Dalu V10 - Ice Fire Alchemic (418)\cover.jpg","2025-07-04T21:17:06+05:30","mobi","","418","mobi-asin:50ce2063-9c0c-4d17-b365-0bd2c2e4a983","eng","story_books","2016-03-09T00:00:00+05:30","Changjiang Press","","","1.0","234564","","Douluo Dalu V10 – Ice Fire Alchemical Body","Douluo Dalu V10 – Ice Fire Alchemical Body","5fc9013a-eaef-40c8-a5be-a4f221fc5a20"
"Shao, Tang Jia San","Tang Jia San Shao","","D:\story_books\Tang Jia San Shao\Douluo Dalu V09 - Golden Iron Trian (419)\cover.jpg","2025-07-04T21:17:06+05:30","mobi","","419","mobi-asin:096e3b0d-dad8-456b-af92-ae42269c0065","eng","story_books","2016-03-09T00:00:00+05:30","Changjiang Press","","","1.0","235865","","Douluo Dalu V09 – Golden Iron Triangle","Douluo Dalu V09 – Golden Iron Triangle","17bc260c-16c9-4afe-8f73-115eefe0666c"
"Shao, Tang Jia San","Tang Jia San Shao","","D:\story_books\Tang Jia San Shao\Douluo Dalu V08 - Emperor Team (420)\cover.jpg","2025-07-04T21:17:07+05:30","mobi","","420","mobi-asin:8e0d0547-457f-48d1-a6fd-0bd28f467184","eng","story_books","2016-03-09T00:00:00+05:30","Changjiang Press","","","1.0","232660","","Douluo Dalu V08 – Emperor Team","Douluo Dalu V08 – Emperor Team","66a37ff6-e05b-4fe8-a7a0-bb376ac6dd13"
"Shao, Tang Jia San","Tang Jia San Shao","","D:\story_books\Tang Jia San Shao\Douluo Dalu V07 - Great Spirit Batt (421)\cover.jpg","2025-07-04T21:17:08+05:30","mobi","","421","mobi-asin:6d929843-5021-48ea-994e-ffba2e53773b","eng","story_books","2016-03-09T00:00:00+05:30","Changjiang Press","","","1.0","239112","","Douluo Dalu V07 – Great Spirit Battle","Douluo Dalu V07 – Great Spirit Battle","e4fd734d-2824-4a2e-a89b-2fe2643e5e08"
"Shao, Tang Jia San","Tang Jia San Shao","","D:\story_books\Tang Jia San Shao\Douluo Dalu V05 - Star Dou Forest (422)\cover.jpg","2025-07-04T21:17:08+05:30","mobi","","422","mobi-asin:a319c608-fab1-48f1-9bb2-18ebbd3fb502","eng","story_books","2016-03-09T00:00:00+05:30","Changjiang Press","","","1.0","241424","","Douluo Dalu V05 – Star Dou Forest","Douluo Dalu V05 – Star Dou Forest","c731318a-23d4-4de8-929b-3c92cf6fff82"
"Shao, Tang Jia San","Tang Jia San Shao","","D:\story_books\Tang Jia San Shao\Douluo Dalu V04 - Shrek Seven Devil (423)\cover.jpg","2025-07-04T21:17:09+05:30","mobi","","423","mobi-asin:23cd2ce8-6e49-42b5-b8c6-4a36fe9cb05d","eng","story_books","2016-03-09T00:00:00+05:30","Changjiang Press","","","1.0","247695","","Douluo Dalu V04 – Shrek Seven Devils","Douluo Dalu V04 – Shrek Seven Devils","14392e6b-da21-4883-b186-4b2a66ea2584"
"Shao, Tang Jia San","Tang Jia San Shao","","D:\story_books\Tang Jia San Shao\Douluo Dalu V06 - External Spirit B (424)\cover.jpg","2025-07-04T21:17:09+05:30","mobi","","424","mobi-asin:130a6934-2306-4aca-8e82-b7fe2e3d2906","eng","story_books","2016-03-09T00:00:00+05:30","Changjiang Press","","","1.0","234421","","Douluo Dalu V06 – External Spirit Bone","Douluo Dalu V06 – External Spirit Bone","10bff076-853f-4161-9d7c-26fa28f51aa1"
"Shao, Tang Jia San","Tang Jia San Shao","","D:\story_books\Tang Jia San Shao\Douluo Dalu V03 - Monster Academy (425)\cover.jpg","2025-07-04T21:17:10+05:30","mobi","","425","mobi-asin:aadd128a-129c-4841-b0ec-a15809d0301b","eng","story_books","2016-03-09T00:00:00+05:30","Changjiang Press","","","1.0","251453","","Douluo Dalu V03 – Monster Academy","Douluo Dalu V03 – Monster Academy","e32ac710-82ac-4266-906d-736237916004"
"Shao, Tang Jia San","Tang Jia San Shao","","D:\story_books\Tang Jia San Shao\Douluo Dalu V02 - The First Spirit (426)\cover.jpg","2025-07-04T21:17:11+05:30","mobi","","426","mobi-asin:50ff3ff1-9f5d-4d7f-b50c-a5c367d5e8ad","eng","story_books","2016-03-09T00:00:00+05:30","Changjiang Press","","","1.0","246151","","Douluo Dalu V02 – The First Spirit Ring","Douluo Dalu V02 – The First Spirit Ring","c5872b87-6f3f-495d-9a4d-3a468553ce22"
"Shao, Tang Jia San","Tang Jia San Shao","","D:\story_books\Tang Jia San Shao\Douluo Dalu V01 - Douluo Continent (427)\cover.jpg","2025-07-04T21:17:11+05:30","mobi","","427","mobi-asin:3be3285e-ddc2-49cf-914e-542d9985e4e2","eng","story_books","2016-03-09T00:00:00+05:30","Changjiang Press","","","1.0","247280","","Douluo Dalu V01 - Douluo Continent","Douluo Dalu V01 - Douluo Continent","534e5c0a-0821-4223-91ab-7eae2cc7f03b"
"Shao, Tang Jia San","Tang Jia San Shao","","D:\story_books\Tang Jia San Shao\Douluo Dalu - Volume 48 - Untitled (428)\cover.jpg","2025-07-04T21:17:12+05:30","mobi","","428","mobi-asin:11868e08-6299-41b7-ad50-aef1fff7c6d3","eng","story_books","2018-08-31T00:00:00+05:30","","","","1.0","330310","","Douluo Dalu - Volume 48 - Untitled Volume","Douluo Dalu - Volume 48 - Untitled Volume","1e6de1fa-78cf-4603-8f07-467d7b0c6c5a"
"Shao, Tang Jia San","Tang Jia San Shao","","D:\story_books\Tang Jia San Shao\Douluo Dalu - Volume 47 - Untitled (429)\cover.jpg","2025-07-04T21:17:12+05:30","mobi","","429","mobi-asin:0e630a5c-dd9e-41ae-a345-61c4851af52c","eng","story_books","2018-08-31T00:00:00+05:30","","","","1.0","332704","","Douluo Dalu - Volume 47 - Untitled Volume","Douluo Dalu - Volume 47 - Untitled Volume","4073fa87-092f-4558-b22c-7b1f2c1ab681"
"Shao, Tang Jia San","Tang Jia San Shao","","D:\story_books\Tang Jia San Shao\Douluo Dalu - Volume 46 - Seagod Ta (430)\cover.jpg","2025-07-04T21:17:13+05:30","mobi","","430","mobi-asin:e40be71a-5e6a-4a09-a906-7f1d0fb6ad3b","eng","story_books","2018-08-31T00:00:00+05:30","","","","1.0","335611","","Douluo Dalu - Volume 46 - Seagod Tang San","Douluo Dalu - Volume 46 - Seagod Tang San","54c28b7e-6f65-4882-8af6-dba76eb73d69"
"Shao, Tang Jia San","Tang Jia San Shao","","D:\story_books\Tang Jia San Shao\Douluo Dalu - Volume 45 - Seagod In (431)\cover.jpg","2025-07-04T21:17:13+05:30","mobi","","431","mobi-asin:d109842d-94ca-49c2-a15b-fb41da4e0965","eng","story_books","2018-08-31T00:00:00+05:30","","","","1.0","332318","","Douluo Dalu - Volume 45 - Seagod Inheritance","Douluo Dalu - Volume 45 - Seagod Inheritance","00e60ce9-bac3-4da3-9847-75ee4dd1c214"
"Shao, Tang Jia San","Tang Jia San Shao","","D:\story_books\Tang Jia San Shao\Douluo Dalu - Volume 43 - Tang San (432)\cover.jpg","2025-07-04T21:17:14+05:30","mobi","","432","mobi-asin:c7ccf376-a537-4ca8-bea8-0d36d433b152","eng","story_books","2017-11-08T00:00:00+05:30","","","","1.0","337995","","Douluo Dalu - Volume 43 - Tang San Battling The Angel","Douluo Dalu - Volume 43 - Tang San Battling The Angel","64e663da-2f4d-4ee9-a355-752003787edc"
"Shao, Tang Jia San","Tang Jia San Shao","","D:\story_books\Tang Jia San Shao\Douluo Dalu - Volume 44 - Million Y (433)\cover.jpg","2025-07-04T21:17:14+05:30","mobi","","433","mobi-asin:856b0010-67e7-4624-a47e-2d05b7fdea9c","eng","story_books","2017-11-15T00:00:00+05:30","","","","1.0","338115","","Douluo Dalu - Volume 44 - Million Year Spirit Ring","Douluo Dalu - Volume 44 - Million Year Spirit Ring","be91bdbc-e718-4318-8e35-40ef20266af5"
"Shao, Tang Jia San","Tang Jia San Shao","","D:\story_books\Tang Jia San Shao\Douluo Dalu - Volume 42 - God of An (434)\cover.jpg","2025-07-04T21:17:15+05:30","mobi","","434","mobi-asin:f39451cc-89cd-499a-8c9f-a406089682f9","eng","story_books","2017-10-23T00:00:00+05:30","","","","1.0","331829","","Douluo Dalu - Volume 42 - God of Angels","Douluo Dalu - Volume 42 - God of Angels","e7570055-50de-49bb-a8c9-168bbf42e26e"
"Shao, Tang Jia San","Tang Jia San Shao","","D:\story_books\Tang Jia San Shao\Douluo Dalu - Volume 41 - Bloody Ba (435)\cover.jpg","2025-07-04T21:17:15+05:30","mobi","","435","mobi-asin:97c769a2-da96-4f97-9f88-1e2e3f75dd32","eng","story_books","2017-10-23T00:00:00+05:30","","","","1.0","346023","","Douluo Dalu - Volume 41 - Bloody Battle Of Jialing Pass","Douluo Dalu - Volume 41 - Bloody Battle Of Jialing Pass","947ce19c-df60-45f3-b558-e3a1a5fc25f4"
"Shao, Tang Jia San","Tang Jia San Shao","","D:\story_books\Tang Jia San Shao\Douluo Dalu - Volume 40 - Beginning (436)\cover.jpg","2025-07-04T21:17:15+05:30","mobi","","436","mobi-asin:73043515-2a93-41da-a2f9-2136d4ed5acb","eng","story_books","2017-10-23T00:00:00+05:30","","","","1.0","347788","","Douluo Dalu - Volume 40 - Beginning of the War","Douluo Dalu - Volume 40 - Beginning of the War","92fe1863-f27d-42d3-ba81-989154bdc9ad"
"Shao, Tang Jia San","Tang Jia San Shao","","D:\story_books\Tang Jia San Shao\Douluo Dalu - Volume 39 - Return to (437)\cover.jpg","2025-07-04T21:17:16+05:30","mobi","","437","mobi-asin:b33902bd-31a6-482e-8175-0b41eb375da2","eng","story_books","2017-10-23T00:00:00+05:30","","","","1.0","346005","","Douluo Dalu - Volume 39 - Return to Clear Sky","Douluo Dalu - Volume 39 - Return to Clear Sky","588ce0b0-a95f-4391-b7b4-2e555bc1ba02"
"Shao, Tang Jia San","Tang Jia San Shao","","D:\story_books\Tang Jia San Shao\Douluo Dalu - Volume 38 - Resurrect (438)\cover.jpg","2025-07-04T21:17:16+05:30","mobi","","438","mobi-asin:fb49a5ac-361e-4cc8-bcda-dc29cc3ce46c","eng","story_books","2017-03-12T00:00:00+05:30","","","","1.0","342835","","Douluo Dalu - Volume 38 - Resurrection! My beloved","Douluo Dalu - Volume 38 - Resurrection! My beloved","c97e4adb-9cf8-44e2-a6ba-3c8050d87ce1"
"Tang Jia San Shao,唐家三少","Tang Jia San Shao,唐家三少","#### Description
Tang Sect, the most famous martial arts sect of all. By stealing its most secret teachings to fulfill his dreams, Tang San committed an unforgivable crime. With his ambition attained, he hands his legacy to the sect and throws himself from the fearsome “Hell’s Peak.”
But he could have never imagined that this would reincarnate him in another world, one without magic, martial arts, and grudges. A land where only the mystical souls of battle lay.
The continent of Douluo.
How will Tang San survive in this unknown environment? With a new road to follow, a new legend begins…
*You’re reading Chinese web Novel   **Douluo Dalu** on TRUYENCHUHAYNHAT.COM* *. Thanks!*
","D:\story_books\Tang Jia San Shao,Tang Jia San Shao\Douluo Dalu (439)\cover.jpg","2025-07-04T21:17:16+05:30","mobi","","439","mobi-asin:d2bce3f7-55d5-467b-a2dd-975f05147ec3","eng","story_books","2021-05-09T00:00:00+05:30","Ebookfree_me","","","1.0","7143771","","Douluo Dalu","Douluo Dalu","63c486ac-e186-4813-b42d-43b8ecc3650b"
"hall, linsey","linsey hall","","D:\story_books\linsey hall\Doomsday Magic (Dragon's Gift_ The (440)\cover.jpg","2025-07-04T21:17:17+05:30","mobi","9781942085720","440","isbn:9781942085720,mobi-asin:54af99af-588e-46cb-b26f-83ab4e5e0fed","eng","story_books","2018-08-20T00:00:00+05:30","Bonnie Doon Press","","","1.0","348195","","Doomsday Magic (Dragon's Gift: The Druid Book 5)","Doomsday Magic (Dragon's Gift: The Druid Book 5)","9f71b1e9-33d6-47f1-ab10-50302dc7ac84"
"Flynn, Erin R","Erin R Flynn","","D:\story_books\Erin R Flynn\Dodging Calamities_ Artemis Univers (441)\cover.jpg","2025-07-04T21:17:17+05:30","mobi","","441","mobi-asin:9cc52f0d-80a7-430c-92f4-ea5385be4a13","eng","story_books","2020-10-29T21:30:00+05:30","Supernatural Script, Inc","","","1.0","613506","","Dodging Calamities: Artemis University (Book 7)","Dodging Calamities: Artemis University (Book 7)","28049724-c0ef-4701-8d04-b252075a362f"
"Kingsolver, B. R.","B. R. Kingsolver","","D:\story_books\B. R. Kingsolver\Diamonds and Blood (442)\cover.jpg","2025-07-04T21:17:17+05:30","mobi","","442","mobi-asin:4c9680cd-1a1d-4b25-9b2b-a63709c93704","eng","story_books","2019-02-17T04:30:00+05:30","","","","1.0","447100","","Diamonds and Blood","Diamonds and Blood","e7c6fc6e-b6d3-40b4-aa2b-5d342df5dd79"
"Frost, Jeaniene","Jeaniene Frost","","D:\story_books\Jeaniene Frost\Destined for an Early Grave (443)\cover.jpg","2025-07-04T21:17:18+05:30","mobi","","443","mobi-asin:b9c9978f-2747-4f6f-88bf-a341c157d843","eng","story_books","2011-07-14T08:59:55+05:30","","","","1.0","453414","","Destined for an Early Grave","Destined for an Early Grave","f07199cb-d510-4a15-b1c0-4dda7f54e955"
"Koonce, A.K. & Ceres, Aleera Anaya","A.K. Koonce & Aleera Anaya Ceres","","D:\story_books\A.K. Koonce\Destruction of Two_ A Reverse Harem (444)\cover.jpg","2025-07-04T21:17:18+05:30","mobi","","444","mobi-asin:0f77208c-2eca-4745-a419-b4d16cf98219","eng","story_books","2019-09-29T21:30:00+05:30","","","","1.0","403121","","Destruction of Two: A Reverse Harem Series (Origins of the Six Book 3)","Destruction of Two: A Reverse Harem Series (Origins of the Six Book 3)","cb779384-42f5-47cb-b470-922e88b843d2"
"Mayer, Shannon","Shannon Mayer","","D:\story_books\Shannon Mayer\Den of Thieves (Desert Cursed Serie (445)\cover.jpg","2025-07-04T21:17:18+05:30","mobi","","445","mobi-asin:406e020a-4f72-478b-8f0d-aaaba6ca6a88","eng","story_books","2020-08-25T00:00:00+05:30","Hijinks Ink Publishing","","","1.0","374667","","Den of Thieves (Desert Cursed Series Book 7)","Den of Thieves (Desert Cursed Series Book 7)","90dca580-6948-48fa-bd5a-d13d3a42a5d4"
"hall, linsey","linsey hall","","D:\story_books\linsey hall\Demon Magic (Dragon's Gift_ The See (446)\cover.jpg","2025-07-04T21:17:18+05:30","mobi","9781942085133","446","mobi-asin:461fb8e8-ab3d-4a4d-af09-5f0194c41adf,isbn:9781942085133","eng","story_books","2016-12-19T00:00:00+05:30","Bonnie Doon Press","","","1.0","519412","","Demon Magic (Dragon's Gift: The Seeker Book 2)","Demon Magic (Dragon's Gift: The Seeker Book 2)","5e031ac7-a1dc-4242-b749-a7096665d4b0"
"Piper, Sarah","Sarah Piper","","D:\story_books\Sarah Piper\Demon Sworn_ A Reverse Harem Parano (447)\cover.jpg","2025-07-04T21:17:19+05:30","mobi","","447","mobi-asin:fba1bd56-1abf-450e-9318-82f2989f2193","eng","story_books","2018-09-06T04:30:00+05:30","Two Gnomes Media","","","1.0","608036","","Demon Sworn: A Reverse Harem Paranormal Romance (The Witch's Rebels Book 3)","Demon Sworn: A Reverse Harem Paranormal Romance (The Witch's Rebels Book 3)","bf4b0a1f-7b92-494b-b331-0e58a43589b8"
"Riordan, Rick","Rick Riordan","Join Percy Jackson, Annabeth Chase and Carter and Sadie Kane as they do battle with an ancient Egyptian magician determined to become a god. Against impossible odds, the four demigods and magicians team up to prevent the apocalypse.
Contains the short stories *The Son of Sobek* , *The Staff of Serapis* and *The Crown of Ptolemy* , together in one volume for the first time.
Plus, read an exciting extract from *The Sword of Summer* , the first book in Rick Riordan's latest series, Magnus Chase and the Gods of Asgard.
","D:\story_books\Rick Riordan\Demigods and Magicians (448)\cover.jpg","2025-07-04T21:17:19+05:30","mobi","9780141367293","448","mobi-asin:80891fdf-eec6-4999-8e51-f5989b7d1373,isbn:9780141367293","eng","story_books","2016-02-18T05:30:00+05:30","Penguin Books Ltd","","","1.0","13012442","","Demigods and Magicians","Demigods and Magicians","de9091af-e67a-41f7-93c0-cdea21e4e479"
"Piper, Sarah","Sarah Piper","","D:\story_books\Sarah Piper\Death Untold (449)\cover.jpg","2025-07-04T21:17:19+05:30","mobi","","449","mobi-asin:611f66d1-17f7-430a-a9f0-c275c00870ee","eng","story_books","2019-02-21T04:30:00+05:30","Two Gnomes Media","","","1.0","702524","","Death Untold","Death Untold","5cf2371b-c92e-4484-a3c6-21cb95da30ec"
"Anderson, Annie","Annie Anderson","","D:\story_books\Annie Anderson\Dead and Gone (Grave Talker Book 2) (450)\cover.jpg","2025-07-04T21:17:20+05:30","mobi","","450","mobi-asin:bc6e33a6-7dba-474b-9252-d72fb146459e","eng","story_books","2021-02-23T10:30:00+05:30","","","","1.0","805952","","Dead and Gone (Grave Talker Book 2)","Dead and Gone (Grave Talker Book 2)","7f81a7aa-ba62-462c-a6bb-73fabf2b7020"
"Anderson, Annie","Annie Anderson","","D:\story_books\Annie Anderson\Dead to Me (Grave Talker Book 1) (451)\cover.jpg","2025-07-04T21:17:20+05:30","mobi","","451","mobi-asin:589901ac-814e-43ad-b9b6-25d4934dfb95","eng","story_books","2020-09-29T03:30:00+05:30","","","","1.0","1308710","","Dead to Me (Grave Talker Book 1)","Dead to Me (Grave Talker Book 1)","3e9d8c0e-7c7c-4d79-b1ea-7b8d800cd5e0"
"Harrison, Kim","Kim Harrison","The underground population of witches, vampires, werewolves—creatures of dreams and nightmares—has lived beside humans for centuries, hiding their powers. But after a genetically engineered virus wipes out a large part of humanity, many of the ""Inderlanders"" reveal themselves, changing everything. 
Rachel Morgan, witch and bounty hunter with the Inderland Runner Services, is one of the best at apprehending supernatural lawbreakers throughout Cincinnati, but when it comes to following the rules, she falls desperately short. Determined to buck the system, she quits and takes off on the run with an I.S. contract on her head and is reluctantly forced to team up with Ivy, Inderland's best runner . . . and a living vampire. But this witch is way out of her league, and to clear her name, Rachel must evade shape-changing assassins, outwit a powerful businessman/crime lord, and survive a vicious underground fight-to-the-death . . . not to mention her own roommate. 
### Review
“Fast-paced and loads of fun—the perfect read when you just want to get away from things fora bit.” (Fantasy & Science Fiction )  

“You’ll love this bounty-hunter team. … A fun-fair ride through a fascinating version of our world.” (Charlaine Harris, USA Today Bestselling Author of Club Dead )  

“Blends the best qualities of Anita Blake and Stephanie Plum… Kim Harrison carries it off with style.” (Jim Butcher )  

“A wonderfully fun romp through the supernatural world, a spellbinding blend of sharp wit and vivid imagination.” (Kelley Armstrong ) 
### About the Author
 *New York Times* bestselling author Kim Harrison was born and raised in Michigan and has recently returned there to escape the South Carolina heat. Her bestselling Hollows novels include *Dead Witch Walking* ; *The Good, the Bad, and the Undead* ; *Every Which Way But Dead;* *A Fistful of Charms* ; *For a Few Demons More* ; *The Outlaw Demon Wails* ; *White Witch, Black Curse* ; *Black Magic Sanction* ; *Pale Demon* ; and *A Perfect Blood* plus the graphic novel *Blood Work*. She also writes the bestselling Madison Avery series for young adults, including *Once Dead, Twice Shy* and *Early to Death, Early to Rise*. 
","D:\story_books\Kim Harrison\Dead Witch Walking (452)\cover.jpg","2025-07-04T21:17:20+05:30","mobi","9780060572969","452","isbn:9780060572969,mobi-asin:6a046670-e722-4533-9db9-8ac31cc5384d","eng","story_books","2004-01-01T05:30:00+05:30","HarperTorch","","","1.0","606613","fantasy, Romance, vampires, C429, Kat, Extratorrents","Dead Witch Walking","Dead Witch Walking","60ca9305-93dd-434e-993a-c0abd2d07ffc"
"Piper, Sarah","Sarah Piper","","D:\story_books\Sarah Piper\Darkness Bound_ A Reverse Harem Par (453)\cover.jpg","2025-07-04T21:17:20+05:30","mobi","","453","mobi-asin:4fc04f84-bebc-4b6f-9844-b6db51a249c1","eng","story_books","2018-06-13T21:30:00+05:30","Two Gnomes Media","","","1.0","505293","","Darkness Bound: A Reverse Harem Paranormal Romance (The Witch's Rebels Book 2)","Darkness Bound: A Reverse Harem Paranormal Romance (The Witch's Rebels Book 2)","8034dc99-8550-4c00-8ccd-bea7c3238b91"
"Silvers, Shayne & O'Connell, Cameron","Shayne Silvers & Cameron O'Connell","","D:\story_books\Shayne Silvers\Dark and Stormy_ Phantom Queen Book (454)\cover.jpg","2025-07-04T21:17:21+05:30","mobi","","454","mobi-asin:c836470f-d3af-4fe3-858e-84c93023087a","eng","story_books","2018-07-09T21:30:00+05:30","Argento Publishing, LLC","","","1.0","843872","","Dark and Stormy: Phantom Queen Book 4 - A Temple Verse Series (The Phantom Queen Diaries)","Dark and Stormy: Phantom Queen Book 4 - A Temple Verse Series (The Phantom Queen Diaries)","6c27aa00-7cfc-4a3f-84b9-bfd8f601f75a"
"Anderson, Annie","Annie Anderson","","D:\story_books\Annie Anderson\Daughter of Souls & Silence (455)\cover.jpg","2025-07-04T21:17:21+05:30","mobi","","455","mobi-asin:20aecf86-e07c-4a5a-9f32-4a2a1cca9e6c","eng","story_books","2018-11-13T05:30:00+05:30","","","","1.0","563621","Fiction, u","Daughter of Souls & Silence","Daughter of Souls & Silence","284d0984-53d4-47b6-bf89-b4330bd1dd1a"
"Richardson, Kim","Kim Richardson","<p>Rowyn and Tyrius are back! And the world will never be same again...</p><p>After the Legion of angels killed me&#8212;transformed me to an angel and then brought me back&#8212;I thought I could rest for a little while. I would put my feet up... have some quality time with my sexy elf. I was wrong.</p><p>I've barely survived the fight with the archdemon Lucian when another problem arises. A priest has been murdered, and the church is looking to me to help them.</p><p>A darkness closes in on the city, and the magic and undercurrents of this new evil pull me onto a dangerous path. I can't see how we can survive this new darkness, no matter how much I fight it. But when the life of someone close to me is threatened, I can only do one thing. Stupid, yes. But it's the only way.</p><p>One thing is for sure. If I go down, I'll bring them down with me.</p><p>Dark Strike is a sassy, fast-paced urban fantasy filled with demons, angels, vampires, werewolves, witches, fae, leprechauns, and...","D:\story_books\Kim Richardson\Dark Strike (456)\cover.jpg","2025-07-04T21:17:22+05:30","mobi","","456","mobi-asin:0fe54a0c-98a6-4063-a68b-f736b0c4c6f9","eng","story_books","0101-01-01T05:30:00+05:30","Kim Richardson","","","1.0","878053","vampires, urban fantasy, Supernatural, Contemporary, shifters, angels and demons, New Adult, witches and wizards, urban fantasy series","Dark Strike","Dark Strike","67b93b69-0b88-4769-8c35-284a0790f5d2"
"Richardson, Kim","Kim Richardson","<p>After I'd agreed to do a job for the fae queen I hate, the entire world when to Hell&#8212;literally.</p><p>Now it's my job to clean up my mess before she creates new nasties with the White Grace and kills us all&#8212;yeah, my fault too.</p><p>It gets better. The Legion of angels have put a bounty on my head for the murder of the archangel Vedriel, which was in totally self-defense, but it's not like they care.</p><p>There's not a chance in hell I'm going down without a fight. It's a full-time job trying to keep my own ass alive. So how am I supposed to save everyone else's?</p><p>Don&apos;t miss the thrilling continuation of the Shadow and Light series!</p><p>*Recommended for mature YA+ due to language</p><p>Dark Rise is a sassy, fast-paced urban fantasy filled with demons, angels, vampires, werewolves, witches, fae, leprechauns, jinn, and shifters. If you enjoy urban fantasy books with a kick-ass heroine and plenty of action, suspense and humor, then you'll love reading Dark...","D:\story_books\Kim Richardson\Dark Rise (457)\cover.jpg","2025-07-04T21:17:23+05:30","mobi","","457","mobi-asin:83ccb89a-0e7e-4cba-9c1f-28fecf2e0db7","eng","story_books","0101-01-01T05:30:00+05:30","Kim Richardson","","","1.0","490870","vampires, urban fantasy, paranormal romance, angels and demons, strong heroine, strong female lead, Urban Fantasy Romance, witches and wizards, werewolves and shifters, urban fantasy mystery","Dark Rise","Dark Rise","de9c8885-7776-445b-8e2c-7ead0dbc6731"
"Richardson, Kim","Kim Richardson","<p>I didn't think my life could get any worse&#8212;but it did.<br />A series of gruesome murders shake New York City, and it's my job to try and catch the murderous SOBs before they kill their next victim.<br />But something doesn't smell right. Literally. The deeper I dig, the worse it gets. Turns out these murders are not what they seem. They're much, much worse.<br />It gets better. A new darkness has risen. Something I'd never faced before and a lot more powerful than me. Yeah, I was shocked too.<br />With the Legion of angels still hunting me, I thought nothing could be worse than a bounty on my head. Boy, was I wrong.</p><p>Don&apos;t miss the action-packed continuation of the Shadow and Light series!</p><p>Dark Gift is a sassy, fast-paced urban fantasy filled with demons, angels, vampires, werewolves, witches, fae, leprechauns, jinn, and shifters. If you enjoy urban fantasy books with a kick-ass heroine and plenty of action, suspense and humor, then you'll love reading...","D:\story_books\Kim Richardson\Dark Gift (458)\cover.jpg","2025-07-04T21:17:23+05:30","mobi","","458","mobi-asin:768abfbf-1ed6-4acd-84d5-016b7854883b","eng","story_books","0101-01-01T05:30:00+05:30","Kim Richardson","","","1.0","840329","urban fantasy, paranormal romance, Supernatural, angels and demons, urban fantasy series, ya paranormal, paranormal thrillers, kick ass heroine, vampires and shifters","Dark Gift","Dark Gift","faa68b93-00be-4924-96ad-9f412b200dc5"
"Richardson, Kim","Kim Richardson","<p>It's important to stay busy in my line of work, and fresh challenges keep me on my toes. I just didn't expect it to happen so soon. Okay, so I accepted the archdemon Lucian's gift in the hopes that it would make me invincible&#8212;big mistake.</p><p>A darkness rises in me that I can't control. It seduces me, offering me the power to make things right again, all the while consuming little pieces of my soul. But if I embrace the darkness, will I ever be the same? I'm not the Hunter I once was. I'm changing. And it scares the crap out of me.</p><p>Worse, Lisbeth has turned the Gray Council against me. Yeah, that cost me a trip to the Silent Gallows. Yay me.</p><p>But they can't get rid of me that easily. Hell no. Lisbeth and her followers better get ready, 'cause I'm coming for her...</p><p>Dark Curse is a sassy, fast-paced urban fantasy filled with demons, angels, vampires, werewolves, witches, fae, leprechauns, jinn, and shifters. If you enjoy urban fantasy books with a...","D:\story_books\Kim Richardson\Dark Curse (459)\cover.jpg","2025-07-04T21:17:23+05:30","mobi","","459","mobi-asin:ce207988-18bc-4dc2-971a-70a7e9e99c79","eng","story_books","0101-01-01T05:30:00+05:30","Kim Richardson","","","1.0","798305","action packed, paranormal romance, Supernatural, supernatural thriller, angels and demons, strong heroine, strong female, witch and wizards, vampires and shifters","Dark Curse","Dark Curse","8febcb0b-a196-409a-b6a8-493b305cd786"
"Richardson, Kim","Kim Richardson","**Once she was the hunter, but now she is the hunted…**
  

Demons and half-breeds rule the darkness in a mortal world rampant with dangers beyond imagining. It’s where they hide, prowl, party… and feed. Rowyn Sinclair’s job is to track and hunt them. 
  

Rowyn is a Hunter and angel-born—a mortal with angelic essence flowing in her veins—and she’s going after demons with a vengeance. 
  

When the Council offers her a job to hunt a human-killing demon, Rowyn must work with Jax, the sexy and dangerous warrior who has a vendetta of his own. 
  

But Rowyn is hiding a dark secret… something that’s always been there… a secret that could change everything… 
","D:\story_books\Kim Richardson\Dark Hunt (460)\cover.jpg","2025-07-04T21:17:24+05:30","mobi","","460","mobi-asin:39c0373e-26ae-4692-9110-d9cf964ed6c5","eng","story_books","2018-06-18T21:30:00+05:30","","","","1.0","1403496","","Dark Hunt","Dark Hunt","4167e268-10c4-4c27-a8eb-63a3b3053fba"
"Richardson, Kim","Kim Richardson","The pulse-pounding continuation of the Shadow and Light series!
After narrowly surviving her encounter with the archangel Vedriel, Rowyn finds herself on another Hunt. But there's a catch. Her new employer is the faerie Queen of the Dark Court, and Rowyn HATES faeries.
","D:\story_books\Kim Richardson\Dark Bound (461)\cover.jpg","2025-07-04T21:17:24+05:30","mobi","","461","mobi-asin:ff36f880-52d1-4be8-aed3-5b7ce2f232c6","eng","story_books","0101-01-01T05:30:00+05:30","Kim Richardson","","","1.0","859089","vampires, angels and demons, strong female lead, witches and wizards, supernatural adventure, young adult series, paranormal romance series, werewolves and shifters, faieries","Dark Bound","Dark Bound","7bb41ac0-52e8-470c-94dd-4110aa27091b"
"Chase, Eva","Eva Chase","","D:\story_books\Eva Chase\Cruel Magic (462)\cover.jpg","2025-07-04T21:17:24+05:30","mobi","9781989096383","462","isbn:9781989096383,mobi-asin:8fc57e9f-cea0-4adc-be0d-acf4eb4f5564","eng","story_books","2019-05-08T03:30:00+05:30","Ink Spark Press","","","1.0","804593","","Cruel Magic","Cruel Magic","0e21dab7-207c-4666-ac81-a610ce29c4ba"
"Richardson, Kim","Kim Richardson","Lucian, the first of the fallen archdemons, is a cosmic douche. And he’s looking for me. Swell.  
  
Without the mark of an archangel, I have no protection against his dark gift. He wants to use me as his puppet, but I’m no one’s puppet.  
  
The archdemon is up to something. I can feel it. Something really big and equally evil. And he’ll stop at nothing until he gets what he wants.  
  
But when Layla goes missing, I’m left with only one choice—team up with a bunch of glowing angels to save her. Lucky me.  
  
It gets even better. As I hunt for Layla, I discover Lucian’s threat is far greater than I’d even realized. It could tear the world apart. So, what do I do? I go Hunting, of course.  
  
 **Dark Angel is a sassy, fast-paced urban fantasy filled with demons, angels, vampires, werewolves, witches, fae, leprechauns, and shifters. If you enjoy urban fantasy books with a kick-ass heroine and plenty of action, suspense and humor, you’ll love Dark Angel. Grab your copy today!**
","D:\story_books\Kim Richardson\Dark Angel (463)\cover.jpg","2025-07-04T21:17:25+05:30","mobi","","463","mobi-asin:1ddfd517-3656-4cca-98c9-4cbad403d9f9","eng","story_books","2020-02-08T17:35:55+05:30","","","","1.0","1168093","","Dark Angel","Dark Angel","4aba622c-84ea-4c7c-9196-1b71cb3a73fe"
"hall, linsey","linsey hall","","D:\story_books\linsey hall\Crime of Magic (464)\cover.jpg","2025-07-04T21:17:25+05:30","mobi","","464","mobi-asin:ba03e073-c73e-49f6-952d-8cddb48d8dee","eng","story_books","2018-05-18T21:30:00+05:30","Bonnie Doon Press","","","1.0","344369","","Crime of Magic","Crime of Magic","c06cb1ff-d196-4938-9248-53e2aaf9c67a"
"Silvers, Shayne & O'Connell, Cameron","Shayne Silvers & Cameron O'Connell","","D:\story_books\Shayne Silvers\Cosmopolitan_ Phantom Queen Book 2 (465)\cover.jpg","2025-07-04T21:17:25+05:30","mobi","","465","mobi-asin:e302858e-7212-44ab-9870-4e9214fc3862","eng","story_books","2018-06-18T21:30:00+05:30","Argento Publishing, LLC","","","1.0","818031","","Cosmopolitan: Phantom Queen Book 2 - A Temple Verse Series (The Phantom Queen Diaries)","Cosmopolitan: Phantom Queen Book 2 - A Temple Verse Series (The Phantom Queen Diaries)","13a26c48-4a62-409c-9e30-4bb0ec01896c"
"Flynn, Erin R","Erin R Flynn","","D:\story_books\Erin R Flynn\Compounding Traumas_ Artemis Univer (466)\cover.jpg","2025-07-04T21:17:26+05:30","mobi","","466","mobi-asin:d5b3f46a-0d5c-43ed-9541-fbf39570e03b","eng","story_books","2020-09-17T21:30:00+05:30","Supernatural Script, Inc","","","1.0","625544","","Compounding Traumas: Artemis University (Book 6)","Compounding Traumas: Artemis University (Book 6)","c76087c5-1a40-4798-b0aa-90753826aa31"
"Koonce, A.K. & Ceres, Aleera Anaya","A.K. Koonce & Aleera Anaya Ceres","","D:\story_books\A.K. Koonce\Control of Five_ A Reverse Harem Se (467)\cover.jpg","2025-07-04T21:17:26+05:30","mobi","","467","mobi-asin:a66a7e9c-1548-44b6-ac3f-46da9487c03a","eng","story_books","2019-08-05T21:30:00+05:30","","","","1.0","380143","","Control of Five: A Reverse Harem Series (Origins of the Six Series Book 2)","Control of Five: A Reverse Harem Series (Origins of the Six Series Book 2)","c70fb75f-0a89-4c02-9802-21af1341d5df"
"Moss, Sadie","Sadie Moss","","D:\story_books\Sadie Moss\Clash (Academy of Unpredictable Mag (468)\cover.jpg","2025-07-04T21:17:26+05:30","mobi","","468","mobi-asin:370d0b8b-7692-4f99-92cc-5f681d8fff9d","eng","story_books","2019-09-04T21:30:00+05:30","","","","1.0","433340","","Clash (Academy of Unpredictable Magic Book 6)","Clash (Academy of Unpredictable Magic Book 6)","b962c1e1-dcb9-44de-874d-a57ae4e67a14"
"Maas, Sarah J","Sarah J Maas","From the throne of glass rules a king with a fist of iron and a soul as black as pitch. Assassin Celaena Sardothien won a brutal contest to become his Champion. Yet Celaena is far from loyal to the crown. She hides her secret vigilantly; she knows that the man she serves is bent on evil.  
  
Keeping up the deadly charade becomes increasingly difficult when Celaena realizes she is not the only one seeking justice. As she tries to untangle the mysteries buried deep within the glass castle, her closest relationships suffer. It seems no one is above questioning her allegiances—not the Crown Prince Dorian; not Chaol, the Captain of the Guard; not even her best friend, Nehemia, a foreign princess with a rebel heart.  
  
Then one terrible night, the secrets they have all been keeping lead to an unspeakable tragedy. As Celaena's world shatters, she will be forced to give up the very thing most precious to her and decide once and for all where her true loyalties lie... and whom she is ultimately willing to fight for
","D:\story_books\Sarah J Maas\Crown of Midnight (Throne of Glass (469)\cover.jpg","2025-07-04T21:17:26+05:30","mobi","","469","mobi-asin:e437fdca-c3e3-4069-bf59-8ec0d6ea79ed","eng","story_books","2013-08-27T03:30:00+05:30","Bloomsbury Publishing","","","1.0","1205335","","Crown of Midnight (Throne of Glass Book 2)","Crown of Midnight (Throne of Glass Book 2)","f88b5b8f-c536-4d07-a367-a9992b1fba53"
"Richardson, Kim","Kim Richardson","Charmed Nights (The Witches of Hollow Cove, Book # 3)
Full blurb coming soon!
Charmed Nights is the third book in The Witches of Hollow Cove series. If you like fast-paced urban fantasy adventure with a kick-butt heroine and plenty of action, suspense, and humor, you'll love Charmed Nights.
","D:\story_books\Kim Richardson\Charmed Nights (470)\cover.jpg","2025-07-04T21:17:28+05:30","mobi","","470","mobi-asin:e22bf4f1-de98-4170-8a78-7ce24f1c4880","eng","story_books","0101-01-01T05:30:00+05:30","Kim Richardson","","","1.0","628793","","Charmed Nights","Charmed Nights","aa66c15e-2ddf-414c-b4c6-678fca20fbca"
"Snow, T.S.","T.S. Snow","","D:\story_books\T.S. Snow\Chaotic (Arcane Mage Series Book 1) (471)\cover.jpg","2025-07-04T21:17:28+05:30","mobi","","471","mobi-asin:e08b0321-2f64-4f2a-a4cf-da724dde53c9","eng","story_books","2020-07-08T21:30:00+05:30","","","","1.0","472181","","Chaotic (Arcane Mage Series Book 1)","Chaotic (Arcane Mage Series Book 1)","c571c20d-7d0a-4993-9af4-99a7caf5570f"
"Kingsolver, B. R.","B. R. Kingsolver","**Book 4 of the Chameleon Assassin series, sequel to the award-winning Book 1, Chameleon Assassin.**
Even a chameleon can be a target. 
Libby makes her money as a thief and an assassin, but a girl has to have a cover. To her surprise, her business installing security systems in 23rd century Toronto is taking off, as is her romance with Wil—North America’s top cop. 
Then an insurance company hires her to recover a fortune in stolen art and jewelry. Bring them the stolen goods and they'll pay an outrageous fee, no questions asked. 
The Vancouver art scene is hot, in more ways than one. Billionaires compete for bragging rights, and they aren't picky who they deal with. 
With big money and reputations on the line, Libby is on a collision course with the super-rich. When too many questions make the art thieves uncomfortable, one of the world’s top assassins is hired to eliminate those who know too much—including Libby. 
","D:\story_books\B. R. Kingsolver\Chameleon's Death Dance (472)\cover.jpg","2025-07-04T21:17:28+05:30","mobi","","472","mobi-asin:384d9f6e-c0dd-46a0-9e07-11f502021a81","eng","story_books","2017-12-12T11:30:00+05:30","","","","1.0","469320","","Chameleon's Death Dance","Chameleon's Death Dance","3259ccbe-9d83-4b45-8561-e89a31d33f17"
"Kingsolver, B. R.","B. R. Kingsolver","Libby's chameleon mutation has led to a lucrative career as a thief and assassin. She normally doesn't worry about the comfort of corporate executives, but when she stumbles onto the grisly murder of a rich man's mistress, it gets her attention. The murder leads Libby to believe her best friend's life is in danger, and she vows to protect her. The killings continue, some in broad daylight, but no one ever sees the killer. For a chameleon assassin, the scenario feels uncomfortably familiar.
","D:\story_books\B. R. Kingsolver\Chameleon's Challenge (473)\cover.jpg","2025-07-04T21:17:29+05:30","mobi","9781547286089","473","mobi-asin:51979047-1b04-42a4-abfd-1aaefdbec260,isbn:9781547286089","eng","story_books","2017-06-08T10:30:00+05:30","CreateSpace Independent Publishing Platform","","","1.0","480940","","Chameleon's Challenge","Chameleon's Challenge","2d04eca0-a6dd-4fee-bbd4-5ba91b862e08"
"Kingsolver, B. R.","B. R. Kingsolver","The dark sequel to the best-selling Chameleon Assassin. Libby has a chance to build a legitimate reputation when she's hired by one of the world's most prestigious museums to bolster their security. The gig is in Chicago, where her heartthrob lives, so she hopes for a little romance. She's on a first-name basis with larceny, mayhem, and death, but Libby's not used to being on the receiving end. Chicago is far darker and more dangerous than her native Toronto. Amidst terrorist bombings, stolen treasure, and murder, a mutant prophet calls for revolution. Away from her family and friends, Libby has nowhere to turn as enemies assault her from all sides. Their mistake. Libby makes a bad enemy.
","D:\story_books\B. R. Kingsolver\Chameleon Uncovered (474)\cover.jpg","2025-07-04T21:17:29+05:30","mobi","9781543068627","474","mobi-asin:062d130f-652c-4908-a39a-043cdf527f5f,isbn:9781543068627","eng","story_books","2017-03-03T11:30:00+05:30","CreateSpace Independent Publishing Platform","","","1.0","492702","","Chameleon Uncovered","Chameleon Uncovered","75a91d98-c77c-439e-8d58-73bb9ea3f577"
"Kingsolver, B. R.","B. R. Kingsolver","Libby is a mutant, one of the top burglars and assassins in the world. For a price, she caters to executives' secret desires. Eliminate your corporate rival? Deliver a priceless art masterpiece or necklace? Hack into another corporation's network? Libby's your girl. Climate change met nuclear war, and humanity lost. The corporations stepped in, stripping governments of power. Civilization didn't end, but it became less civilized. There are few rules as corporations jockey for position and control of assets and markets. In the year 2200, the world has barely recovered the level of technology that existed before the ice melted and the subsequent wars. The corporate elite live in their walled estates and skyscraper apartments while the majority of humanity supplies their luxuries. On the bottom level, the mutants, the poor, and the criminals scramble every day just to survive.
","D:\story_books\B. R. Kingsolver\Chameleon Assassin (475)\cover.jpg","2025-07-04T21:17:29+05:30","mobi","9781540627391","475","isbn:9781540627391,mobi-asin:2bef2a3a-5bbf-4e9d-87e5-855294dc5dc5","eng","story_books","2016-11-29T11:30:00+05:30","CreateSpace Independent Publishing Platform","","","1.0","365402","","Chameleon Assassin","Chameleon Assassin","cd768bc7-771a-43ff-b929-36fa885e1223"
"hall, linsey","linsey hall","","D:\story_books\linsey hall\Celtic Magic (476)\cover.jpg","2025-07-04T21:17:29+05:30","mobi","9781942085676","476","mobi-asin:ec91944e-4323-4098-856f-4fc866f8b98f,isbn:9781942085676","eng","story_books","2018-06-18T09:30:00+05:30","Bonnie Doon Press","","","1.0","396429","","Celtic Magic","Celtic Magic","7437973e-87e6-46a1-8fe2-0f86260fa18a"
"Silvers, Shayne","Shayne Silvers","","D:\story_books\Shayne Silvers\Carnage_ Nate Temple Series Book 14 (477)\cover.jpg","2025-07-04T21:17:30+05:30","mobi","","477","mobi-asin:49fbfc73-b555-4fc5-b168-ec27b567a238","eng","story_books","2020-03-29T21:30:00+05:30","Argento Publishing, LLC","","","1.0","913247","","Carnage: Nate Temple Series Book 14","Carnage: Nate Temple Series Book 14","4fcabc0b-4fcd-42da-a3dc-75d3d5760312"
"hall, linsey","linsey hall","","D:\story_books\linsey hall\Captured by Magic (478)\cover.jpg","2025-07-04T21:17:30+05:30","mobi","9781942085706","478","mobi-asin:8f7104a4-8ce3-4582-bc21-62ab68079968,isbn:9781942085706","eng","story_books","2018-07-17T21:30:00+05:30","Bonnie Doon Press","","","1.0","350767","","Captured by Magic","Captured by Magic","eec64c2d-6c0a-4135-83a3-09e44e806396"
"Arthur, Keri","Keri Arthur","The winds of change are finally whispering through the Faelan Werewolf Reservation…Lizzie Grace is doing her utmost to ignore the portents of doom, wanting nothing more than enjoy her life and her time with Aiden O’Connor while she still can. But the song of the once unprotected and very powerful wellspring still washes across the distant shores of darkness, and it continues to draw evil to the reservation.The one that arrives this time is different from the others. Not only is it skilled in magic, but its kills are very specific. Very targeted. As the brutal deaths mount up and she, Monty, and Aiden struggle to find answers and stop the killings, Lizzie begins to suspect there’s more to this particular evil than meets the eye.Especially when it helps save the life of a child.But the biggest threat to Lizzie comes not in the form of evil, but rather the changes whispered on the wind.Because the werewolf Aiden once asked to be his wife has finally arrived back in the reservation.And she’s determined to get her man.
","D:\story_books\Keri Arthur\Broken Bonds ~ 08 Lizzie Grace (479)\cover.jpg","2025-07-04T21:17:30+05:30","mobi","","479","mobi-asin:2fe3835a-09b9-47ea-b8ad-329e71257335","eng","story_books","2021-01-01T10:30:00+05:30","","","","1.0","649541","","Broken Bonds ~ 08 Lizzie Grace","Broken Bonds ~ 08 Lizzie Grace","91fc7b11-6f10-4453-b2da-b6ba8e69a248"
"Silvers, Shayne & O'Connell, Cameron","Shayne Silvers & Cameron O'Connell","","D:\story_books\Shayne Silvers\Brimstone Kiss_ Phantom Queen Book (480)\cover.jpg","2025-07-04T21:17:31+05:30","mobi","","480","mobi-asin:ed4158ee-660e-4df9-a426-e9b0d7d85987","eng","story_books","2020-03-11T21:30:00+05:30","Argento Publishing","","","1.0","934640","","Brimstone Kiss: Phantom Queen Book 10 - A Temple Verse Series (The Phantom Queen Diaries)","Brimstone Kiss: Phantom Queen Book 10 - A Temple Verse Series (The Phantom Queen Diaries)","d1e6119a-57bf-498e-9868-565e42749b10"
"Banet, K.N. & Banet, Kristen","K.N. Banet & Kristen Banet","","D:\story_books\K.N. Banet\Bounty (Kaliya Sahni Book 1) (481)\cover.jpg","2025-07-04T21:17:31+05:30","mobi","","481","mobi-asin:f9176455-94af-442e-a592-340a273ac211","eng","story_books","2020-03-12T21:30:00+05:30","","","","1.0","474017","","Bounty (Kaliya Sahni Book 1)","Bounty (Kaliya Sahni Book 1)","cc4cd427-03a7-48e6-a7a1-312e29491b3f"
"Riordan, Rick","Rick Riordan","Greetings, initiate! Carter Kane, here. Congratulations on reaching Brooklyn House in one piece. This accomplishment signals that you're descended from Ancient Egyptian royalty, and you have magic powers. But what good is power without knowing how to use it? That's where this training manual comes in. Packed with quizzes, stories, and insights about Ancient Egyptian deities, creatures (the friendly and the deadly), the mysterious Duat, and more, this primer will prime those with the blood of the pharaohs to take their first steps down the path of the gods. You'll hear from me, other magicians (including my sister, Sadie), and even a few of the gods themselves. But beware of tricks and surprises: anything can happen in the world of Egyptian magic.","D:\story_books\Rick Riordan\Brooklyn House Magician's Manual (482)\cover.jpg","2025-07-04T21:17:31+05:30","mobi","","482","mobi-asin:5273735c-e9c2-406c-9ede-07ca612aa100","eng","story_books","2018-05-02T05:30:00+05:30","Disney Book Group","","","1.0","9160611","","Brooklyn House Magician's Manual","Brooklyn House Magician's Manual","2b2b30b9-f8e8-43e8-a83d-71c0dbaa7c51"
"Harkness, Deborah","Deborah Harkness","**The #1 *New York Times* bestselling series finale and sequel to *A Discovery of Witches* and *Shadow of Night*** 
Fans of the All Souls Trilogy sent this highly anticipated finale straight to #1 on the *New York Times* hardcover bestseller list. Bringing the series’ magic and suspense to a deeply satisfying conclusion, *The Book of Life* is poised to become an even bigger phenomenon in paperback. 
Diana and Matthew time-travel back from Elizabethan London to make a dramatic return to the present—facing new crises and old enemies. At Matthew’s ancestral home, Sept-Tours, they reunite with the beloved cast of characters from *A Discovery of Witches* —with one significant exception. But the real threat to their future has yet to be revealed, and when it is, the search for Ashmole 782 and its missing pages takes on even more urgency.
**
","D:\story_books\Deborah Harkness\Book of Life (483)\cover.jpg","2025-07-04T21:17:31+05:30","mobi","9780143127529","483","isbn:9780143127529,mobi-asin:9bff14a2-ff83-4e5c-bb83-713d6a91fae0","eng","story_books","2015-05-26T05:30:00+05:30","Penguin Books","","","1.0","997917","","Book of Life","Book of Life","76dead29-6cf8-4c33-b207-b66078876bf9"
"Chan, Lan","Lan Chan","","D:\story_books\Lan Chan\Bloodline Prophecy_ An Urban Fantas (484)\cover.jpg","2025-07-04T21:17:32+05:30","mobi","","484","mobi-asin:a6b5cd2c-1689-4d56-9005-f16a2557189e","eng","story_books","2021-08-27T21:30:00+05:30","","","","1.0","801744","sort3","Bloodline Prophecy: An Urban Fantasy Academy Novel (Bloodline Academy Book 7)","Bloodline Prophecy: An Urban Fantasy Academy Novel (Bloodline Academy Book 7)","1c990579-6eec-4018-9e13-99cf3417480f"
"Mayer, Shannon","Shannon Mayer","* ** My name is Larkspur, and I am an Elemental. 
My people use the power of the earth to sustain life and defy our enemies. I should be at my father's side as a royal princess. But as a half-breed, bastard child, that isn't going to happen. ** * 
As an Ender, one of my father’s Elite guards, it’s my job to do as I’m told. When my older sister is sent as an ambassador to the realm of the water elementals--the Deep--I have no choice but to accompany her as her bodyguard. 
With the death of the water elemental's King, a deadly battle for the throne begins; a battle we are forced to choose sides in. 
There are only a few things I know for sure. The ocean may be beautiful, but lurking in its depths are monsters to fear, the water I tread is teaming with danger and I am on my own. 
With no one to help, and no one to trust, I have to find a way to keep my sister safe, and stop a civil war. 
But the secrets within the Deep are far darker than any of us realized. 
Welcome . . . welcome to the Deep. 
","D:\story_books\Shannon Mayer\Breakwater (485)\cover.jpg","2025-07-04T21:17:32+05:30","mobi","9781987933031","485","isbn:9781987933031,mobi-asin:6811e551-907e-4159-9710-87473eb08bca","eng","story_books","2015-06-23T12:30:00+05:30","Hijinks Ink Publishing","","","1.0","1737619","Fiction, fantasy, General, Contemporary, Urban, Paranormal, Romance, New Adult, Occult & Supernatural, Paranormal Urban Fantasy Romance","Breakwater","Breakwater","2ac02ca1-4fe8-4e2c-9b2a-d7ca84068232"
"Chan, Lan","Lan Chan","","D:\story_books\Lan Chan\Bloodline Alchemy (486)\cover.jpg","2025-07-04T21:17:33+05:30","mobi","","486","mobi-asin:785ad664-8df0-4dbc-9edd-f70136eedab6","eng","story_books","2021-05-21T03:30:00+05:30","","","","1.0","775238","","Bloodline Alchemy","Bloodline Alchemy","1635f844-40ed-46e8-b05c-d6c513f6596c"
"Mayer, Shannon","Shannon Mayer","","D:\story_books\Shannon Mayer\Blood of a Phoenix (The Nix Series (487)\cover.jpg","2025-07-04T21:17:33+05:30","mobi","9781987933338","487","isbn:9781987933338,mobi-asin:c71ca3d3-051c-413f-a25c-5ac757054846","eng","story_books","2017-09-01T21:30:00+05:30","Hijinks Ink Publishing","","","1.0","730276","","Blood of a Phoenix (The Nix Series Book 2)","Blood of a Phoenix (The Nix Series Book 2)","2d19d0b1-fc49-4efb-bf82-73b9760af3d0"
"Piper, Sarah","Sarah Piper","","D:\story_books\Sarah Piper\Blood Cursed_ A Reverse Harem Paran (488)\cover.jpg","2025-07-04T21:17:34+05:30","mobi","","488","mobi-asin:2e3544ed-a8d7-4aa4-8217-690ac5f3cedd","eng","story_books","2018-11-29T21:30:00+05:30","Two Gnomes Media","","","1.0","469900","","Blood Cursed: A Reverse Harem Paranormal Romance (The Witch's Rebels Book 4)","Blood Cursed: A Reverse Harem Paranormal Romance (The Witch's Rebels Book 4)","e9f12222-e5d3-4ad5-8fe5-4b26385cae5e"
"Silvers, Shayne","Shayne Silvers","It’s Mardi Gras in St. Louis, but Nate Temple – plagued with horrifying night terrors of carnage and chaos that could qualify him as a card carrying psychopathic insomniac – is not celebrating. Instead, he’s been using those sleepless nights to try and get a grip on his sudden boost in magical power, the power that surged inside him following his parents’ murder – the power that abruptly made him the strongest wizard for hundreds of miles.
And that jump in power has only created a glaring void of jealousy in his wizard brethren, painting a nice fat target on his back. Still, desperate for answers regarding his parents’ murder – and the mysterious Pandora Protocol project they had gifted him – he finds himself risking everything to dish out vengeance against the monster that destroyed his family.
But will he succeed when the ruling body of wizards strips him of his powers, his allies desert him, the city itself fights to shut him and his billion dollar company down, and the heaviest of the Biblical big hitters threaten him to cease and desist his investigation before his Blood Debt ignites Armageddon? Nate soon realizes that he’s in the fog of war against a foe that has been playing chess while Nate has been playing checkers, and every supernatural nation is fighting to get their grubby claws on the mysterious Pandora Protocol.
Backed against a wall, it’s time for Nate Temple to realize who he is without his magic, his allies, or his money. And at the end of that road, only Death is waiting to greet him…
","D:\story_books\Shayne Silvers\Blood Debts (The Temple Chronicles (489)\cover.jpg","2025-07-04T21:17:34+05:30","mobi","","489","mobi-asin:63feddac-45b4-496a-8003-5bc7ab977b29","eng","story_books","2015-11-14T00:00:00+05:30","Argento Publishing","","","1.0","839825","Funny, were-wolves, vampires, angel, Wizard, demon, Demons, Supernatural, best-seller, Angels, were-wolf, Bestseller, vampire, Romance, Wizards, Adventure, new, comedy, Mystery, Magic, Romantic, Werewolves, Action, thriller, urban fantasy, St. Louis, werewolf, Paranormal, fantasy, Suspense","Blood Debts (The Temple Chronicles Book 2)","Blood Debts (The Temple Chronicles Book 2)","4462ee8d-f276-4c2a-a4d5-2ac34bb646a6"
"Wright, Suzanne","Suzanne Wright","**For those who need more Harper and Knox . . . there's *Blaze*!**
Defeat the enemy. Win the boy. Live happily ever after.
But life ""ever after"" isn't as easy as it used to be. Harper's gone from being a member of a small demon lair to co-Prime of one of the most powerful lairs in the US with a mate who, though hot as hell, is just a mite overprotective - *I mean,* *you get kidnapped by dark practitioners just once . . .*
Then one of Knox's demons goes rogue, and in his madness decides Knox Thorne must die.
Harper's worried. Knox isn't - at least until he discovers his mate's willingness to get between him and danger. Now, Knox has a new priority: Keep Harper safe . . . no matter what it takes.
But Harper begins to suspect there's more danger than one rogue demon. It seems the combined strength of Harper and Knox has upset the balance of power in the demon world and there are those who are determined to right that wrong.
Because when you move up the food chain, sometimes the other predators just want to take a bigger bite.
**Praise for Suzanne Wright:**
""Unique, original and very entertaining."" ***Ramblings from this Chick***  
**  
** ""It's been two minutes since my last fix and I need Suzanne Wright to give me more"" ***Edgy Reviews***
**
### About the Author
Suzanne Wright lives in England with her husband and two children. When she's not spending time with her family, she's writing, reading or doing her version of housework - sweeping the house with a look. She's worked in a pharmaceutical company, at a Disney Store, at a primary school as a voluntary teaching assistant, at the RSCPA and has a First Class Honours degree in Psychology and Identity Studies. As to her interests, she enjoys reading, writing, reading, writing (sort of eat, sleep, write, repeat), spending time with her family, movie nights with her sisters and playing with her two Bengal kittens. To connect with Suzanne online: Website: http://www.suzannewright.co.uk Facebook: https://www.facebook.com/suzannewrightfanpage Twitter: https://twitter.com/suz_wright Blog: http://www.suzannewrightsblog.blogspot.co.uk 
","D:\story_books\Suzanne Wright\Blaze (490)\cover.jpg","2025-07-04T21:17:34+05:30","mobi","9780349413181","490","mobi-asin:ee3d7bc6-a7ed-4bd4-aee8-ec6228eeb703,isbn:9780349413181","eng","story_books","2016-09-01T00:00:00+05:30","Piatkus","","","1.0","764345","Romance, Contemporary Romance","Blaze","Blaze","dc6e1440-e191-405d-b5e5-dc7aed3fc426"
"Summers, Ella","Ella Summers","","D:\story_books\Ella Summers\Blood Magic (Dragon Born Alexandria (491)\cover.jpg","2025-07-04T21:17:34+05:30","mobi","","491","mobi-asin:97125bf0-dc68-4143-a80d-4c880b720802","eng","story_books","2016-02-19T00:00:00+05:30","Night Spark Media","","","1.0","3436689","","Blood Magic (Dragon Born Alexandria Book 2)","Blood Magic (Dragon Born Alexandria Book 2)","37918315-ff47-45fa-aafe-486d9c89d7ab"
"Silvers, Shayne","Shayne Silvers","","D:\story_books\Shayne Silvers\Black Sheep_ Feathers and Fire Book (492)\cover.jpg","2025-07-04T21:17:35+05:30","mobi","","492","mobi-asin:d69dd49f-979f-4650-ad1c-f7997eaac6bd","eng","story_books","2019-04-17T21:30:00+05:30","Argento Publishing, LLC","","","1.0","1071342","","Black Sheep: Feathers and Fire Book 6","Black Sheep: Feathers and Fire Book 6","fcc1dfab-d70e-4b7f-b55f-6cf3d89835d5"
"Harrison, Kim","Kim Harrison","SUMMARY: The latest stirring instalment of the urban fantasy-thriller series starring Rachel Morgan. A pacey and addictive novel of sexy bounty-hunting witches, cunning demons and vicious vampires.Having barely escaped being skewered by the criminal vampire overlord of Cinncinati, Rachel now has even bigger problems to contend with.The demon, Algaliarept, although banished back into the everafter has infected others of his kind with his interest in a witch who can channel demon magic. Rachel soon finds herself with not one but three hellions on her tail; and one of them is even crazier and more dangerous than all the fairy assassins, weres and vampires on the planet.Published as 'The Outlaw Demon Wails' in the US.","D:\story_books\Kim Harrison\Black Magic Sanction (493)\cover.jpg","2025-07-04T21:17:35+05:30","mobi","9780007321964","493","isbn:9780007321964,mobi-asin:37534690-615e-4f5f-a20c-87d7216bb200","eng","story_books","2010-04-28T09:30:00+05:30","HarperCollins Publishers Limited","","","1.0","1876484","Unread","Black Magic Sanction","Black Magic Sanction","41e7ec19-d15e-48d1-bf07-157b78fa3512"
"Silvers, Shayne","Shayne Silvers","**Nate's To-Do List: De-pants Ganesh. Shut down a Monster Circus. Rescue a Chimera. Host Thanksgiving for his guests - an Angel, Achilles, and Death, just to name a few... Easy-Peasy...**
The Beast Master has come to town, and he's kidnapping shifter kids for his show. 
But the Queens of Fae also want a little deep-fried wizard for the holidays. 
Oh, and Nate is losing that last finger-hold on his sanity: hallucinating, and talking to creatures that no one else can see. The ancient demon inside of him is getting stronger, fighting for dominance, and only one of them can survive. 
But when Nate's extorted to rescue a lethal Chimera child from the Beast Master's Circus, Nate's only option is to partner with his inner demon, risking his very soul. But his friends begin to doubt and fear this new, darker Nate, taking matters into their own hands - even when that means standing against him. 
With allies turned enemies, the Fae breathing down his neck, and a dangerous child's life on the line, Nate must call upon, bully, and coerce new storybook legends and gods to save his traitorous friends from becoming the Beast Master's next victims... 
Discover what - if anything - Nate is willing to sacrifice to save the friends who betrayed him...
","D:\story_books\Shayne Silvers\Beast Master (494)\cover.jpg","2025-07-04T21:17:36+05:30","mobi","9780998085463","494","mobi-asin:5d8f3cb4-383e-4a11-99b6-d9f71f0b062e,isbn:9780998085463","eng","story_books","2017-03-01T11:30:00+05:30","Argento Publishing, LLC","","","1.0","984353","","Beast Master","Beast Master","1f2c46a6-4a6e-4fc7-be78-32a6e5136b7a"
"Breene, K.F.","K.F. Breene","","D:\story_books\K.F. Breene\Battle With Fire (495)\cover.jpg","2025-07-04T21:17:36+05:30","mobi","1360637087","495","mobi-asin:cb45c18f-dad8-4220-9a91-e657319fadcb,isbn:1360637087","eng","story_books","2021-09-10T00:00:00+05:30","Hazy Dawn Press, Inc.","","","1.0","645480","","Battle With Fire","Battle With Fire","89056f90-608f-4334-b6a5-76a3a072c7ef"
"hall, linsey","linsey hall","","D:\story_books\linsey hall\Attack by Magic (496)\cover.jpg","2025-07-04T21:17:37+05:30","mobi","9781942085546","496","isbn:9781942085546,mobi-asin:2f27d3a2-79bc-47c0-88fd-7fbbb6515029","eng","story_books","2018-02-06T21:30:00+05:30","Bonnie Doon Press","","","1.0","453783","","Attack by Magic","Attack by Magic","8bf837eb-fef8-4b26-a37a-900555af8bb4"
"Asher, Ivy","Ivy Asher","","D:\story_books\Ivy Asher\Awakened and Betrayed (497)\cover.jpg","2025-07-04T21:17:37+05:30","mobi","","497","mobi-asin:059249a2-33ac-4f4f-b635-f0518d305610","eng","story_books","2019-01-28T04:30:00+05:30","","","","1.0","560256","","Awakened and Betrayed","Awakened and Betrayed","4d222431-c311-422b-a548-25804350af12"
"Wright, Suzanne","Suzanne Wright","Part of a small demon lair in North Las Vegas, tattooist Harper Wallis lives a pretty simple life. That changes overnight when she discovers that her psychic mate, or ‘anchor’, is a guy who’s rumored to be the most powerful demon in existence. Compelling, full of secrets and armed with raw sexuality, Knox Thorne is determined to claim her as his anchor, creating a psychic bond that will prevent their inner demons from ever turning rogue. The billionaire also wants Harper in his bed. She’s not so sure she wants either of those things. No one seems to know what breed of demon Knox is, only that he’s more dangerous than anything she’s ever before encountered. But he refuses to walk away. And when an unknown danger starts closing in on Harper, it seems that Knox is the only one who can keep her safe. 
As Prime of his Las Vegas lair and a successful businessman, Knox Thorne is used to being in control. He’s also used to people fearing and obeying him. Harper does neither, which unexpectedly amuses him. Unpredictable, elusive, and complex, she draws Knox and his inner demon like nothing ever has. Knox is used to getting what he wants, and he wants Harper. He’ll have her, and he’ll keep her safe from the threat that looms over her. Because Knox protects what’s his. He won’t allow anyone to take her from him. Even if it will mean letting the demon inside him rise and wreak the havoc it was created to make.
**
","D:\story_books\Suzanne Wright\BURN (The Dark in You Series Book 1 (498)\cover.jpg","2025-07-04T21:17:38+05:30","mobi","","498","mobi-asin:55c8698d-1bfe-4adb-8d52-117cde22b00d","eng","story_books","2015-06-29T04:30:00+05:30","Suzanne Wright","","","1.0","1045636","","BURN (The Dark in You Series Book 1)","BURN (The Dark in You Series Book 1)","4a6746df-364f-41fc-bdc0-04851d26e8cd"
"Frost, Jeaniene","Jeaniene Frost","SUMMARY: Some things won't stay buried . . . at grave's end   It should be the best time of half-vampire Cat Crawfield's life. With her undead lover Bones at her side, she's successfully protected mortals from the rogue undead. But though Cat's worn disguise after disguise to keep her true identity a secret from the brazen bloodsuckers, her cover's finally been blown, placing her in terrible danger.   As if that wasn't enough, a woman from Bones's past is determined to bury him once and for all. Caught in the crosshairs of a vengeful vamp, yet determined to help Bones stop a lethal magic from being unleashed, Cat's about to learn the true meaning of bad blood. And the tricks she's learned as a special agent won't help her. She will need to fully embrace her vampire instincts in order to save herself—and Bones—from a fate worse than the grave.","D:\story_books\Jeaniene Frost\At Grave's End (499)\cover.jpg","2025-07-04T21:17:38+05:30","mobi","9780061583070","499","mobi-asin:c34667db-c4f7-425b-9f6e-35ede7f78bba,isbn:9780061583070","eng","story_books","2009-04-30T15:28:36+05:30","HarperCollins","","","1.0","475699","fantasy","At Grave's End","At Grave's End","663ceefd-a7c4-44d2-9f62-c32ca83a7b77"
"Wright, Suzanne","Suzanne Wright","","D:\story_books\Suzanne Wright\Ashes (500)\cover.jpg","2025-07-04T21:17:39+05:30","mobi","9780349413204","500","mobi-asin:bdbb859e-0ee0-423b-89a8-15425d84b89b,isbn:9780349413204","eng","story_books","2017-07-04T00:00:00+05:30","Little, Brown Book Group","","","1.0","1590065","","Ashes","Ashes","5c664b0c-b397-424b-968f-03bd7cddc0c6"
"Silvers, Shayne","Shayne Silvers","","D:\story_books\Shayne Silvers\Ascension_ Nate Temple Series Book (501)\cover.jpg","2025-07-04T21:17:39+05:30","mobi","","501","mobi-asin:de7836d6-c899-4860-8c2b-112194936928","eng","story_books","2019-09-08T21:30:00+05:30","Argento Publishing","","","1.0","965497","","Ascension: Nate Temple Series Book 13","Ascension: Nate Temple Series Book 13","ffd7bf82-4787-4ae0-bc94-ee94bf438ac4"
"Chokshi, Roshani","Roshani Chokshi","<p><strong>Best-selling author Rick Riordan Presents the penultimate book in the Pandava series by best-selling author Roshani Chokshi.</strong></p><p>Aru Shah and her sisters—including one who also claims to be the Sleeper's daughter—must find their mentors Hanuman and Urvashi in Lanka, the city of gold, before war breaks out between the devas and asuras.</p><p>Aru has just made a wish on the tree of wishes, but she can't remember what it was. She's pretty sure she didn't wish for a new sister, one who looks strangely familiar and claims to be the Sleeper's daughter, like her.</p><p>Aru also isn't sure she still wants to fight on behalf of the devas in the war against the Sleeper and his demon army. The gods have been too devious up to now. Case in point: Kubera, ruler of the city of gold, promises to give the Pandavas two powerful weapons, but only if they win his trials. If they lose, they won't stand a chance against the Sleeper's troops, which will soon march on Lanka to take...","D:\story_books\Roshani Chokshi\Aru Shah and the City of Gold (502)\cover.jpg","2025-07-04T21:17:40+05:30","mobi","","502","mobi-asin:367532d9-e55d-4717-b6ce-b19e0b861991","eng","story_books","2021-04-06T05:30:00+05:30","Disney Book Group","","","1.0","1690995","","Aru Shah and the City of Gold","Aru Shah and the City of Gold","3c3bd0b4-668f-405e-9408-3d2d6e65a81c"
"Mayer, Shannon","Shannon Mayer","""What a fantastic fantasy series! I love a strong female lead and we were delivered that in spades with Larkspur . . . This story is fast paced and exciting right from the start. I can't wait to see what comes next!""-Boundless Book ReviewsFrom HiJinks Ink Publishing and Shannon Mayer comes ROOTBOUND (Book 5) in The USA Today Bestselling ELEMENTAL SERIES. With over 1 million books sold, Shannon Mayer proves once again she can dominate her genre right out of the gate.My name is Ash, and I am an Elemental.As an Ender, it is my place to protect the royal family at all costs. Despite being the best Ender our world has ever beheld, I have failed time and again as the personal sacrifices continue to mount.Lark has been banished to the desert by her father who is blind to the manipulation he has again fallen prey to. To bring about justice, I must seek out and destroy the one who intentionally wields her powers to bring pain to my people.Cassava's death will finally free us from the dark...","D:\story_books\Shannon Mayer\Ash (The Elemental Series, Book 6) (503)\cover.jpg","2025-07-04T21:17:40+05:30","mobi","","503","mobi-asin:de5160ff-8e25-4e3f-97c1-df5563eef4c6","eng","story_books","2016-08-11T00:00:00+05:30","Shannon Mayer","","","1.0","1157521","Paranormal Urban Fantasy","Ash (The Elemental Series, Book 6)","Ash (The Elemental Series, Book 6)","5fe25ab0-df4a-408e-8195-7dc652369f8f"
"Silvers, Shayne","Shayne Silvers","","D:\story_books\Shayne Silvers\Anghellic_ Feathers and Fire Book 8 (504)\cover.jpg","2025-07-04T21:17:41+05:30","mobi","","504","mobi-asin:74c8184e-0109-4f37-b174-519ff81c0e1a","eng","story_books","2020-05-14T21:30:00+05:30","Argento Publishing, LLC","","","1.0","863590","","Anghellic: Feathers and Fire Book 8","Anghellic: Feathers and Fire Book 8","65e21239-9f60-459e-af0a-47ecb015be27"
"Silvers, Shayne","Shayne Silvers","","D:\story_books\Shayne Silvers\Angel's Roar_ Feathers and Fire Boo (505)\cover.jpg","2025-07-04T21:17:41+05:30","mobi","","505","mobi-asin:b3a8e4b1-daad-4262-929f-17088b717af5","eng","story_books","2018-04-17T10:30:00+05:30","Argento Publishing, LLC","","","1.0","685162","","Angel's Roar: Feathers and Fire Book 4","Angel's Roar: Feathers and Fire Book 4","cf205715-8d6d-407c-ac6a-cab1d82ac628"
"Summers, Ella","Ella Summers","","D:\story_books\Ella Summers\Angel's Flight (Legion of Angels Bo (506)\cover.jpg","2025-07-04T21:17:42+05:30","mobi","","506","mobi-asin:eb2020b8-6e9b-4b86-8a0c-a64dd94ed07d","eng","story_books","2019-05-31T21:30:00+05:30","Night Spark Media","","","1.0","596415","","Angel's Flight (Legion of Angels Book 8)","Angel's Flight (Legion of Angels Book 8)","0f86b87e-d063-46b9-b3dc-87b5135b9983"
"Christie, Agatha","Agatha Christie","<P>The world's best-selling mystery with over 100 million copies sold!<p>Ten people, each with something to hide and something to fear, are invited to a lonely mansion on Indian Island by a host who, surprisingly, fails to appear. On the island they are cut off from everything but each other and the inescapable shadows of their own past lives. One by one, the guests share the darkest secrets of their wicked pasts. And one by one, they die…<p>The Spectator (London): ‘Agatha Christie's masterpiece.’<p>The New York Times: ‘The whole thing is utterly impossible and utterly fascinating. It is the most baffling mystery Agatha Christie has ever written.’","D:\story_books\Agatha Christie\And Then There Were None (507)\cover.jpg","2025-07-04T21:17:42+05:30","mobi","","507","mobi-asin:4b3045b3-c8a5-46ce-b6ae-345d43558c9a","eng","story_books","2011-05-15T00:00:00+05:30","HarperCollins","","","1.0","540879","","And Then There Were None","And Then There Were None","4e306a14-e745-4642-8d7f-ea34656a4469"
"Banet, Kristen","Kristen Banet","","D:\story_books\Kristen Banet\An Echo of Darkness (The Redemption (508)\cover.jpg","2025-07-04T21:17:42+05:30","mobi","","508","mobi-asin:9d0f740c-f408-4ea0-9d11-3b7b0a878044","eng","story_books","2018-11-14T21:30:00+05:30","","","","1.0","575889","","An Echo of Darkness (The Redemption Saga Book 4)","Echo of Darkness (The Redemption Saga Book 4), An","29fd36e6-512d-4b51-9882-e698e94cf418"
"hall, linsey","linsey hall","","D:\story_books\linsey hall\Ancient Magic_ a New Adult Urban Fa (509)\cover.jpg","2025-07-04T21:17:43+05:30","mobi","","509","mobi-asin:1441d5ff-3566-4865-a44f-9d29f9a34595","eng","story_books","2016-04-04T09:30:00+05:30","Bonnie Doon Press","","","1.0","417812","","Ancient Magic: a New Adult Urban Fantasy (Dragon's Gift: The Huntress Book 1)","Ancient Magic: a New Adult Urban Fantasy (Dragon's Gift: The Huntress Book 1)","b1e5814f-7f97-44dc-b84a-af239be29d06"
"Flynn, Erin R","Erin R Flynn","Seraphine Thomas, division chief of the FBI and newly made rare siren wolf lycanthrope, makes it through her very first lunar cycle, but that isn’t the only thing on her agenda. To get the agents at MNSTR up and running to her standards, Sera encounters an uphill battle against FBI protocols and personnel she used to respect.  Even as everything starts to work out in her favor, Sera discovers she has way more to learn about being a wolf, embracing her siren, and dealing with her men than she ever thought possible. Add in trying to find a murderer before more bodies show up in downtown Chicago, and she’s got an overflowing plate.  But apparently life wanted to add extras and when she finds out more hideous traditions in the pack, Sera can’t ignore her moral code, no matter who or what she is now.  Fighting for the people who need it leaves one clear path everyone sees for Sera but her. Oh, she’s Alpha enough to take over… But will she still be the Sera Thomas she knows if she does?","D:\story_books\Erin R Flynn\Allure of the Wolf (Seraphine Thoma (510)\cover.jpg","2025-07-04T21:17:43+05:30","mobi","","510","mobi-asin:9e8446a3-fef2-4ccf-94da-cee2a7771653","eng","story_books","2014-09-17T05:30:00+05:30","Supernatural Script Inc.","","","1.0","697263","Paranormal Mystery","Allure of the Wolf (Seraphine Thomas Book 2)","Allure of the Wolf (Seraphine Thomas Book 2)","5b646d9d-6e78-4ecf-aa3b-fc41aa26da16"
"Koonce, A.K. & Ceres, Aleera Anaya","A.K. Koonce & Aleera Anaya Ceres","","D:\story_books\A.K. Koonce\Academy of Six_ A Reverse Harem Aca (511)\cover.jpg","2025-07-04T21:17:44+05:30","mobi","","511","mobi-asin:0e353010-3bdb-4835-9940-f71772fa8e7d","eng","story_books","2019-07-11T21:30:00+05:30","","","","1.0","419901","","Academy of Six: A Reverse Harem Academy Series (Origins of the Six Series Book 1)","Academy of Six: A Reverse Harem Academy Series (Origins of the Six Series Book 1)","3790092c-e140-456a-ac7b-697a153ee04f"
"Flynn, Erin R.","Erin R. Flynn","","D:\story_books\Erin R. Flynn\Accidentally Wolf (512)\cover.jpg","2025-07-04T21:17:44+05:30","mobi","","512","mobi-asin:bfc3863a-00a1-494e-9097-b04dfbe36835","eng","story_books","2012-09-14T03:30:00+05:30","Supernatural Script Inc","","","1.0","666882","","Accidentally Wolf","Accidentally Wolf","0e75254e-b6ad-464b-bd1e-29363054f421"
"hall, linsey","linsey hall","","D:\story_books\linsey hall\Academy of Magic (513)\cover.jpg","2025-07-04T21:17:45+05:30","mobi","9781942085195","513","mobi-asin:e1cb1661-4525-4da6-93e9-738fffe48045,isbn:9781942085195","eng","story_books","2017-12-10T21:30:00+05:30","Bonnie Doon Press","","","1.0","455334","","Academy of Magic","Academy of Magic","b3ea8745-c9d6-492c-a740-b8ae2c27ddb1"
"Flynn, Erin R.","Erin R. Flynn","","D:\story_books\Erin R. Flynn\Abusing the Alpha (514)\cover.jpg","2025-07-04T21:17:45+05:30","mobi","","514","mobi-asin:7a938d50-f28f-42de-9b6c-cc69c72e028a","eng","story_books","2017-08-09T03:30:00+05:30","Supernatural Script Inc.","","","1.0","731106","","Abusing the Alpha","Abusing the Alpha","54ae90fd-08eb-4cea-a88f-5d1376e4c737"
"Flynn, Erin R","Erin R Flynn","","D:\story_books\Erin R Flynn\Absorbing Inevitability (Artemis Un (515)\cover.jpg","2025-07-04T21:17:46+05:30","mobi","","515","mobi-asin:6ee1a950-d579-45d6-985c-d9f9528e1562","eng","story_books","2021-10-21T21:30:00+05:30","Supernatural Script, Inc","","","1.0","577062","","Absorbing Inevitability (Artemis University Book 13)","Absorbing Inevitability (Artemis University Book 13)","54cf1c23-0920-429c-bc8d-f48f979749e0"
"LaVaun, Chandelle","Chandelle LaVaun","","D:\story_books\Chandelle LaVaun\ACADEMY MAGIC EPILOGUE (516)\cover.jpg","2025-07-04T21:17:46+05:30","mobi","","516","mobi-asin:0123-32um3ef1vl-fqd1k99sc7","eng","story_books","0101-01-01T05:30:00+05:30","Wanderlost Publishing","","","1.0","4281160","","ACADEMY MAGIC EPILOGUE","ACADEMY MAGIC EPILOGUE","fc94eb43-a9be-44f4-b5dd-91c9867339b9"
"Harrison, Kim","Kim Harrison","","D:\story_books\Kim Harrison\A Perfect Blood (517)\cover.jpg","2025-07-04T21:17:46+05:30","mobi","9781455119592","517","mobi-asin:081e3dcb-cfa5-47ec-a63b-689418183100,isbn:9781455119592","eng","story_books","2012-02-21T15:30:00+05:30","HarperCollins","","","1.0","973036","Hallows#10","A Perfect Blood","Perfect Blood, A","ba741e3a-25e1-4cb1-9268-635ff33d7e44"
"Mayer, Shannon","Shannon Mayer","As the boogeyman to the underworld, Nix isn't afraid of dying.  
Yet this time, it's not about dying. It's about escaping with her mind intact. 
I thought I'd finally stepped away from the madness of the underworld, away from the Abnormals, away from all those who would do me and those I love harm. 
The world though had different plans. 
And now I'm trapped, not only physically, but inside my head. 
Those who have me caged say none of it was real.  
That I'm not a highly trained assassin of Abnormals.   
That I have no family. My children do not exist.  
That there is nothing supernatural about this world. 
If they are right, then I've been crazy all along. I've been stuck inside of my head all these years, living a fantasy.  
If they are right I am not the legendary Phoenix. 
If they are wrong . . .then that means there is a new game afoot. 
Then there will be hell to pay and the fires that burn within me will consume them all. 
**If you like KF Breene, Ilona Andrews, Patricia Briggs, Faith Hunter, Jaymin Eve, Kelley Armstrong, Kim Harrison, or Shayne Silvers, you won’t want to miss Mayer’s books and her kick butt heroines!**
* * *
**#1 in Psychic Suspense 
# 1 in Psychic Thrillers
# 1 in Organized Crime**
**
","D:\story_books\Shannon Mayer\A Savage Spell (518)\cover.jpg","2025-07-04T21:17:47+05:30","mobi","","518","mobi-asin:091d2925-7739-42b1-8dda-25d171319c5d","eng","story_books","2020-10-06T09:30:00+05:30","Hijinks Ink Publishing","","","1.0","531609","fantasy","A Savage Spell","Savage Spell, A","39fd3fe2-bb25-4547-bdf4-81f57843b1fb"
"Banet, Kristen","Kristen Banet","","D:\story_books\Kristen Banet\A Night of Redemption (The Redempti (519)\cover.jpg","2025-07-04T21:17:47+05:30","mobi","","519","mobi-asin:17fdab61-2652-45a8-8fcc-73103da9ffb4","eng","story_books","2019-02-14T21:30:00+05:30","","","","1.0","590797","","A Night of Redemption (The Redemption Saga Book 5)","Night of Redemption (The Redemption Saga Book 5), A","93752658-3fb6-4368-8222-94781d1df41b"
"Banet, Kristen","Kristen Banet","","D:\story_books\Kristen Banet\A Nature of Conflict (The Redemptio (520)\cover.jpg","2025-07-04T21:17:47+05:30","mobi","","520","mobi-asin:e7ad150a-83d3-4af7-8305-8f4191efcb9f","eng","story_books","2018-08-14T21:30:00+05:30","","","","1.0","617639","","A Nature of Conflict (The Redemption Saga Book 3)","Nature of Conflict (The Redemption Saga Book 3), A","25dbac84-ca87-4757-9b0e-54c83727cd79"
"Banet, Kristen","Kristen Banet","","D:\story_books\Kristen Banet\A Life Of Shadows (The Redemption S (521)\cover.jpg","2025-07-04T21:17:48+05:30","mobi","","521","mobi-asin:9bb2af5f-bc02-4142-a0d8-6c0c1c652d25","eng","story_books","2018-02-14T21:30:00+05:30","","","","1.0","629144","","A Life Of Shadows (The Redemption Saga Book 1)","Life Of Shadows (The Redemption Saga Book 1), A","a68e0ce5-c0a6-4dc3-9843-e3e46b8beede"
"Banet, Kristen","Kristen Banet","","D:\story_books\Kristen Banet\A Heart of Shame (The Redemption Sa (522)\cover.jpg","2025-07-04T21:17:48+05:30","mobi","","522","mobi-asin:1bb7b52b-26f9-4288-bd0a-375dcd3966b7","eng","story_books","2018-05-14T21:30:00+05:30","","","","1.0","567219","","A Heart of Shame (The Redemption Saga Book 2)","Heart of Shame (The Redemption Saga Book 2), A","7b125b58-cc50-42ed-95f7-8daa4f6f4090"
"Harrison, Kim","Kim Harrison","","D:\story_books\Kim Harrison\A Fistfull of Charms (523)\cover.jpg","2025-07-04T21:17:48+05:30","mobi","","523","mobi-asin:b6cd6871-572d-4e1b-b6fd-f0f482e283ae","eng","story_books","2010-10-30T04:58:27+05:30","","","","1.0","679393","","A Fistfull of Charms","Fistfull of Charms, A","60329310-2251-4806-babe-daff7f0d69a1"
"Harkness, Deborah","Deborah Harkness","### Amazon.com Review
 **Ten More Books for Readers of *A Discovery of Witches***
 *Interested in learning more about magic and science?*
I may have written a novel, but I’m still a history professor! Here are some reading suggestions for those of you whose curiosity has been stirred up by the story of Diana Bishop, Matthew Clairmont, and the hunt for the missing alchemical manuscript Ashmole 782. All of the titles here are non-fiction, and inspired some aspect of *A Discovery of Witches*. 
Elias Ashmole, 
Janet Browne, 
Owen Davies, 
Carol Karlsen, 
Robert Kehew, Ezra Pound, and W. D. Snodgrass, 
Bruce Moran’s 
Alexander Roob, 
Lyndal Roper, *A Discovery of Witches* because it helped me understand how the belief in witches influenced the imagination. Many of the notions we have about witchcraft today have their roots in these terrifying fantasies. 
James Sharpe, 
Bryan Sykes, 
*\--Deborah Harkness* (Photo of Deborah Harkness © Marion Ettlinger) 
### From Publishers Weekly
In Harkness's lively debut, witches, vampires, and demons outnumber humans at Oxford's Bodleian Library, where witch and Yale historian Diana Bishop discovers an enchanted manuscript, attracting the attention of 1,500-year-old vampire Matthew Clairmont. The orphaned daughter of two powerful witches, Bishop prefers intellect, but relies on magic when her discovery of a palimpsest documenting the origin of supernatural species releases an assortment of undead who threaten, stalk, and harass her. Against all occult social propriety, Bishop turns for protection to tall, dark, bloodsucking man-about-town Clairmont. Their research raises questions of evolution and extinction among the living dead, and their romance awakens centuries-old enmities. Harkness imagines a crowded universe where normal and paranormal creatures observe a tenuous peace. ""Magic is desire made real,"" Bishop says after both her desire and magical prowess exceed her expectations. Harkness brings this world to vibrant life and makes the most of the growing popularity of gothic adventure with an ending that keeps the Old Lodge door wide open. (Feb.)   
(c) Copyright PWxyz, LLC. All rights reserved. 
","D:\story_books\Deborah Harkness\A Discovery of Witches_ A Novel (524)\cover.jpg","2025-07-04T21:17:49+05:30","mobi","9780670022410","524","isbn:9780670022410,mobi-asin:88ddea61-7b32-46fc-9a30-c956be748a6f","eng","story_books","2011-02-08T10:30:00+05:30","Viking Adult","","","1.0","1153827","vampires, Fantasy fiction, Horror, Alchemy - Manuscripts, Fiction, Romance, fantasy, Alchemy, Science and magic, Witches, Thrillers, General, Manuscripts, Occult & Supernatural, Love stories","A Discovery of Witches: A Novel","Discovery of Witches: A Novel, A","0194d8a0-ad4e-4fa4-8011-5bfdae62aaf3"
"Peckham, Caroline","Caroline Peckham & Susanne Valenti","","D:\story_books\Caroline Peckham\Zodiac Academy 4_ Shadow Princess_ (525)\cover.jpg","2025-07-04T21:17:49+05:30","epub, mobi","","525","mobi-asin:B07YLBYWPD","eng","story_books","2020-01-12T21:30:00+05:30","","","","1.0","1090963","","Zodiac Academy 4: Shadow Princess: An Academy Bully Romance (Supernatural Bullies and Beasts)","Zodiac Academy 4: Shadow Princess: An Academy Bully Romance (Supernatural Bullies and Beasts)","445c5ab5-4546-4426-b6c7-15007e9535a9"
"Peckham, Caroline","Caroline Peckham & Susanne Valenti","","D:\story_books\Caroline Peckham\Zodiac Academy 6_ Fated Throne (526)\cover.jpg","2025-07-04T21:17:50+05:30","epub, mobi","","526","mobi-asin:B088QJ787J","eng","story_books","2020-12-24T21:30:00+05:30","","","","1.0","1201978","","Zodiac Academy 6: Fated Throne","Zodiac Academy 6: Fated Throne","4a1b3a6a-99c8-4cbb-a671-01cba9bc5666"
"Peckham, Caroline & Valenti, Susanne","Caroline Peckham & Susanne Valenti","","D:\story_books\Caroline Peckham\Zodiac Academy 5_ Cursed Fates_ An (527)\cover.jpg","2025-07-04T21:17:50+05:30","epub, mobi","","527","asin:B08914K4F9,mobi-asin:13708157-17f6-4e15-9230-717cb81c577c","eng","story_books","2020-05-20T05:30:00+05:30","","","","1.0","1282420","","Zodiac Academy 5: Cursed Fates: An Academy Bully Romance","Zodiac Academy 5: Cursed Fates: An Academy Bully Romance","d1e5fc07-9e60-4cd2-8424-020577e7930c"
"Peckham, Caroline","Caroline Peckham & Susanne Valenti","","D:\story_books\Caroline Peckham\Zodiac Academy 3_ The Reckoning_ An (528)\cover.jpg","2025-07-04T21:17:50+05:30","epub, mobi","","528","mobi-asin:B07XBGJKHQ","eng","story_books","2019-10-03T21:30:00+05:30","","","","1.0","899633","","Zodiac Academy 3: The Reckoning: An Academy Bully Romance (Supernatural Bullies and Beasts)","Zodiac Academy 3: The Reckoning: An Academy Bully Romance (Supernatural Bullies and Beasts)","e02422a7-7cf1-410a-ab95-a2b5e995cd1a"
"Peckham, Caroline","Caroline Peckham & Susanne Valenti","","D:\story_books\Caroline Peckham\Zodiac Academy_ Ruthless Fae_ An Ac (529)\cover.jpg","2025-07-04T21:17:51+05:30","epub, mobi","","529","mobi-asin:B07VJ383S6","eng","story_books","2019-08-29T21:30:00+05:30","","","","1.0","834210","","Zodiac Academy: Ruthless Fae: An Academy Bully Romance (Supernatural Bullies and Beasts Book 2)","Zodiac Academy: Ruthless Fae: An Academy Bully Romance (Supernatural Bullies and Beasts Book 2)","bc68958c-d1de-4edc-90e0-66baa48d7d66"
"Peckham, Caroline","Caroline Peckham & Susanne Valenti","","D:\story_books\Caroline Peckham\Zodiac Academy_ The Awakening (Supe (530)\cover.jpg","2025-07-04T21:17:51+05:30","epub, mobi","","530","mobi-asin:B07SV21LFY","eng","story_books","2019-08-02T00:00:00+05:30","","","","1.0","669645","","Zodiac Academy: The Awakening (Supernatural Bullies and Beasts Book 1)","Zodiac Academy: The Awakening (Supernatural Bullies and Beasts Book 1)","4e3da913-a1ce-43e7-9a27-7e5bce3aa140"
"Peckham, Caroline","Caroline Peckham & Susanne Valenti","","D:\story_books\Caroline Peckham\Zodiac Academy_ Origins of an Acade (531)\cover.jpg","2025-07-04T21:17:52+05:30","epub, mobi","","531","mobi-asin:B07V3MSXRM","eng","story_books","2019-07-10T10:30:00+05:30","","","","1.0","448120","","Zodiac Academy: Origins of an Academy Bully (Supernatural Bullies and Beasts Book 0)","Zodiac Academy: Origins of an Academy Bully (Supernatural Bullies and Beasts Book 0)","cd9e96a5-12d4-4862-adfb-85b793d918b3"
"Song, Avery","Avery Song","","D:\story_books\Avery Song\Witchling Academy_ Semester Seven ( (532)\cover.jpg","2025-07-04T21:17:52+05:30","epub","","532","mobi-asin:B081FDK34J","eng","story_books","2020-07-17T00:00:00+05:30","","","","1.0","886743","","Witchling Academy: Semester Seven (Spell Traveler Chronicles Book 7)","Witchling Academy: Semester Seven (Spell Traveler Chronicles Book 7)","6fb5c69e-b75c-4a2f-841b-0bb31cc27345"
"Song, Avery","Avery Song","","D:\story_books\Avery Song\Witchling Academy_ Semester One (Sp (533)\cover.jpg","2025-07-04T21:17:52+05:30","epub","","533","mobi-asin:B07QC97SWD","eng","story_books","2019-05-03T00:00:00+05:30","","","","1.0","754158","","Witchling Academy: Semester One (Spell Traveler Chronicles Book 1)","Witchling Academy: Semester One (Spell Traveler Chronicles Book 1)","988b2f62-9acf-4957-9336-eb79355937c1"
"Song, Avery","Avery Song","","D:\story_books\Avery Song\Witchling Academy_ Semester Five (S (534)\cover.jpg","2025-07-04T21:17:53+05:30","epub","","534","mobi-asin:B07STNGF2D","eng","story_books","2019-09-06T00:00:00+05:30","","","","1.0","625066","","Witchling Academy: Semester Five (Spell Traveler Chronicles Book 5)","Witchling Academy: Semester Five (Spell Traveler Chronicles Book 5)","b0a696d8-c5f3-44e9-bcc7-cce29c992037"
"Song, Avery","Avery Song","","D:\story_books\Avery Song\Witchling Academy_ Semester Eight ( (535)\cover.jpg","2025-07-04T21:17:53+05:30","epub","","535","mobi-asin:B084CXG1PZ","eng","story_books","2020-12-20T00:00:00+05:30","","","","1.0","741500","","Witchling Academy: Semester Eight (Spell Traveler Chronicles Book 8)","Witchling Academy: Semester Eight (Spell Traveler Chronicles Book 8)","cd073fad-74b2-4573-ab0c-0b28c3e389e1"
"Song, Avery","Avery Song","","D:\story_books\Avery Song\Witchling Academy_ Semester Four (S (536)\cover.jpg","2025-07-04T21:17:53+05:30","epub","","536","mobi-asin:B07SGG1JTS","eng","story_books","2019-08-09T00:00:00+05:30","","","","1.0","687512","","Witchling Academy: Semester Four (Spell Traveler Chronicles Book 4)","Witchling Academy: Semester Four (Spell Traveler Chronicles Book 4)","9661447c-ad52-4310-9532-c992fd33efbe"
"Song, Avery","Avery Song","","D:\story_books\Avery Song\Witchling Academy_ Semester Six (Sp (537)\cover.jpg","2025-07-04T21:17:54+05:30","epub","","537","mobi-asin:B07Z39TWKB","eng","story_books","2020-02-06T21:30:00+05:30","","","","1.0","1015275","","Witchling Academy: Semester Six (Spell Traveler Chronicles Book 6)","Witchling Academy: Semester Six (Spell Traveler Chronicles Book 6)","fdcb73ee-62f6-4934-9423-df2a00bc5328"
"Song, Avery","Avery Song","","D:\story_books\Avery Song\Witchling Academy_ Semester Three (538)\cover.jpg","2025-07-04T21:17:54+05:30","epub","","538","mobi-asin:B07QXYD8TD","eng","story_books","2019-07-11T21:30:00+05:30","","","Spell Traveler Chronicles","3.0","805544","","Witchling Academy: Semester Three","Witchling Academy: Semester Three","fbabc37b-5a7f-493d-ade7-bb6d07acb518"
"Song, Avery","Avery Song","","D:\story_books\Avery Song\Witchling Academy_ Semester Two (539)\cover.jpg","2025-07-04T21:17:55+05:30","epub","","539","mobi-asin:B07R6DZSYC","eng","story_books","2019-06-07T10:30:00+05:30","","","Spell Traveler Chronicles","2.0","839709","","Witchling Academy: Semester Two","Witchling Academy: Semester Two","bcb6cab2-779c-47a5-97fe-d877dee7c0d0"
"Breene, K.F.","K.F. Breene","","D:\story_books\K.F. Breene\Siege (The Warrior Chronicles, 5) (540)\cover.jpg","2025-07-04T21:17:55+05:30","epub","","540","mobi-asin:B01FI2FFOA","eng","story_books","2016-05-10T11:30:00+05:30","Hazy Dawn Press, Inc.","","","1.0","368288","","Siege (The Warrior Chronicles, 5)","Siege (The Warrior Chronicles, 5)","4c46cdf3-ae82-416f-99fa-2c6729ab77c8"
"Breene, K.F.","K.F. Breene","","D:\story_books\K.F. Breene\Chosen (The Warrior Chronicles, 1) (541)\cover.jpg","2025-07-04T21:17:56+05:30","epub","","541","mobi-asin:B00LIAZF24","eng","story_books","2014-07-02T05:30:00+05:30","","","","1.0","352192","","Chosen (The Warrior Chronicles, 1)","Chosen (The Warrior Chronicles, 1)","54e64ac2-3fbc-44b7-b103-54ed9f698697"
"Breene, K.F.","K.F. Breene","","D:\story_books\K.F. Breene\Forged in Blood (542)\cover.jpg","2025-07-04T21:17:56+05:30","epub","","542","","eng","story_books","0101-01-01T05:30:00+05:30","","","","1.0","1071953","","Forged in Blood","Forged in Blood","01f6a193-fce4-46d8-a2c5-7f9d9ea05fe9"
"Breene, K.F.","K.F. Breene","","D:\story_books\K.F. Breene\Overtaken (The Warrior Chronicles, (543)\cover.jpg","2025-07-04T21:17:57+05:30","epub","","543","mobi-asin:B01MSNOD79","eng","story_books","2016-11-17T10:30:00+05:30","","","","1.0","353218","","Overtaken (The Warrior Chronicles, 6)","Overtaken (The Warrior Chronicles, 6)","82169c28-75fb-47de-935f-115795dd9ac5"
"Breene, K.F.","K.F. Breene","","D:\story_books\K.F. Breene\Invasion (The Warrior Chronicles, 4 (544)\cover.jpg","2025-07-04T21:17:57+05:30","epub","","544","mobi-asin:B0161NEC9Y","eng","story_books","2015-10-25T04:30:00+05:30","Hazy Dawn Press, Inc","","","1.0","309080","","Invasion (The Warrior Chronicles, 4)","Invasion (The Warrior Chronicles, 4)","f9e71525-807b-4e3b-bc79-2cbf55ce8a85"
"Breene, K.F.","K.F. Breene","","D:\story_books\K.F. Breene\Hunted (The Warrior Chronicles, 2) (545)\cover.jpg","2025-07-04T21:17:57+05:30","epub","","545","mobi-asin:B00V47SKBO","eng","story_books","2015-03-23T05:30:00+05:30","Hazy Dawn Press, Inc.","","","1.0","355965","","Hunted (The Warrior Chronicles, 2)","Hunted (The Warrior Chronicles, 2)","b2dc5fc1-7ec9-4e03-8370-bbb0d74f4bea"
"Breene, K. F.","K. F. Breene","In order to finally claim her title of Chosen and lead the Shadow People out of the Land of Mist, Shanti must make it through a century's old system to test her battle awareness, her fighting skill, and her ability to stay alive. She's about to enter The Trials, and she must do it alone.
Separated from Shanti on a dangerous island, Cayan must learn to use his mental skill while keeping his men safe from the people set out to kill them. But as more Inkna and Graygual flood the island, Cayan hears of a sinister force deep in the woods, rigging The Trials and killing any who venture too close. 
It is now a race against time. The battle to become the Chosen has begun, and the victor is anything but decided. 
","D:\story_books\K. F. Breene\Shadow Lands (546)\cover.jpg","2025-07-04T21:17:58+05:30","epub","","546","goodreads:25617383,ff:b/k-f-breene/shadow-lands","eng","story_books","2014-12-31T21:30:00+05:30","Hazy Dawn Press, Inc","","The Warrior Chronicles","3.0","464249","","Shadow Lands","Shadow Lands","4f5d273c-9251-486f-b623-d653d624649c"
"Feng Qingyang","Feng Qingyang","https://www.asianovel.com/series/war-sovereign-soaring-the-heavens","D:\story_books\Feng Qingyang\War Sovereign Soaring The Heavens, (547)\cover.jpg","2025-07-04T21:17:58+05:30","epub","","547","uri:https://www.asianovel.com/download/epub/6579f600-8ca6-11e9-826a-bb9680848adb","eng","story_books","2019-06-12T05:40:04+05:30","ASIANOVEL","","Series","1.0","1285955","War Sovereign Soaring The Heavens","War Sovereign Soaring The Heavens, Chapter 1 - Chapter 200","War Sovereign Soaring The Heavens, Chapter 1 - Chapter 200","83f4fe21-5526-49cd-b802-ceabf42c7668"
"Noffke, Sarah","Sarah Noffke & Michael Anderle","","D:\story_books\Sarah Noffke\The Unrelenting Fighter (548)\cover.jpg","2025-07-04T21:17:58+05:30","epub","","548","mobi-asin:B07T2L95HJ","eng","story_books","2019-06-13T03:30:00+05:30","LMBPN Publishing","","Unstoppable Liv Beaufont","7.0","407889","","The Unrelenting Fighter","The Unrelenting Fighter","4b20b4a4-c8cc-4f2d-ace6-83b0d0de4eae"
"Noffke, Sarah","Sarah Noffke & Michael Anderle","","D:\story_books\Sarah Noffke\The Unlikely Heroes (549)\cover.jpg","2025-07-04T21:17:59+05:30","epub","","549","mobi-asin:B07WJ773RK","eng","story_books","2019-08-15T03:30:00+05:30","LMBPN Publishing","","Unstoppable Liv Beaufont","10.0","408133","","The Unlikely Heroes","The Unlikely Heroes","3258c935-7f50-4be1-9ddd-547a01ff6ed4"
"Noffke, Sarah","Sarah Noffke & Michael Anderle","","D:\story_books\Sarah Noffke\The Uncooperative Warrior (550)\cover.jpg","2025-07-04T21:17:59+05:30","epub","","550","mobi-asin:B07N9ZTJ99","eng","story_books","2019-02-15T04:30:00+05:30","LMBPN Publishing","","Unstoppable Liv Beaufont","2.0","427855","","The Uncooperative Warrior","The Uncooperative Warrior","6b7f9259-7b3f-4698-a193-e4505a35c4ef"
"Noffke, Sarah","Sarah Noffke & Michael Anderle","","D:\story_books\Sarah Noffke\The Triumphant Daughter (551)\cover.jpg","2025-07-04T21:18:00+05:30","epub","9781642021615","551","mobi-asin:B07PWYQXDW,isbn:9781642021615","eng","story_books","2019-03-29T04:30:00+05:30","LMBPN Publishing","","Unstoppable Liv Beaufont","4.0","430618","","The Triumphant Daughter","The Triumphant Daughter","a0967ab8-ea15-4475-8909-a4b26985e224"
"Noffke, Sarah","Sarah Noffke & Michael Anderle","","D:\story_books\Sarah Noffke\The Stubborn Advocate (552)\cover.jpg","2025-07-04T21:18:00+05:30","epub","","552","mobi-asin:B07RP8MPLZ","eng","story_books","2019-05-09T03:30:00+05:30","LMBPN Publishing","","Unstoppable Liv Beaufont","6.0","413724","","The Stubborn Advocate","The Stubborn Advocate","b9004c18-771e-4af0-947c-38f336b69cb2"
"Noffke, Sarah","Sarah Noffke & Michael Anderle","","D:\story_books\Sarah Noffke\The Rebellious Sister (Unstoppable (553)\cover.jpg","2025-07-04T21:18:01+05:30","epub","","553","mobi-asin:B07NBQP1YQ","eng","story_books","2019-01-31T12:30:00+05:30","LMBPN Publishing","","","1.0","500849","","The Rebellious Sister (Unstoppable Liv Beaufont Book 1)","Rebellious Sister (Unstoppable Liv Beaufont Book 1), The","46216435-9386-417c-914c-d18c2e7228e6"
"Noffke, Sarah & Anderle, Michael","Sarah Noffke & Michael Anderle","","D:\story_books\Sarah Noffke\The Passionate Delegate (554)\cover.jpg","2025-07-04T21:18:01+05:30","epub","","554","mobi-asin:B07VQZGRY2","eng","story_books","2019-07-25T03:30:00+05:30","LMBPN Publishing","","Unstoppable Liv Beaufont","9.0","403682","","The Passionate Delegate","The Passionate Delegate","0bcbe674-2622-48d5-a9be-5b817abcace2"
"Noffke, Sarah","Sarah Noffke & Michael Anderle","","D:\story_books\Sarah Noffke\The Loyal Friend (555)\cover.jpg","2025-07-04T21:18:02+05:30","epub","9781642021615","555","isbn:9781642021615,mobi-asin:B07R49D6TR","eng","story_books","2019-04-25T11:30:00+05:30","LMBPN Publishing","","","1.0","319184","","The Loyal Friend","Loyal Friend, The","5f110822-c090-45b4-849f-d7f79cd786ca"
"Noffke, Sarah","Sarah Noffke & Michael Anderle","","D:\story_books\Sarah Noffke\The Ferocious Force (556)\cover.jpg","2025-07-04T21:18:02+05:30","epub","","556","mobi-asin:B07TWX5TJC","eng","story_books","2019-07-04T11:30:00+05:30","LMBPN Publishing","","Unstoppable Liv Beaufont","8.0","308403","","The Ferocious Force","The Ferocious Force","4f5be665-60d9-4cef-a063-32b9c6cb891f"
"Noffke, Sarah & Anderle, Michael","Sarah Noffke & Michael Anderle","","D:\story_books\Sarah Noffke\The Defiant Magician (557)\cover.jpg","2025-07-04T21:18:02+05:30","epub","","557","mobi-asin:B07P8MT35Y","eng","story_books","2019-03-02T21:30:00+05:30","LMBPN Publishing","","Unstoppable Liv Beaufont","3.0","415838","","The Defiant Magician","Defiant Magician, The","c33d0b81-b1a8-4997-a2ff-e0aff9a43535"
"Noffke, Sarah","Sarah Noffke & Michael Anderle","","D:\story_books\Sarah Noffke\The Creative Strategist (558)\cover.jpg","2025-07-04T21:18:03+05:30","epub","","558","mobi-asin:B07XK8GZ54","eng","story_books","2019-09-05T12:30:00+05:30","LMBPN Publishing","","Unstoppable Liv Beaufont","11.0","384285","","The Creative Strategist","The Creative Strategist","3c1d3bd6-c4c0-441e-8cfe-93a32e5e2ec1"
"Noffke, Sarah","Sarah Noffke & Michael Anderle","","D:\story_books\Sarah Noffke\The Born Leader (Unstoppable Liv Be (559)\cover.jpg","2025-07-04T21:18:03+05:30","epub","","559","mobi-asin:B07YHDW97V","eng","story_books","2019-09-26T21:30:00+05:30","LMBPN Publishing","","Unstoppable Liv Beaufont","12.0","409643","","The Born Leader (Unstoppable Liv Beaufont Book 12)","Born Leader (Unstoppable Liv Beaufont Book 12), The","57bef879-9090-4f53-b815-053bb6420259"
"Dawson, May","May Dawson","","D:\story_books\May Dawson\Their Shifter Princess (560)\cover.jpg","2025-07-04T21:18:03+05:30","epub","","560","mobi-asin:B07NDK4BRC","eng","story_books","2019-02-19T21:30:00+05:30","","","","1.0","372037","","Their Shifter Princess","Their Shifter Princess","1cd6416a-1950-4bcb-af18-495ae15beab4"
"Dawson, May","May Dawson","","D:\story_books\May Dawson\Their Shifter Princess 2_ Pack War (561)\cover.jpg","2025-07-04T21:18:04+05:30","epub","","561","mobi-asin:B07NPSFB7V","eng","story_books","2019-03-20T21:30:00+05:30","","","","1.0","477598","","Their Shifter Princess 2: Pack War","Their Shifter Princess 2: Pack War","16a3332f-dd66-4b41-a20c-840f8b1b5b9a"
"Dawson, May","May Dawson","","D:\story_books\May Dawson\Their Shifter Princess 3_ Coven's R (562)\cover.jpg","2025-07-04T21:18:04+05:30","epub","","562","mobi-asin:B07PRYNL7Y","eng","story_books","2019-04-29T21:30:00+05:30","","","","1.0","408650","","Their Shifter Princess 3: Coven's Revenge","Their Shifter Princess 3: Coven's Revenge","8adc715b-657c-4310-b19b-16133891a9e6"
"Dawson, May","May Dawson","","D:\story_books\May Dawson\Their Shifter Academy_ Unwinnable (563)\cover.jpg","2025-07-04T21:18:05+05:30","epub","","563","mobi-asin:B086YYQKSM","eng","story_books","2020-07-16T21:30:00+05:30","","","","1.0","509462","","Their Shifter Academy: Unwinnable","Their Shifter Academy: Unwinnable","2c9e8eab-a605-415b-8e32-7efa282236b8"
"Dawson, May","May Dawson","","D:\story_books\May Dawson\Their Shifter Academy Book 1_ Unwan (564)\cover.jpg","2025-07-04T21:18:05+05:30","epub","","564","mobi-asin:B07SD55F5H","eng","story_books","2019-08-21T21:30:00+05:30","","","","1.0","433919","","Their Shifter Academy Book 1: Unwanted","Their Shifter Academy Book 1: Unwanted","5946f703-15be-4176-8b4b-cfa539dce432"
"Dawson, May","May Dawson","","D:\story_books\May Dawson\Unstoppable (Their Shifter Academy (565)\cover.jpg","2025-07-04T21:18:05+05:30","epub","","565","mobi-asin:B08CMCZKPZ","eng","story_books","2020-12-09T21:30:00+05:30","","","","1.0","535525","","Unstoppable (Their Shifter Academy Book 6)","Unstoppable (Their Shifter Academy Book 6)","7959ebe7-2f71-4cd9-8024-5eeae5c8ad49"
"Dawson, May","May Dawson","","D:\story_books\May Dawson\Unforgivable (Their Shifter Academy (566)\cover.jpg","2025-07-04T21:18:05+05:30","epub","","566","mobi-asin:B084KRFL18","eng","story_books","2020-04-13T21:30:00+05:30","","","","1.0","572750","","Unforgivable (Their Shifter Academy Book 4)","Unforgivable (Their Shifter Academy Book 4)","a7956eb0-39b0-428f-bc85-2fa4aaf62315"
"Dawson, May","May Dawson","","D:\story_books\May Dawson\Their Shifter Academy 3_ Undone (567)\cover.jpg","2025-07-04T21:18:06+05:30","epub","","567","mobi-asin:B07ZP9PCFG","eng","story_books","2020-02-10T21:30:00+05:30","","","","1.0","494218","","Their Shifter Academy 3: Undone","Their Shifter Academy 3: Undone","0f4f77f4-8818-4259-a432-84660b530c7c"
"Dawson, May","May Dawson","","D:\story_books\May Dawson\Their Shifter Academy 2_ Unclaimed (568)\cover.jpg","2025-07-04T21:18:06+05:30","epub","","568","mobi-asin:B07WSH2P5R","eng","story_books","2019-11-04T21:30:00+05:30","","","","1.0","510155","","Their Shifter Academy 2: Unclaimed","Their Shifter Academy 2: Unclaimed","973849b4-41f7-4533-812f-b022db59c7f3"
"Sapkowski, Andrzej","Sapkowski, Andrzej","The Witcher returns in this sequel to Blood of Elves, in the series that inspired The Witcher video games.","D:\story_books\Sapkowski, Andrzej\The Time of Contempt (The Witcher) (569)\cover.jpg","2025-07-04T21:18:07+05:30","epub","9780316219143","569","isbn:9780316219143,mobi-asin:B008AS8556","eng","story_books","2013-08-27T05:30:00+05:30","Orbit","","","1.0","564753","Fiction / Fantasy - Epic, Fiction / Action & Adventure, Fiction / Fantasy - Historical","The Time of Contempt (The Witcher)","Time of Contempt (The Witcher), The","92b897fb-1069-4b9a-b6bc-1191b82cfa73"
"Sapkowski, Andrzej","Andrzej Sapkowski","","D:\story_books\Andrzej Sapkowski\The Tower of Swallows (570)\cover.jpg","2025-07-04T21:18:08+05:30","epub","","570","mobi-asin:B01C3LHS1C","eng","story_books","2016-05-17T09:30:00+05:30","Orbit","","Witcher","6.0","695582","Fiction, fantasy","The Tower of Swallows","Tower of Swallows, The","9ccbce48-4f15-43ba-8038-7b50f73864d7"
"Sapkowski, Andrzej","Andrzej Sapkowski","### Review
""It's refreshing to see another take on familiar elements. There's a fairy-tale quality to much of THE LAST WISH."" -- Jonathan Wright SFX ""It is [his] world-weariness, combined with his battle-boned powers that make Geralt such an interesting character. Here's hoping THE LAST WISH is merely the opening chapter in his English language adventures."" EDGE magazine ""Sapkowski's 'The Last Wish' is a great collection of short stories centred around a witcher, Geralt - a rare sorcerous breed who hunts down the monstrous but is feared by the innocent. With a wonderous mix of Eastern European folklore and myth, beautiful princesses, mischievious demons and where all is not as it seems, 'The Last Wish' is a great read - perfect for dipping into or just reading cover to cover, as I did."" WATERSTONES.COM ""I really, really enjoyed this book. Despite the original language being Polish, the translation is quite good and captures much of Sapkowski's prose. None of the characters in Sapkowski's world are black or white; they are all shades of grey, including Geralt and the monsters. In fact, other humans tend to be greater monsters than the ones Geralt is sworn to track down and destroy."" THE DECKLED EDGE ""The Last Wish is an accomplished retelling of some well-known fairy tales, each transformed almost beyond recognition and given the darkest tinges of horror. This takes the book outside the norms of traditional fantasy writing, while still being anchored in (the more original edges of) sword and sorcery."" DREAMWATCH ""Sapkowski is very good at creating interesting, imaginative characters with unusual levels of depth to them, not least Geralt, whom people are consistently underestimating. The Last Wish is an enjoyable book full of stories both melancholy and comic."" THE WERTZONE ""This beautifully written character-based story from Polish author Adrezej Sapkowski is a refreshing champion in a genre that's starting to get a little homogenic. While there is the occasional nod to traditional European fairy tales (Snow White, among others), much of the application of supertext and tropes are from a new point of view."" THE SPECUSPHERE ""Sapkowski's series has the potential to develop a new audience and appreciation of fantasy and like Mieville and Gaiman, take the old and make it new. This reviewer is certainly looking forward to the next installment of this fresh take on genre fantasy."" FOUNDATION 
### Product Description
Geralt is a witcher, a man whose magic powers, enhanced by long training and a mysterious elixir, have made him a brilliant fighter and a merciless assassin. Yet he is no ordinary murderer: his targets are the multifarious monsters and vile fiends that ravage the land and attack the innocent. He roams the country seeking assignments, but gradually comes to realise that while some of his quarry are unremittingly vile, vicious grotesques, others are the victims of sin, evil or simple naivety. One reviewer said: 'This book is a sheer delight. It is beautifully written, full of vitality and endlessly inventive: its format, with half a dozen episodes and intervening rest periods for both the hero and the reader, allows for a huge range of characters, scenarios and action. It's thought-provoking without being in the least dogmatic, witty without descending to farce and packed with swordfights without being derivative. The dialogue sparkles; characters morph almost imperceptibly from semi-cliche to completely original; nothing is as it first seems. Sapkowski succeeds in seamlessly welding familiar ideas, unique settings and delicious twists of originality: his Beauty wants to rip the throat out of a sensitive Beast; his Snow White seeks vengeance on all and sundry, his elves are embittered and vindictive. It's easily one of the best things I've read in ages.' 
","D:\story_books\Andrzej Sapkowski\The Last Wish (571)\cover.jpg","2025-07-04T21:18:08+05:30","epub","9780575082441","571","isbn:9780575082441","eng","story_books","1996-01-02T04:30:00+05:30","Gollancz","4","Gollancz S.F.","1.0","398850","Fiction, General, fantasy","The Last Wish","Last Wish, The","dc1d9fae-91be-4ad0-a4f7-1e356b0ea0ce"
"Sapkowski, Andrzej","Andrzej Sapkowski","","D:\story_books\Andrzej Sapkowski\Sword of Destiny (The Witcher) (572)\cover.jpg","2025-07-04T21:18:08+05:30","epub","","572","mobi-asin:B00W22J07S","eng","story_books","2015-05-19T12:30:00+05:30","Orbit","","","1.0","476854","Fiction / Action & Adventure, Fiction / Fantasy / Epic, Fiction / Fantasy / Historical","Sword of Destiny (The Witcher)","Sword of Destiny (The Witcher)","4ac81ec2-899c-4a1e-bdee-09dfa918f71b"
"Sapkowski, Andrzej","Andrzej Sapkowski","","D:\story_books\Andrzej Sapkowski\Season of Storms (573)\cover.jpg","2025-07-04T21:18:09+05:30","epub","","573","","eng","story_books","0101-01-01T05:30:00+05:30","Toshiba","","The Witcher","8.0","366356","","Season of Storms","Season of Storms","6fec3b55-bc69-40e1-9cf1-5b6345b8a82d"
"Sapkowski, Andrzej","Sapkowski, Andrzej","","D:\story_books\Sapkowski, Andrzej\Blood of Elves (The Witcher) (574)\cover.jpg","2025-07-04T21:18:09+05:30","epub","9780316073714","574","mobi-asin:B00276HAEY,isbn:9780316073714","eng","story_books","2009-04-22T05:30:00+05:30","Orbit","","","1.0","406354","","Blood of Elves (The Witcher)","Blood of Elves (The Witcher)","c0596c43-1fe5-4a76-8b62-419a0c9d9203"
"Sapkowski, Andrzej","Andrzej Sapkowski","As nations go to war around him, Geralt the Witcher is on a mission: to save his ward, Ciri, and with her the world…","D:\story_books\Andrzej Sapkowski\Baptism of Fire (The Witcher) (575)\cover.jpg","2025-07-04T21:18:09+05:30","epub","","575","mobi-asin:B00FPQA4KK","eng","story_books","2014-06-24T05:30:00+05:30","Orbit","","","1.0","504434","Fiction / Fantasy / Epic, Fiction / Fantasy / Historical, Fiction / Action & Adventure","Baptism of Fire (The Witcher)","Baptism of Fire (The Witcher)","b35a344c-e51e-4b51-b749-aedd717d010c"
"Wilde, Deborah","Deborah Wilde","","D:\story_books\Deborah Wilde\Revenge & Rapture_ A Snarky Urban F (576)\cover.jpg","2025-07-04T21:18:10+05:30","epub","","576","mobi-asin:B0897CMJWD","eng","story_books","2020-10-03T21:30:00+05:30","Te Da Media Inc.","","","1.0","397036","","Revenge & Rapture: A Snarky Urban Fantasy Detective Series (The Jezebel Files Book 4)","Revenge & Rapture: A Snarky Urban Fantasy Detective Series (The Jezebel Files Book 4)","7c3c4b39-1e97-4880-813b-9c5f9d70808f"
"Wilde, Deborah","Deborah Wilde","","D:\story_books\Deborah Wilde\Shadows & Surrender_ A Snarky Urban (577)\cover.jpg","2025-07-04T21:18:10+05:30","epub","","577","mobi-asin:B085BY153T","eng","story_books","2020-06-01T21:30:00+05:30","Te Da Media","","","1.0","395401","","Shadows & Surrender: A Snarky Urban Fantasy Detective Series (The Jezebel Files Book 3)","Shadows & Surrender: A Snarky Urban Fantasy Detective Series (The Jezebel Files Book 3)","8b86b6a0-beff-44ed-97e9-19db9eab3ab1"
"Wilde, Deborah","Deborah Wilde","  
Angel of Death.
Black market magic.
When you’re Ashira Cohen, smart is the new kickass.
When Ash is hired to solve her first murder, it seems like a perfectly normal, open-and-shut case of family feuds and bad blood. Until Ash discovers an evil magical artifact and her lead suspect is of the winged, white-robed, celestial variety. As if that weren't bad enough, if she can't find the perpetrator quickly, fourteen vials of lethal, ghostly magic will be sold to the highest bidder.
Her quest to figure out her Jezebel powers and find the shadowy organization responsible for stripping teens of their magic isn't going any smoother, either. Can't a girl just pursue her dream career without getting caught up in a mysterious destiny? Or, for that matter, playing a dangerous Sherlock-Moriarty game with the infuriatingly hot alpha male in charge of Vancouver's magical community?
But when Ash accidentally crosses the cunning and deadly Queen of Hearts, ruler of the magic black market, all those cases may go unresolved.
Permanently.
With the clock ticking, it’ll take all of Ash’s intelligence to survive with her moral center–and her head–intact. The game is afoot and failure is not an option.
","D:\story_books\Deborah Wilde\Death & Desire (578)\cover.jpg","2025-07-04T21:18:10+05:30","epub","","578","mobi-asin:B083G6X923","eng","story_books","2020-03-08T21:30:00+05:30","Te Da Media","","","1.0","377729","","Death & Desire","Death & Desire","39fcfd9b-9fa2-4fc6-a022-f940b70666f2"
"Wilde, Deborah","Deborah Wilde","","D:\story_books\Deborah Wilde\Blood & Ash_ A Snarky Urban Fantasy (579)\cover.jpg","2025-07-04T21:18:10+05:30","epub","","579","mobi-asin:B07YNVLXYN","eng","story_books","2020-01-13T21:30:00+05:30","Te Da Media","","","1.0","392667","","Blood & Ash: A Snarky Urban Fantasy Detective Series (The Jezebel Files Book 1)","Blood & Ash: A Snarky Urban Fantasy Detective Series (The Jezebel Files Book 1)","cac64bbd-c72f-4df1-b1c1-5d604ec96a6d"
"Harper, Helen","Helen Harper","Integrity Taylor has regained possession of her ancestral lands - and inherited a whole host of new problems. The spectre of what really happened to her parents is casting a shadow over everything while Fomori demons are being sighted up and down the Highlands. It doesn't help that Aifric Moncrieffe still seems determined to see her dead and emerald eyed Byron remains stubbornly blind to his father's true nature.   
  
Integrity is determined to stay in control of her own destiny, however, even if it means confronting the darkness across the Veil yet again. And at least she's still got a sense of humour...   
  
This is the third book in the Highland Magic series.
","D:\story_books\Helen Harper\Veiled Threat (580)\cover.jpg","2025-07-04T21:18:11+05:30","epub","","580","mobi-asin:B01DRKRODK","eng","story_books","2016-05-29T04:30:00+05:30","","","","1.0","353168","","Veiled Threat","Veiled Threat","07634309-f14a-49b7-aa34-d436b8ee8131"
"Harper, Helen","Helen Harper","","D:\story_books\Helen Harper\Last Wish (Highland Magic Book 4) (581)\cover.jpg","2025-07-04T21:18:11+05:30","epub","","581","mobi-asin:B01LMYVLZU","eng","story_books","2016-11-30T21:30:00+05:30","UNKNOWN","","","1.0","323721","","Last Wish (Highland Magic Book 4)","Last Wish (Highland Magic Book 4)","3d0e1729-a37e-453f-8850-b2eb28fbe0cb"
"Harper, Helen","Harper, Helen","","D:\story_books\Harper, Helen\Honour Bound (Highland Magic Book 2 (582)\cover.jpg","2025-07-04T21:18:11+05:30","epub","","582","mobi-asin:B01AA306AK","eng","story_books","2016-02-29T00:00:00+05:30","","","","1.0","303906","","Honour Bound (Highland Magic Book 2)","Honour Bound (Highland Magic Book 2)","3d20c43c-741a-4f9b-97af-2003d86fef3c"
"Harper, Helen","Helen Harper","","D:\story_books\Helen Harper\Gifted Thief (Highland Magic Book 1 (583)\cover.jpg","2025-07-04T21:18:12+05:30","epub","","583","mobi-asin:B017EG7VLS","eng","story_books","2016-01-29T12:30:00+05:30","","","","1.0","303475","","Gifted Thief (Highland Magic Book 1)","Gifted Thief (Highland Magic Book 1)","5a063d21-fb70-4958-b9d7-60c075cae329"
"Marie, Annette","Marie, Annette","","D:\story_books\Marie, Annette\Two Witches and a Whiskey (The Guil (584)\cover.jpg","2025-07-04T21:18:13+05:30","epub","","584","","eng","story_books","2019-02-08T00:00:00+05:30","Dark Owl Fantasy Inc.","","","1.0","3198998","","Two Witches and a Whiskey (The Guild Codex: Spellbound Book 3)","Two Witches and a Whiskey (The Guild Codex: Spellbound Book 3)","052240f7-1891-4bb7-9ed4-ad270af264cc"
"Marie, Annette","Marie, Annette","","D:\story_books\Marie, Annette\Three Mages and a Margarita (The Gu (585)\cover.jpg","2025-07-04T21:18:13+05:30","epub","","585","","eng","story_books","2018-09-14T00:00:00+05:30","Dark Owl Fantasy Inc.","","","1.0","3248902","","Three Mages and a Margarita (The Guild Codex: Spellbound Book 1)","Three Mages and a Margarita (The Guild Codex: Spellbound Book 1)","9d410793-5535-4df7-a39a-7d347ed36877"
"Marie, Annette","Annette Marie","","D:\story_books\Annette Marie\The Alchemist and an Amaretto (The (586)\cover.jpg","2025-07-04T21:18:14+05:30","epub","9781988153322","586","isbn:9781988153322,mobi-asin:B07Q4QJVRZ","eng","story_books","2019-10-10T18:30:00+05:30","Dark Owl Fantasy Inc.","","","1.0","703490","","The Alchemist and an Amaretto (The Guild Codex: Spellbound Book 5)","Alchemist and an Amaretto (The Guild Codex: Spellbound Book 5), The","8e1139f8-5dd5-4def-88d2-e4af84b9f599"
"Marie, Annette","Annette Marie","","D:\story_books\Annette Marie\Lost Talismans and a Tequila (The G (587)\cover.jpg","2025-07-04T21:18:15+05:30","epub","9781988153483","587","isbn:9781988153483,mobi-asin:B0837FWCRQ","eng","story_books","2020-07-10T00:00:00+05:30","Dark Owl Fantasy Inc.","","","1.0","726363","","Lost Talismans and a Tequila (The Guild Codex: Spellbound Book 7)","Lost Talismans and a Tequila (The Guild Codex: Spellbound Book 7)","726382c1-5b04-45c2-b36d-e61ebf5c9952"
"Marie, Annette","Annette Marie","","D:\story_books\Annette Marie\Druid Vices and a Vodka (The Guild (588)\cover.jpg","2025-07-04T21:18:15+05:30","epub","9781988153391","588","isbn:9781988153391,mobi-asin:B07YNKPPY8","eng","story_books","2020-01-02T21:30:00+05:30","Dark Owl Fantasy Inc.","","","1.0","662652","","Druid Vices and a Vodka (The Guild Codex: Spellbound Book 6)","Druid Vices and a Vodka (The Guild Codex: Spellbound Book 6)","a12b0e2c-f428-4da7-ac6f-3b50333c35f6"
"Marie, Annette","Annette Marie","","D:\story_books\Annette Marie\Demon Magic and a Martini (The Guil (589)\cover.jpg","2025-07-04T21:18:16+05:30","epub","9781988153292","589","mobi-asin:B07NC9N863,isbn:9781988153292","eng","story_books","2019-04-12T00:00:00+05:30","Dark Owl Fantasy Inc.","","","1.0","701007","","Demon Magic and a Martini (The Guild Codex: Spellbound Book 4)","Demon Magic and a Martini (The Guild Codex: Spellbound Book 4)","78c2217f-9ab0-4b9a-a5e3-a6c2e3bce61f"
"Marie, Annette","Annette Marie","","D:\story_books\Annette Marie\Damned Souls and a Sangria (The Gui (590)\cover.jpg","2025-07-04T21:18:16+05:30","epub","9781988153520","590","isbn:9781988153520,mobi-asin:B08C2GSQW9","eng","story_books","2020-10-02T00:00:00+05:30","Dark Owl Fantasy Inc.","","","1.0","825426","","Damned Souls and a Sangria (The Guild Codex: Spellbound Book 8)","Damned Souls and a Sangria (The Guild Codex: Spellbound Book 8)","50f3272b-4abe-4674-ae94-58b392459373"
"Marie, Annette","Marie, Annette","","D:\story_books\Marie, Annette\Dark Arts and a Daiquiri (The Guild (591)\cover.jpg","2025-07-04T21:18:16+05:30","epub","","591","","eng","story_books","2018-11-16T00:00:00+05:30","Dark Owl Fantasy Inc.","","","1.0","3141245","","Dark Arts and a Daiquiri (The Guild Codex: Spellbound Book 2)","Dark Arts and a Daiquiri (The Guild Codex: Spellbound Book 2)","cdae540e-5487-4444-a108-bfea4ba4a94a"
"Haines, Rayanne","Rayanne Haines","Magic Born, A Romance Book by Rayanne Haines","D:\story_books\Rayanne Haines\Magic Born (The Guardian Series Boo (592)\cover.jpg","2025-07-04T21:18:16+05:30","epub","9781682916483","592","isbn:9781682916483,mobi-asin:B07BGRWJWY","eng","story_books","2018-06-05T21:30:00+05:30","Soul Mate Publishing, LLC","","","1.0","266937","","Magic Born (The Guardian Series Book 2)","Magic Born (The Guardian Series Book 2)","886452fa-fc35-42e3-ba47-e291429514d4"
"Haines, Rayanne","Rayanne Haines","Fire Born, A Romance Book by Rayanne Haines","D:\story_books\Rayanne Haines\Fire Born (The Guardian Series Book (593)\cover.jpg","2025-07-04T21:18:17+05:30","epub","9781682915110","593","mobi-asin:B074WFSD7G,isbn:9781682915110","eng","story_books","2017-09-12T21:30:00+05:30","Soul Mate Publishing, LLC","","","1.0","279997","","Fire Born (The Guardian Series Book 1)","Fire Born (The Guardian Series Book 1)","7bd64956-3097-4e61-9a72-f81e23fdf367"
"Haines, Rayanne","Rayanne Haines","Blood Born, A Romance Book by Rayanne Haines","D:\story_books\Rayanne Haines\Blood Born (The Guardian Book 4) (594)\cover.jpg","2025-07-04T21:18:17+05:30","epub","9781647161026","594","mobi-asin:B088NGC2CX,isbn:9781647161026","eng","story_books","2020-06-23T21:30:00+05:30","Soul Mate Publishing","","","1.0","239893","","Blood Born (The Guardian Book 4)","Blood Born (The Guardian Book 4)","7d98205b-097a-46d5-880c-7e8b3be60f4f"
"Haines, Rayanne","Rayanne Haines","Air Born, A Romance Book by Rayanne Haines","D:\story_books\Rayanne Haines\Air Born (The Guardian Series Book (595)\cover.jpg","2025-07-04T21:18:18+05:30","epub","9781682918838","595","mobi-asin:B07Q3GX2FQ,isbn:9781682918838","eng","story_books","2019-05-21T21:30:00+05:30","Soul Mate Publishing, LLC","","","1.0","254288","","Air Born (The Guardian Series Book 3)","Air Born (The Guardian Series Book 3)","f6180396-8a36-444b-8195-880c0bcfd5dc"
"Harper, Helen","Helen Harper","","D:\story_books\Helen Harper\Midnight Smoke (The Firebrand Serie (596)\cover.jpg","2025-07-04T21:18:18+05:30","epub","","596","mobi-asin:B08HZD3K7J","eng","story_books","2020-11-04T21:30:00+05:30","","","","1.0","317234","","Midnight Smoke (The Firebrand Series Book 3)","Midnight Smoke (The Firebrand Series Book 3)","f88c14a5-bac7-4b45-b27a-8410d4abd2d0"
"Harper, Helen","Helen Harper","","D:\story_books\Helen Harper\Infernal Enchantment (Firebrand Boo (597)\cover.jpg","2025-07-04T21:18:19+05:30","epub","","597","mobi-asin:B08G524XFJ","eng","story_books","2020-10-01T04:30:00+05:30","","","","1.0","315720","","Infernal Enchantment (Firebrand Book 2)","Infernal Enchantment (Firebrand Book 2)","256d6f90-c25d-4c0a-b467-c59853efd848"
"Harper, Helen","Helen Harper","","D:\story_books\Helen Harper\Brimstone Bound (Firebrand Book 1) (598)\cover.jpg","2025-07-04T21:18:19+05:30","epub","","598","mobi-asin:B0898YBNRF","eng","story_books","2020-09-03T00:00:00+05:30","","","","1.0","317784","","Brimstone Bound (Firebrand Book 1)","Brimstone Bound (Firebrand Book 1)","746b588e-d899-4e0d-ad6d-1c35a0b53e91"
"Mayer, Shannon","Shannon Mayer","“My name is Larkspur, and I am an Elemental.” 
My people use the power of the earth to sustain life and defy our enemies. I should be at my father's side as a royal princess. But as a half-breed, bastard child, that isn't going to happen. **
I've been accused of attacking the queen, my wicked stepmother, and my life is suddenly on the line. I have only two options left to me: banishment, or training to become one of the King's Elite Guards, an Ender. 
Option one will kill me.   
Option two is meant to break me, but is the only way to survive. 
Did I mention I have no power like the rest of the elementals, and my connection to the earth is worth next to nothing? 
Could things get any worse? Of course they can. Welcome to being an Elemental.
","D:\story_books\Shannon Mayer\Recurve (599)\cover.jpg","2025-07-04T21:18:19+05:30","epub","","599","","eng","story_books","2015-03-30T00:00:00+05:30","HiJinks Ink Publishing, Ltd.","5","","1.0","464598","","Recurve","Recurve","7d7713c9-51d6-4862-8d9d-3372f2aa5f89"
"Mayer, Shannon","Shannon Mayer","My name is Larkspur, and I am an Elemental.   
  
My people use the power of the earth to sustain life and defy our enemies. I should be at my father's side as a royal princess. But as a half-breed, bastard child, that isn't going to happen.  
  
In a world of lava and fire, I am about to face my hardest trial yet. Not one of strength, or power, but intrigue and manipulation. However, my tolerance level for anyone outside of my family is at an all-time low, and the queen who rules the Pit expects complete obedience.   
  
As Ash’s life is held in the balance, I have just three days to prove his innocence and mine. This place holds more than a scorching heat; new foes, traitors, and creatures from the depths of the lava are all trying to keep us from surviving. 
The only question left. . . Can I get us all out without being burned alive?  
  
Welcome to the Pit.
","D:\story_books\Shannon Mayer\03] ES) Firestorm (600)\cover.jpg","2025-07-04T21:18:20+05:30","epub","","600","mobi-asin:B013FLLW70","eng","story_books","2015-09-28T19:30:00+05:30","Hijinks Ink Publishing","","The Elemental Series","3.0","473497","Paranormal Urban Fantasy Romance","03] ES) Firestorm","03] ES) Firestorm","0d906eec-1a94-4a19-8e0d-63d4c78d10ea"
"LaVaun, Chandelle","Chandelle LaVaun","","D:\story_books\Chandelle LaVaun\The Blood Witch (The Coven_ Vampire (601)\cover.jpg","2025-07-04T21:18:20+05:30","epub","","601","mobi-asin:B0B8HFXNKM","eng","story_books","2023-08-30T21:30:00+05:30","Wanderlost Publishing","","","1.0","1207987","","The Blood Witch (The Coven: Vampire Magic Book 1)","Blood Witch (The Coven: Vampire Magic Book 1), The","85fdb115-b59f-48e9-8b22-45f059bba36f"
"LaVaun, Chandelle","Chandelle LaVaun","","D:\story_books\Chandelle LaVaun\HIDDEN WITCH - JACKSON (602)\cover.jpg","2025-07-04T21:18:21+05:30","mobi","","602","mobi-asin:0123-wuiwta5b4u-e31akgp4bq","eng","story_books","0101-01-01T05:30:00+05:30","Wanderlost Publishing","","","1.0","632807","","HIDDEN WITCH - JACKSON","HIDDEN WITCH - JACKSON","a25c9a73-8d8c-48eb-b02b-fa0ff469d345"
"Hulin, Stephen","Stephen Hulin","","","2025-07-04T21:18:21+05:30","epub","","603","","eng","story_books","0101-01-01T05:30:00+05:30","","","","1.0","414549","","Andrzej Sapkowski","Andrzej Sapkowski","6780d980-37a9-4280-8928-0d8fcbd8e44c"
"Silvers, Shayne","Shayne Silvers","","D:\story_books\Shayne Silvers\Dark Horse_ Nate Temple Series Book (604)\cover.jpg","2025-07-04T21:18:22+05:30","epub","","604","mobi-asin:B09PQ844ZG","eng","story_books","2022-02-07T21:30:00+05:30","Argento Publishing, LLC","","","1.0","561813","","Dark Horse: Nate Temple Series Book 16","Dark Horse: Nate Temple Series Book 16","b31ee188-0c3c-49fe-928f-88999e36aeb4"
"Mad Snail","Mad Snail","","D:\story_books\Mad Snail\Tales of Demons and Gods - Chapter (605)\cover.jpg","2025-07-04T21:18:22+05:30","epub","","605","","eng","story_books","2018-12-12T00:00:00+05:30","","","","1.0","120222","","Tales of Demons and Gods - Chapter 451-472 (incomplete)","Tales of Demons and Gods - Chapter 451-472 (incomplete)","2a1d9a9a-5292-4f02-b770-e3efa2785685"
"Mad Snail","Mad Snail","","D:\story_books\Mad Snail\Tales of Demons and Gods - Chapter (606)\cover.jpg","2025-07-04T21:18:22+05:30","epub","","606","","eng","story_books","2016-11-03T00:00:00+05:30","","","","1.0","229731","","Tales of Demons and Gods - Chapter 351-400","Tales of Demons and Gods - Chapter 351-400","d26f43a6-a798-437a-86f2-4f1186d0c4a9"
"Mad Snail","Mad Snail","","D:\story_books\Mad Snail\Tales of Demons and Gods - Chapter (607)\cover.jpg","2025-07-04T21:18:23+05:30","epub","","607","","eng","story_books","2016-04-30T00:00:00+05:30","","","","1.0","300013","","Tales of Demons and Gods - Chapter 251-300","Tales of Demons and Gods - Chapter 251-300","16c824c3-e38f-47b4-96df-427d79d336e6"
"Mad Snail","Mad Snail","","D:\story_books\Mad Snail\Tales of Demons and Gods - Chapter (608)\cover.jpg","2025-07-04T21:18:24+05:30","epub","","608","","eng","story_books","2016-07-03T00:00:00+05:30","","","","1.0","282819","","Tales of Demons and Gods - Chapter 301-350","Tales of Demons and Gods - Chapter 301-350","b7a20abd-7511-46df-96e3-524f47229194"
"Eve, Jaymin","Eve, Jaymin","","D:\story_books\Eve, Jaymin\Supernatural Academy_ Year Two (609)\cover.jpg","2025-07-04T21:18:24+05:30","epub","","609","","eng","story_books","2019-09-24T05:30:00+05:30","","","","1.0","700378","","Supernatural Academy: Year Two","Supernatural Academy: Year Two","98703e17-3ef0-47d4-80ab-1758f0b7f615"
"Mad Snail","Mad Snail","","D:\story_books\Mad Snail\Tales of Demons and Gods - Chapter (610)\cover.jpg","2025-07-04T21:18:24+05:30","epub","","610","","eng","story_books","2016-04-09T00:00:00+05:30","","","","1.0","299994","","Tales of Demons and Gods - Chapter 201-250","Tales of Demons and Gods - Chapter 201-250","024cbe1b-3cdf-414a-9b4e-ed500cad4572"
"Eve, Jaymin","Jaymin Eve","","D:\story_books\Jaymin Eve\Supernatural Academy_ Year Three (611)\cover.jpg","2025-07-04T21:18:25+05:30","epub","","611","mobi-asin:B07Y2LLGCX","eng","story_books","2020-02-29T21:30:00+05:30","","","","1.0","417531","","Supernatural Academy: Year Three","Supernatural Academy: Year Three","4eb85b9e-9bd8-483f-b8f4-2b8cec7ceb01"
"Eve, Jaymin","Jaymin Eve","","D:\story_books\Jaymin Eve\Supernatural Academy_ Year One (612)\cover.jpg","2025-07-04T21:18:25+05:30","epub","","612","mobi-asin:B07NPXM3DQ","eng","story_books","2019-05-07T09:30:00+05:30","","","","1.0","509081","","Supernatural Academy: Year One","Supernatural Academy: Year One","f8f97e06-f500-4b4b-8715-81742f06c90d"
"Seymour, Ingrid","Ingrid Seymour & Katie French","","D:\story_books\Ingrid Seymour\Supernatural Academy_ Senior Witch, (613)\cover.jpg","2025-07-04T21:18:25+05:30","epub","","613","mobi-asin:B07XFP1NC9","eng","story_books","2019-11-18T21:30:00+05:30","","","","1.0","602500","","Supernatural Academy: Senior Witch, Spring Semester","Supernatural Academy: Senior Witch, Spring Semester","2c1eaa05-3cdf-4332-8217-88c9bb190045"
"Seymour, Ingrid","Ingrid Seymour & Katie French","","D:\story_books\Ingrid Seymour\Senior Witch, Fall Semester (614)\cover.jpg","2025-07-04T21:18:26+05:30","epub","","614","mobi-asin:B07TLTJYXV","eng","story_books","2019-09-10T10:30:00+05:30","","","","1.0","468259","","Senior Witch, Fall Semester","Supernatural Academy: Senior Witch, Fall Semester","d75a5a56-1707-479f-9629-c4f569fabe54"
"Seymour, Ingrid","Ingrid Seymour & Katie French","","D:\story_books\Ingrid Seymour\Junior Witch (615)\cover.jpg","2025-07-04T21:18:26+05:30","epub","","615","mobi-asin:B07RSDBH8N","eng","story_books","2019-07-16T03:30:00+05:30","","","Supernatural Academy","3.0","812024","","Junior Witch","Junior Witch","bac97222-8c8c-4f75-b66c-f23558a60fba"
"Seymour, Ingrid","Ingrid Seymour & Katie French","","D:\story_books\Ingrid Seymour\Supernatural Academy_ Sophomore Wit (616)\cover.jpg","2025-07-04T21:18:26+05:30","epub","","616","mobi-asin:B07QDVG17M","eng","story_books","2019-05-20T21:30:00+05:30","","","","1.0","613763","","Supernatural Academy: Sophomore Witch","Supernatural Academy: Sophomore Witch","9e5bc9d2-50fe-4eda-8074-3058a3b8d473"
"Seymour, Ingrid","Ingrid Seymour & Katie French","","D:\story_books\Ingrid Seymour\Freshman Witch (617)\cover.jpg","2025-07-04T21:18:27+05:30","epub","","617","mobi-asin:B07QK2HX8M","eng","story_books","2019-04-23T03:30:00+05:30","","","Supernatural Academy","1.0","741082","","Freshman Witch","Freshman Witch","6af9403f-7ef3-4f2a-be21-6ff58415855c"
"Rider, C.P.","C.P. Rider","My name is Neely and I live among shapeshifters in the desert truckstop town of Sundance, California. As a telepath-spiker, I can read a person's thoughts. 
I can also spike deadly power straight into their brain.
I'm in an uneasy relation-friend-ship with Lucas Blacke, an enigmatic tiger alpha that I'm drawn to, but don't fully trust. When Xavier Malcolm, Lucas's abusive ex-alpha leader, asks me to spike into his brain to save his sanity, I sense a trap. Problem is, no one refuses Alpha Xavier Malcolm without paying for it in one way or another.
So, I spike.
And bring down the wrath of a thousand-strong wolf pack on all our heads.
","D:\story_books\C.P. Rider\Summoned (618)\cover.jpg","2025-07-04T21:18:27+05:30","epub","","618","mobi-asin:B0817SMQDW","eng","story_books","2019-11-29T21:30:00+05:30","VC Group, LLC","","","1.0","381427","","Summoned","Summoned (The Sundance Series Book 2)","1ccebddb-5526-4972-8ab7-9c0b27dbfbaa"
"Rider, C.P.","C.P. Rider","","D:\story_books\C.P. Rider\Spiked (The Sundance Shifters Book (619)\cover.jpg","2025-07-04T21:18:28+05:30","epub","","619","mobi-asin:B07WGW17H9","eng","story_books","2019-08-13T21:30:00+05:30","V.C. Group, LLC","","","1.0","384125","","Spiked (The Sundance Shifters Book 1)","Spiked (The Sundance Shifters Book 1)","095c967d-2b98-4e3e-806e-691ddc39e9fe"
"Rider, C.P.","C.P. Rider","","D:\story_books\C.P. Rider\Sabotaged (The Sundance Series Book (620)\cover.jpg","2025-07-04T21:18:28+05:30","epub","","620","mobi-asin:B089QPWTWS","eng","story_books","2020-06-12T21:30:00+05:30","VC Group, LLC","","","1.0","405064","","Sabotaged (The Sundance Series Book 3)","Sabotaged (The Sundance Series Book 3)","57a43c04-e44c-435a-a441-db23a34f630d"
"Rider, C.P.","C.P. Rider","","D:\story_books\C.P. Rider\Shattered (The Sundance Series Book (621)\cover.jpg","2025-07-04T21:18:28+05:30","epub","","621","mobi-asin:B08T7YPR14","eng","story_books","2021-01-21T21:30:00+05:30","VC Group, LLC","","","1.0","401534","","Shattered (The Sundance Series Book 4)","Shattered (The Sundance Series Book 4)","e4519b58-0a6c-4721-956a-27d205b01e85"
"Bonilla, Amanda","Amanda Bonilla","","D:\story_books\Amanda Bonilla\Shaedes of Gray_ A Shaede Assassin (622)\cover.jpg","2025-07-04T21:18:29+05:30","epub","","622","","eng","story_books","2011-12-05T18:30:00+05:30","PENGUIN group","","Shaede Assassin","1.0","382951","fantasy, E-Book","Shaedes of Gray: A Shaede Assassin Novel","Shaedes of Gray: A Shaede Assassin Novel","ad86058b-5e58-4cc7-be47-43d01654d1e4"
"Bonilla, Amanda","Bonilla, Amanda","","D:\story_books\Bonilla, Amanda\Crave the Darkness_ A Shaede Assass (623)\cover.jpg","2025-07-04T21:18:30+05:30","epub","","623","","eng","story_books","2013-03-05T13:30:00+05:30","Penguin Group US","","","1.0","796803","","Crave the Darkness: A Shaede Assassin Novel","Crave the Darkness: A Shaede Assassin Novel","dd975694-b324-4697-94b4-a989949d95e1"
"Bonilla, Amanda","Amanda Bonilla","*""She needed a bargaining chip and this was it—Raif's daughter's life for hers. And he knew damned well I was right. Just as he'd assured me the night I'd killed Azriel, this was far from over. His daughter was alive; I knew it. And I was going to find her.""*
For months Darian and her Shaede guardian Raif have searched for the Oracle who attempted to overthrow the Shaede Nation—and kill Darian in the bargain. But now that they've finally found the half-crazed Oracle, for their efforts they are granted a possibility too painful for Raif to imagine, and too enticing for Darian to ignore.
Darian is determined to reunite Raif and the daughter he thought was dead, but her mission quickly proves dangerous when her lover Tyler is almost killed. And when a brooding and mysterious Fae warrior offers his guidance—at an extraordinary price—Darian finds herself willing to risk everything. As her single-minded hunt turns into an obsession, and she and...
","D:\story_books\Amanda Bonilla\Blood Before Sunrise (624)\cover.jpg","2025-07-04T21:18:30+05:30","epub","9781101587140","624","isbn:9781101587140","eng","story_books","2012-07-03T03:30:00+05:30","Penguin Group US","","Shaede Assassin","2.0","423946","","Blood Before Sunrise","Blood Before Sunrise","b5874b59-e80a-4398-a790-326d5440d334"
"Bonilla, Amanda","Amanda Bonilla","**Six months can feel like just a couple of weeks when you’ve been away in another realm. Literally.**  
  
Now that Darian is back in Seattle, she’s ready to face the life—and the man—she left behind. But it’s not going to be easy when a ghost from her past shows up looking to wreak havoc on Seattle’s supernatural crime scene.  
  
Darian isn’t as careless as she used to be, though. She and Tyler, her sexy Jinn protector, have come a long way in the trust department. And it’s a good thing too—because when Ty contracts her to assassinate a wickedly powerful supernatural who goes by the name of Mithras, it will take all her faith in Ty, and herself, to get the job done.  
  
While Darian does whatever it takes to get to her mark, Xander, the Shaede King is busy making plans of his own. With Darian’s attention divided between Lorik’s secrets and her mission she might not be able to stop Xander from doing anything in his power to separate Darian from her sworn protector and in the process, destroy his own kingdom…
","D:\story_books\Amanda Bonilla\Against the Dawn (625)\cover.jpg","2025-07-04T21:18:30+05:30","epub","","625","","eng","story_books","2014-04-22T10:30:00+05:30","INscribe Digital","","A Shaede Assassin","4.0","428505","arc, ScreamQueen, kickass.to","Against the Dawn","Against the Dawn","03e32493-3cd3-43e1-9453-273d70e6f13b"
"Mad Snail","Mad Snail","","D:\story_books\Mad Snail\Tales of Demons and Gods - Chapter (626)\cover.jpg","2025-07-04T21:18:31+05:30","epub","","626","","eng","story_books","2016-02-12T00:00:00+05:30","","","","1.0","304760","","Tales of Demons and Gods - Chapter 151-200","Tales of Demons and Gods - Chapter 151-200","c8b89d69-fbed-44eb-8ba0-2358d5415a81"
"Fletcher, Sean","Sean Fletcher","","D:\story_books\Sean Fletcher\The Dark Prince (New York Academy o (627)\cover.jpg","2025-07-04T21:18:31+05:30","epub","","627","mobi-asin:B087SS2M5F","eng","story_books","2020-08-09T21:30:00+05:30","Epic Worlds Publishing","","","1.0","389765","","The Dark Prince (New York Academy of Magic Book 4)","Dark Prince (New York Academy of Magic Book 4), The","f5a1c070-551c-42a8-afbe-6badc45a543c"
"Fletcher, Sean","Sean Fletcher","","D:\story_books\Sean Fletcher\The Cursed One (New York Academy of (628)\cover.jpg","2025-07-04T21:18:31+05:30","epub","","628","mobi-asin:B07YSV8BYN","eng","story_books","2020-01-19T21:30:00+05:30","Epic Worlds Publishing","","","1.0","362468","","The Cursed One (New York Academy of Magic Book 2)","Cursed One (New York Academy of Magic Book 2), The","5a726989-5cbd-452c-bc89-e11a5bb54a45"
"Fletcher, Sean","Sean Fletcher","","D:\story_books\Sean Fletcher\Enemy of Magic (New York Academy of (629)\cover.jpg","2025-07-04T21:18:32+05:30","epub","","629","mobi-asin:B083KND7PV","eng","story_books","2020-05-02T21:30:00+05:30","Epic Worlds Publishing","","","1.0","488443","","Enemy of Magic (New York Academy of Magic Book 3)","Enemy of Magic (New York Academy of Magic Book 3)","9bdd88bf-427c-497a-9c66-93911d48fc54"
"Fletcher, Sean","Sean Fletcher","","D:\story_books\Sean Fletcher\Called by Darkness (New York Academ (630)\cover.jpg","2025-07-04T21:18:32+05:30","epub","","630","mobi-asin:B07Y8PRLV9","eng","story_books","2019-10-13T21:30:00+05:30","Epic Worlds Publishing","","","1.0","489538","","Called by Darkness (New York Academy of Magic Book 1)","Called by Darkness (New York Academy of Magic Book 1)","6429a6d0-0ecd-478b-a070-cc2da6c579ea"
"Fletcher, Sean","Sean Fletcher","","D:\story_books\Sean Fletcher\Mage's Apprentice (Mages of New Yor (631)\cover.jpg","2025-07-04T21:18:32+05:30","epub","","631","mobi-asin:B07N7PPCHP","eng","story_books","2019-02-03T21:30:00+05:30","Epic Worlds Publishing","","","1.0","455820","","Mage's Apprentice (Mages of New York Book 1)","Mage's Apprentice (Mages of New York Book 1)","38193679-31c9-4965-8817-d80a26f11117"
"Mayer, Shannon","Shannon Mayer","","D:\story_books\Shannon Mayer\Wounded_ Book 8 (A Rylee Adamson No (632)\cover.jpg","2025-07-04T21:18:33+05:30","epub","","632","mobi-asin:B00MBQASMQ","eng","story_books","2014-09-09T05:30:00+05:30","Hijinks Ink Publishing","","","1.0","395160","dpgroup.org, IDS@DPG","Wounded: Book 8 (A Rylee Adamson Novel)","Wounded: Book 8 (A Rylee Adamson Novel)","f2ed6873-f993-4888-9881-bc2c76859cdb"
"Mayer, Shannon","Mayer, Shannon","","D:\story_books\Mayer, Shannon\Tracker_ A Rylee Adamson Novel (Boo (633)\cover.jpg","2025-07-04T21:18:33+05:30","epub","","633","mobi-asin:B00IJFWM2C","eng","story_books","2014-03-06T04:30:00+05:30","Hijinks Ink Publishing","","","1.0","424630","","Tracker: A Rylee Adamson Novel (Book 6)","Tracker: A Rylee Adamson Novel (Book 6)","015ded31-94e9-4510-9374-4c6529285755"
"Mayer, Shannon","Shannon Mayer","*My name is Rylee, and I am a Tracker.*
 *When children go missing, and the Humans have no leads, I'm the one they call. I am their last hope in bringing home the lost ones. I salvage what they cannot.*
When the dust settles, my heart feels as though it will never be pieced back together. But there are too many lives riding on my ability to function at my best. 
So I push through. And I find that I still have some fight left in me. 
Now I have one last task before I can rest: to find the simple ingredients of a spell. A spell that will help heal much of my wounds. 
But it is not only my injuries that I have to stitch closed. My sister's wounds have broken open . . . and perhaps most surprising of all so do another vampire's. 
Faris.
","D:\story_books\Shannon Mayer\Stitched (634)\cover.jpg","2025-07-04T21:18:33+05:30","epub","","634","","eng","story_books","0101-01-01T05:30:00+05:30","HiJinks Ink Publishing, Ltd.","4","Rylee Adamson","8.5","214323","Romance, vampire, urban fantasy, fantasy, Paranormal, Magic, werewolf, heroine, shannon mayer, rylee adamson","Stitched","Stitched","ccd95eaf-d0bf-4941-9368-396e2654b60d"
"Mayer, Shannon","Mayer, Shannon","","D:\story_books\Mayer, Shannon\Shadowed Threads_ A Rylee Adamson N (635)\cover.jpg","2025-07-04T21:18:34+05:30","epub","","635","mobi-asin:B00DZUICMA","eng","story_books","2013-08-15T12:30:00+05:30","Hijinks Ink Publishing","","","1.0","259390","","Shadowed Threads: A Rylee Adamson Novel (Book 4)","Shadowed Threads: A Rylee Adamson Novel (Book 4)","8d156660-d548-455d-ad59-6e5256c52f6a"
"Mayer, Shannon","Shannon Mayer","","D:\story_books\Shannon Mayer\Rising Darkness (A Rylee Adamson No (636)\cover.jpg","2025-07-04T21:18:35+05:30","epub","","636","","eng","story_books","2015-04-10T00:00:00+05:30","","","","1.0","776669","","Rising Darkness (A Rylee Adamson Novel, Book 9)","Rising Darkness","96f6cf41-9b96-47d4-bf90-e4d5cb2cc63b"
"Mayer, Shannon","Shannon Mayer","**Warning **I'm so sorry Mom, this one will be no good for you to read either. There is a full on sex scene (nipples and everything), violence and well, lots of bad words. You know-- the ones you used to wash my mouth out with soap for? Consider yourself warned.**  
**
 **Underestimating demons is a bad idea, and it's a mistake Rylee may pay for with not only her life, but the life of a child who has gone missing.  
**
 **That is, unless she allows O'Shea to help her; trusting the man who once sought for a way to bring her down.  
**
 **If only life were that simple. And in Rylee's world, it rarely is.  
**
 ** **Also Available**  
*  
**
 ** ** **Priceless (Rylee Adamson #1*** *) A werewolf for a pet, a missing child and the FBI on her tail. What could possibly go wrong?  
***
","D:\story_books\Shannon Mayer\Immune A Sexy Urban Fantasy Mystery (637)\cover.jpg","2025-07-04T21:18:35+05:30","epub","","637","mobi-asin:B00BPD5BY6","eng","story_books","2013-01-01T13:30:00+05:30","HiJinks Ink LTD","","Sexy Urban Fantasy Mystery","2.0","356438","","Immune A Sexy Urban Fantasy Mystery","Immune A Sexy Urban Fantasy Mystery","70366e22-521e-4d02-bc96-976db5d73208"
"Mayer, Shannon","Mayer, Shannon","","D:\story_books\Mayer, Shannon\Raising Innocence_ A Rylee Adamson (638)\cover.jpg","2025-07-04T21:18:35+05:30","epub","","638","mobi-asin:B00CJJ1SEC","eng","story_books","2013-05-15T03:30:00+05:30","Hijinks Ink Publishing","","","1.0","381969","","Raising Innocence: A Rylee Adamson Novel (Book 3)","Raising Innocence: A Rylee Adamson Novel (Book 3)","e527863e-baa9-49c1-bade-d80bb016eb38"
"Mayer, Shannon","Mayer, Shannon","","D:\story_books\Mayer, Shannon\Blind Salvage_ A Rylee Adamson Nove (639)\cover.jpg","2025-07-04T21:18:35+05:30","epub","","639","mobi-asin:B00FL0E10E","eng","story_books","2013-11-21T00:00:00+05:30","Hijinks Ink Publishing","","","1.0","858659","","Blind Salvage: A Rylee Adamson Novel (Book 5)","Blind Salvage: A Rylee Adamson Novel (Book 5)","8f6103b3-8f54-4261-98a9-88bfe28fe269"
"Mayer, Shannon","Mayer, Shannon","THE EPIC CONCLUSION TO THE RYLEE ADAMSON SERIES!   ""My name is Rylee and I am a Tracker.""   When children go missing, and the Humans have no leads, I'm the one they call. I am their last hope in bringing home the lost ones. I salvage what they cannot.   My final salvage, and this time I’m playing for the survival of the entire world.   Orion has swept the humans with his lies, and they follow him like mindless zombies.   I have my allies, and my loved ones with me and while they fight with all they have, it is not enough.   There is only one thing left for me to do. Face Orion. Seal the Veil closed and send the demons back to where they came from.   But Orion knows my weakness. And he has stolen her away leaving me with a choice I never wanted to face.   Do I save my daughter . . . or save the world?","D:\story_books\Mayer, Shannon\rylee adamson 10 - blood of the los (640)\cover.jpg","2025-07-04T21:18:36+05:30","epub","","640","mobi-asin:ce80fe66-609a-4cc9-9110-22e350f99425","eng","story_books","2015-11-17T04:30:00+05:30","Hijinks Ink Publishing","","","1.0","1091882","Paranormal Urban Fantasy Romance","rylee adamson 10 - blood of the lost","rylee adamson 10 - blood of the lost","8ad366bd-aac2-4f77-8749-79850886170b"
"Mayer, Shannon","Mayer, Shannon","","D:\story_books\Mayer, Shannon\Priceless_ Book 1 (A Rylee Adamson (641)\cover.jpg","2025-07-04T21:18:36+05:30","epub","","641","mobi-asin:B00A6CNV08","eng","story_books","2013-11-19T10:30:00+05:30","Hijinks Ink Publishing","","","1.0","377973","","Priceless: Book 1 (A Rylee Adamson Novel)","Priceless: Book 1 (A Rylee Adamson Novel)","9288f832-a3f7-4dad-92fd-8b744ccedcb4"
"Kingsolver, BR","BR Kingsolver","","D:\story_books\BR Kingsolver\Knights Magica_ An Urban Fantasy (R (642)\cover.jpg","2025-07-04T21:18:36+05:30","epub","","642","mobi-asin:B087ZBK9ST","eng","story_books","2020-05-09T21:30:00+05:30","","","","1.0","374632","","Knights Magica: An Urban Fantasy (Rosie O'Grady's Paranormal Bar and Grill Book 5)","Knights Magica: An Urban Fantasy (Rosie O'Grady's Paranormal Bar and Grill Book 5)","c906acc9-7e86-46e6-8019-148cabaa58f6"
"Kingsolver, BR","BR Kingsolver","","D:\story_books\BR Kingsolver\Dark Dancer (Rosie O'Grady's Parano (643)\cover.jpg","2025-07-04T21:18:37+05:30","epub","","643","mobi-asin:B07W149Q6L","eng","story_books","2019-08-10T21:30:00+05:30","","","","1.0","285122","","Dark Dancer (Rosie O'Grady's Paranormal Bar and Grill Book 3)","Dark Dancer (Rosie O'Grady's Paranormal Bar and Grill Book 3)","3a57e903-52f3-4f22-9874-b9aaf0eb276a"
"Kingsolver, BR","BR Kingsolver","","D:\story_books\BR Kingsolver\Night Stalker (Rosie O'Grady's Para (644)\cover.jpg","2025-07-04T21:18:37+05:30","epub","","644","mobi-asin:B07RWHSXK8","eng","story_books","2019-05-18T21:30:00+05:30","","","","1.0","301590","","Night Stalker (Rosie O'Grady's Paranormal Bar and Grill Book 2)","Night Stalker (Rosie O'Grady's Paranormal Bar and Grill Book 2)","0321438e-cde1-4027-95d9-743a3cbf3d15"
"Kingsolver, BR","BR Kingsolver","","D:\story_books\BR Kingsolver\Shadow Hunter (Rosie O'Grady's Para (645)\cover.jpg","2025-07-04T21:18:37+05:30","epub","","645","mobi-asin:B07PZ47VQV","eng","story_books","2019-04-06T21:30:00+05:30","","","","1.0","292146","","Shadow Hunter (Rosie O'Grady's Paranormal Bar and Grill Book 1)","Shadow Hunter (Rosie O'Grady's Paranormal Bar and Grill Book 1)","bcf889ed-c066-475f-a078-6032c05521f3"
"Kingsolver, BR","BR Kingsolver","","D:\story_books\BR Kingsolver\Well of Magic_ An Urban Fantasy (Ro (646)\cover.jpg","2025-07-04T21:18:37+05:30","epub","","646","mobi-asin:B082GFV5CW","eng","story_books","2019-12-14T21:30:00+05:30","","","","1.0","275984","","Well of Magic: An Urban Fantasy (Rosie O'Grady's Paranormal Bar and Grill Book 4)","Well of Magic: An Urban Fantasy (Rosie O'Grady's Paranormal Bar and Grill Book 4)","881716de-d2d5-47b8-b687-1ba66d87138d"
"Mayer, Shannon","Shannon Mayer","","D:\story_books\Shannon Mayer\Elementally Priceless (647)\cover.jpg","2025-07-04T21:18:38+05:30","epub","","647","","eng","story_books","2014-12-28T12:30:00+05:30","","","Rylee Adamson","0.5","136593","","Elementally Priceless","Elementally Priceless","ea7223d0-3b91-41e0-8b18-40ba2ca82f50"
"Riordan, Rick","Rick Riordan","Fans of The Kane Chronicles series will adore this gorgeous primer on the people, places, gods, and creatures found in Rick Riordan's #1 New York Times bestselling series. Featuring enough information and extras to satisfy avid followers and budding Egyptologists alike, this lavishly illustrated guide will cast a spell on readers of all ages.","D:\story_books\Rick Riordan\The Kane Chronicles Survival Guide (648)\cover.jpg","2025-07-04T21:18:38+05:30","epub","","648","","eng","story_books","0101-01-01T05:30:00+05:30","Disney Book Group","","","1.0","25930034","Subject","The Kane Chronicles Survival Guide","Kane Chronicles Survival Guide, The","d3dd5c53-1660-49c6-8829-7c9bb72e4638"
"Renee, Heather","Heather Renee","","D:\story_books\Heather Renee\Shades of Magic (Raven Point Pack T (649)\cover.jpg","2025-07-04T21:18:39+05:30","epub","","649","mobi-asin:B07F64JX7X","eng","story_books","2018-09-06T21:30:00+05:30","","","","1.0","198243","","Shades of Magic (Raven Point Pack Trilogy Book 2)","Shades of Magic (Raven Point Pack Trilogy Book 2)","f8c747a2-c434-48b6-bc86-d3289396707f"
"Renee, Heather","Heather Renee","","D:\story_books\Heather Renee\Shades of Secrecy_ Prequel Novella (650)\cover.jpg","2025-07-04T21:18:40+05:30","epub","9781728804262","650","mobi-asin:B07J64NCCD,isbn:9781728804262","eng","story_books","2018-10-18T21:30:00+05:30","","","","1.0","162560","","Shades of Secrecy: Prequel Novella (Raven Point Pack Trilogy Book 4)","Shades of Secrecy: Prequel Novella (Raven Point Pack Trilogy Book 4)","ce237c9a-8f05-4b75-960a-31e2f8490472"
"Renee, Heather","Heather Renee","","D:\story_books\Heather Renee\Shades of Fury (Raven Point Pack Tr (651)\cover.jpg","2025-07-04T21:18:40+05:30","epub","","651","mobi-asin:B07F5K1SXB","eng","story_books","2018-08-22T21:30:00+05:30","","","","1.0","220337","","Shades of Fury (Raven Point Pack Trilogy Book 1)","Shades of Fury (Raven Point Pack Trilogy Book 1)","63af8b26-5949-45af-9803-2ddfcfcf3632"
"Renee, Heather","Heather Renee","","D:\story_books\Heather Renee\Shades of Deceit (Raven Point Pack (652)\cover.jpg","2025-07-04T21:18:41+05:30","epub","","652","mobi-asin:B07FB8LNM1","eng","story_books","2018-09-13T21:30:00+05:30","","","","1.0","216591","","Shades of Deceit (Raven Point Pack Trilogy Book 3)","Shades of Deceit (Raven Point Pack Trilogy Book 3)","d3a2a654-cdef-4216-b92e-f1afcda8c059"
"Mayer, Shannon","Shannon Mayer","My name is Pamela, and I am the most powerful witch the world has ever seen. Only my magic is completely bound away from me, rendering me next to useless.   
  
I’m about to face a witch who makes me look like a child fighting a seasoned general in battle. A witch whose strength lies within the dead, and whose magic I unleashed during my part of destroying the world.   
  
Now she wants me to bow to her, to give her my strength and my magic.   
  
I’ve been stripped of my familiars. Stripped of my magic. And I must face all that lies ahead of me with only the blackest parts of my soul to keep me alive.   
  
If I manage to survive, will I still know who I am, or will I have finally succumbed to the darkness growing inside me?   
  
My name is Pamela, and I’m about to find out that nothing in this broken world is as it seems.   
  
Including my magic. 
","D:\story_books\Shannon Mayer\Maze Witch (653)\cover.jpg","2025-07-04T21:18:41+05:30","epub","","653","mobi-asin:B07N6KPDQK","eng","story_books","2019-01-27T00:00:00+05:30","Hijinks Ink Publishing","","","1.0","248073","","Maze Witch","Maze Witch (The Questing Witch Series Book 3)","b3825aed-8664-4cee-9068-d94d8967456c"
"Renee, Heather","Heather Renee","","D:\story_books\Heather Renee\Shades of Vengeance (654)\cover.jpg","2025-07-04T21:18:41+05:30","epub","","654","mobi-asin:B07PGL8M3Y","eng","story_books","2019-04-05T03:30:00+05:30","","","Raven Point Pack Trilogy","4.0","319744","","Shades of Vengeance","Shades of Vengeance","702efbc7-ba1e-43ab-8329-546a836185e0"
"Mayer, Shannon","Shannon Mayer","","D:\story_books\Shannon Mayer\Elemental Witch (655)\cover.jpg","2025-07-04T21:18:42+05:30","epub","9781987933505","655","isbn:9781987933505,mobi-asin:B07NF922K9","eng","story_books","2019-03-31T00:00:00+05:30","Hijinks Publishing","","","1.0","296144","","Elemental Witch","Elemental Witch","3eaf32f5-fed3-496d-9db4-135aa233502b"
"Mayer, Shannon","Shannon Mayer","","D:\story_books\Shannon Mayer\Caravan Witch (Questing Witch Book (656)\cover.jpg","2025-07-04T21:18:42+05:30","epub","","656","mobi-asin:B07FDHRN37","eng","story_books","2018-10-07T21:30:00+05:30","Hijinks Ink Publishing","","","1.0","347050","","Caravan Witch (Questing Witch Book 2)","Caravan Witch (Questing Witch Book 2)","6e7a5622-6036-47b8-b25a-a0bc4cea41dc"
"Edwards, Hailey","Hailey Edwards","","D:\story_books\Hailey Edwards\Shadow of Doubt (The Potentate of A (657)\cover.jpg","2025-07-04T21:18:43+05:30","epub","","657","mobi-asin:B07VF9SJBD","eng","story_books","2019-08-07T00:00:00+05:30","","","","1.0","401544","","Shadow of Doubt (The Potentate of Atlanta Book 1)","Shadow of Doubt (The Potentate of Atlanta Book 1)","5ea2b612-0cbb-4a72-b6a1-35b1207da97b"
"Mayer, Shannon","Shannon Mayer","","D:\story_books\Shannon Mayer\Aimless Witch (658)\cover.jpg","2025-07-04T21:18:43+05:30","epub","9781987933406","658","mobi-asin:B07CT38KNZ,isbn:9781987933406","eng","story_books","2018-07-30T21:30:00+05:30","Hijinks Ink Publishing","","Questing Witch Series","1.0","443304","","Aimless Witch","Aimless Witch","d30a9c46-04cc-4f18-89ee-3323159057ef"
"Edwards, Hailey","Hailey Edwards","","D:\story_books\Hailey Edwards\Proof of Life (The Potentate of Atl (659)\cover.jpg","2025-07-04T21:18:43+05:30","epub","","659","mobi-asin:B08FRQJSJ4","eng","story_books","2020-10-31T00:00:00+05:30","","","","1.0","433137","","Proof of Life (The Potentate of Atlanta Book 4)","Proof of Life (The Potentate of Atlanta Book 4)","f884e8de-2f57-4093-a1c9-2981ad9d26bd"
"Edwards, Hailey","Hailey Edwards","","D:\story_books\Hailey Edwards\Pack of Lies (The Potentate of Atla (660)\cover.jpg","2025-07-04T21:18:43+05:30","epub","","660","mobi-asin:B07ZQRG58N","eng","story_books","2020-01-15T00:00:00+05:30","","","","1.0","444189","","Pack of Lies (The Potentate of Atlanta Book 2)","Pack of Lies (The Potentate of Atlanta Book 2)","44a13ca2-8f54-4225-8a4b-38c59a30a479"
"Edwards, Hailey","Hailey Edwards","","D:\story_books\Hailey Edwards\Change of Heart (The Potentate of A (661)\cover.jpg","2025-07-04T21:18:44+05:30","epub","","661","mobi-asin:B083SB5XYT","eng","story_books","2020-06-16T00:00:00+05:30","Black Dog Books, LLC.","","","1.0","419230","","Change of Heart (The Potentate of Atlanta Book 3)","Change of Heart (The Potentate of Atlanta Book 3)","1e8e7b4a-8119-4083-8676-797563905375"
"Jing Wu Hen","Jing Wu Hen","https://www.asianovel.com/series/peerless-martial-god","D:\story_books\Jing Wu Hen\Peerless Martial God, Chapter 401 - (662)\cover.jpg","2025-07-04T21:18:44+05:30","epub","","662","uri:https://www.asianovel.com/download/epub/9c5becc0-8445-11eb-b247-c76378a2145c","eng","story_books","2021-03-14T03:20:03+05:30","ASIANOVEL","","Series","1.0","2064811","Peerless Martial God","Peerless Martial God, Chapter 401 - Chapter 600","Peerless Martial God, Chapter 401 - Chapter 600","819f08da-36a9-48bf-b62b-5e38b8ea00af"
"Jing Wu Hen","Jing Wu Hen","https://www.asianovel.com/series/peerless-martial-god","D:\story_books\Jing Wu Hen\Peerless Martial God, Chapter 801 - (663)\cover.jpg","2025-07-04T21:18:45+05:30","epub","","663","uri:https://www.asianovel.com/download/epub/c8de4310-22e3-11ea-9d92-9906ff0bd1e8","eng","story_books","2019-12-20T10:20:33+05:30","ASIANOVEL","","Series","1.0","800382","Peerless Martial God","Peerless Martial God, Chapter 801 - Chapter 1000","Peerless Martial God, Chapter 801 - Chapter 1000","b3699d67-e2b8-43cb-b668-f96e98e060d3"
"Jing Wu Hen","Jing Wu Hen","https://new.asianovel.com/series/peerless-martial-god","D:\story_books\Jing Wu Hen\Peerless Martial God, Chapter 601 - (664)\cover.jpg","2025-07-04T21:18:46+05:30","epub","","664","uri:https://new.asianovel.com/download/epub/877a2fc0-4e99-11ec-afc8-27c8433da5fa","eng","story_books","2021-11-26T14:50:02+05:30","ASIANOVEL","","Series","1.0","1990304","Peerless Martial God","Peerless Martial God, Chapter 601 - Chapter 800","Peerless Martial God, Chapter 601 - Chapter 800","271e733f-15a8-42f3-93fe-41df38cd97ce"
"Jing Wu Hen","Jing Wu Hen","https://www.asianovel.com/series/peerless-martial-god","D:\story_books\Jing Wu Hen\Peerless Martial God, Chapter 2401 (665)\cover.jpg","2025-07-04T21:18:46+05:30","epub","","665","uri:https://www.asianovel.com/download/epub/cf345ee0-0f7d-11eb-ae66-cf5ae3650dd8","eng","story_books","2020-10-16T12:35:02+05:30","ASIANOVEL","","Series","1.0","1587937","Peerless Martial God","Peerless Martial God, Chapter 2401 - Chapter 2500","Peerless Martial God, Chapter 2401 - Chapter 2500","63f4219e-b170-4f37-a218-131a89930c90"
"Jing Wu Hen","Jing Wu Hen","https://www.asianovel.com/series/peerless-martial-god","D:\story_books\Jing Wu Hen\Peerless Martial God, Chapter 2201 (666)\cover.jpg","2025-07-04T21:18:47+05:30","epub","","666","uri:https://www.asianovel.com/download/epub/9821c2c0-0f7a-11eb-b62e-7fc0b4ac4eb5","eng","story_books","2020-10-16T12:15:02+05:30","ASIANOVEL","","Series","1.0","2022778","Peerless Martial God","Peerless Martial God, Chapter 2201 - Chapter 2400","Peerless Martial God, Chapter 2201 - Chapter 2400","445df1dc-3deb-42cf-b8ee-203169f70cdc"
"Jing Wu Hen","Jing Wu Hen","https://www.asianovel.com/series/peerless-martial-god","D:\story_books\Jing Wu Hen\Peerless Martial God, Chapter 201 - (667)\cover.jpg","2025-07-04T21:18:47+05:30","epub","","667","uri:https://www.asianovel.com/download/epub/5d5d8a20-63bd-11ea-998c-edc917b74383","eng","story_books","2020-03-11T23:00:10+05:30","ASIANOVEL","","Series","1.0","1036279","Peerless Martial God","Peerless Martial God, Chapter 201 - Chapter 400","Peerless Martial God, Chapter 201 - Chapter 400","0f77e9d6-f138-43b6-91ff-f1961d7a4663"
"Jing Wu Hen","Jing Wu Hen","https://www.asianovel.com/series/peerless-martial-god","D:\story_books\Jing Wu Hen\Peerless Martial God, Chapter 2001 (668)\cover.jpg","2025-07-04T21:18:47+05:30","epub","","668","uri:https://www.asianovel.com/download/epub/09a5e960-1eae-11ea-86f0-29120e9e3807","eng","story_books","2019-12-15T01:45:13+05:30","ASIANOVEL","","Series","1.0","924188","Peerless Martial God","Peerless Martial God, Chapter 2001 - Chapter 2200","Peerless Martial God, Chapter 2001 - Chapter 2200","da1f08fd-9ad0-4d4c-a57c-a6247f8ae18f"
"Jing Wu Hen","Jing Wu Hen","https://www.asianovel.com/series/peerless-martial-god","D:\story_books\Jing Wu Hen\Peerless Martial God, Chapter 1801 (669)\cover.jpg","2025-07-04T21:18:48+05:30","epub","","669","uri:https://www.asianovel.com/download/epub/a07f1ec0-22e9-11ea-be57-3d663c41a372","eng","story_books","2019-12-20T11:00:06+05:30","ASIANOVEL","","Series","1.0","887194","Peerless Martial God","Peerless Martial God, Chapter 1801 - Chapter 2000","Peerless Martial God, Chapter 1801 - Chapter 2000","337392bf-a64c-44a6-aaa3-2363e336ba9d"
"Jing Wu Hen","Jing Wu Hen","https://www.asianovel.com/series/peerless-martial-god","D:\story_books\Jing Wu Hen\Peerless Martial God, Chapter 1 - C (670)\cover.jpg","2025-07-04T21:18:48+05:30","epub","","670","uri:https://www.asianovel.com/download/epub/baf1a460-5ca3-11eb-875d-2d9c647b485c","eng","story_books","2021-01-22T17:10:03+05:30","ASIANOVEL","","Series","1.0","2259793","Peerless Martial God","Peerless Martial God, Chapter 1 - Chapter 200","Peerless Martial God, Chapter 1 - Chapter 200","19f25081-7ba1-40d6-9791-790549137a09"
"Jing Wu Hen","Jing Wu Hen","https://www.asianovel.com/series/peerless-martial-god","D:\story_books\Jing Wu Hen\Peerless Martial God, Chapter 1601 (671)\cover.jpg","2025-07-04T21:18:48+05:30","epub","","671","uri:https://www.asianovel.com/download/epub/90f37480-22e8-11ea-85ca-cf6baf930b0a","eng","story_books","2019-12-20T10:55:01+05:30","ASIANOVEL","","Series","1.0","824799","Peerless Martial God","Peerless Martial God, Chapter 1601 - Chapter 1800","Peerless Martial God, Chapter 1601 - Chapter 1800","8382eda2-e62d-4435-a386-99cdddbf5129"
"Jing Wu Hen","Jing Wu Hen","https://www.asianovel.com/series/peerless-martial-god","D:\story_books\Jing Wu Hen\Peerless Martial God, Chapter 1401 (672)\cover.jpg","2025-07-04T21:18:49+05:30","epub","","672","uri:https://www.asianovel.com/download/epub/00a28490-22e8-11ea-9c5e-1f68a2a95299","eng","story_books","2019-12-20T10:50:07+05:30","ASIANOVEL","","Series","1.0","775442","Peerless Martial God","Peerless Martial God, Chapter 1401 - Chapter 1600","Peerless Martial God, Chapter 1401 - Chapter 1600","71b98379-0aea-4b53-b504-9a329faecea7"
"Jing Wu Hen","Jing Wu Hen","https://www.asianovel.com/series/peerless-martial-god","D:\story_books\Jing Wu Hen\Peerless Martial God, Chapter 1201 (673)\cover.jpg","2025-07-04T21:18:49+05:30","epub","","673","uri:https://www.asianovel.com/download/epub/3d9ffdc0-22e6-11ea-b2fa-5b6aee6068c2","eng","story_books","2019-12-20T10:35:02+05:30","ASIANOVEL","","Series","1.0","803356","Peerless Martial God","Peerless Martial God, Chapter 1201 - Chapter 1400","Peerless Martial God, Chapter 1201 - Chapter 1400","10cdad3e-9dce-4e16-b042-0f112f97209a"
"Eve, Jaymin & Stone, Leia","Jaymin Eve & Leia Stone","**A gripping new fantasy series by USA today bestselling authors Jaymin Eve and Leia Stone.**
Arianna is a queen heir and at 20 years old she's now eligible for the crown of wolf shifters. Heirs are trained and groomed so that they're ready, should the queen perish during their time of eligibility. 
Of course, there's little chance of that happening. The Red Queen has stood for a century, and her power is beyond reckoning. 
Or so Arianna believes, right up until the final tolling of the bells. The queen has fallen. Four heirs will now fight it out for the crown. 
Let the summit begin.
**
","D:\story_books\Jaymin Eve\Queen Heir (NYC Mecca #1) (674)\cover.jpg","2025-07-04T21:18:49+05:30","epub","","674","amazon:B01LY440MK,mobi-asin:B01LY440MK","eng","story_books","2016-12-13T05:30:00+05:30","","","","1.0","509050","","Queen Heir (NYC Mecca #1)","Queen Heir (NYC Mecca #1)","9f10b0d0-7f9a-4e5b-b5dc-cb20f5d21200"
"Stone, Leia","Leia Stone & Jaymin Eve","","D:\story_books\Leia Stone\Queen Mecca (NYC Mecca Series Book (675)\cover.jpg","2025-07-04T21:18:50+05:30","epub","","675","mobi-asin:B0775N7G6Y","eng","story_books","2017-12-15T12:30:00+05:30","","","","1.0","546761","","Queen Mecca (NYC Mecca Series Book 4)","Queen Mecca (NYC Mecca Series Book 4)","eab76f7d-5b07-4efe-b157-1acc346f0452"
"Jing Wu Hen","Jing Wu Hen","https://www.asianovel.com/series/peerless-martial-god","D:\story_books\Jing Wu Hen\Peerless Martial God, Chapter 1001 (676)\cover.jpg","2025-07-04T21:18:50+05:30","epub","","676","uri:https://www.asianovel.com/download/epub/9c0e7640-22e4-11ea-ab0b-9743d2ed10a8","eng","story_books","2019-12-20T10:25:02+05:30","ASIANOVEL","","Series","1.0","802589","Peerless Martial God","Peerless Martial God, Chapter 1001 - Chapter 1200","Peerless Martial God, Chapter 1001 - Chapter 1200","677a4f4f-4600-443a-9072-abe1567338a2"
"Eve, Jaymin","Jaymin Eve & Leia Stone","","D:\story_books\Jaymin Eve\Queen Fae (NYC Mecca Series Book 3) (677)\cover.jpg","2025-07-04T21:18:51+05:30","epub","","677","mobi-asin:B01NAXBA0S","eng","story_books","2017-04-08T10:30:00+05:30","","","","1.0","405629","","Queen Fae (NYC Mecca Series Book 3)","Queen Fae (NYC Mecca Series Book 3)","f4582691-3f9f-4dc9-95d9-4a9cc123b5f4"
"Stone, Leia","Leia Stone & Jaymin Eve","","D:\story_books\Leia Stone\Queen Alpha (NYC Mecca Series Book (678)\cover.jpg","2025-07-04T21:18:52+05:30","epub","","678","mobi-asin:B01N0OUJEM","eng","story_books","2017-01-30T05:30:00+05:30","","","","1.0","463225","","Queen Alpha (NYC Mecca Series Book 2)","Queen Alpha (NYC Mecca Series Book 2)","86013c21-e1be-4951-8d83-f79723c68a3d"
"Estep, Jennifer","Jennifer Estep","###   

Gwen Frost is an outsider at Mythos Academy, a school of myths, magic and warrior whiz kids, where even the lowliest geek knows how to chop off somebody's head with a sword. Gwen is an outsider both to the students of the Academy and the rest of the world. But when her gift of psychometry - the ability to know an object's history just by touching it reveals dark undercurrents and danger afoot, she has no choice but to get involved. 
","D:\story_books\Jennifer Estep\Touch of Frost (679)\cover.jpg","2025-07-04T21:18:52+05:30","epub","9780758266927","679","isbn:9780758266927,amazon:0758266928,google:yzP4_PIGpmsC","eng","story_books","2011-07-26T02:30:00+05:30","Kensington","5","Mythos Academy","1.0","390011","","Touch of Frost","Touch of Frost","19eb27b4-0856-4063-9abb-70f25a14968a"
"Estep, Jennifer","Jennifer Estep","Just when it seems life at Mythos Academy can't get any more dangerous, the Reapers of Chaos manage to prove me wrong. It was just a typical night at the Library of Antiquities-until a Reaper tried to poison me. The good news is I'm still alive and kicking. The bad news is the Reaper poisoned someone else instead. As Nike's Champion, everyone expects me to lead the charge against the Reapers, even though I'm still hurting over what happened with Spartan warrior Logan Quinn. I've got to get my hands on the antidote fast-otherwise, an innocent person will die. But the only known cure is hidden in some creepy ruins - and the Reapers are sure to be waiting for me there...
###   

","D:\story_books\Jennifer Estep\Midnight Frost (680)\cover.jpg","2025-07-04T21:18:52+05:30","epub","9780758281494","680","amazon:0758281498,isbn:9780758281494,mobi-asin:B00BPYGOXM","eng","story_books","2013-07-30T12:30:00+05:30","K-Teen","","","1.0","343544","fantasy, Teen & Young Adult, Science Fiction & Fantasy","Midnight Frost","Midnight Frost","ab4b109b-01fe-4f6c-9c04-3c7022935696"
"Estep, Jennifer","Jennifer Estep","***Logan Quinn was trying to kill me.My Spartan classmate relentlessly pursued me, swinging his sword at me over and over again, the shining silver blade inching closer to my throat every time. A smile tugged up his lips, and his ice-blue eyes practially glowed with the thrill of battle. . .***
I'm Gwen Frost, a second-year warrior-in-training at Mythos Academy, and I have no idea how I'm going to survive the rest of the semester. One day, I'm getting schooled in swordplay by the guy who broke my heart--the drop-dead gorgeous Logan who slays me every time. Then, an invisible archer in the Library of Antiquities decides to use me for target practice. And now, I find out that someone at the academy is really a Reaper bad guy who wants me dead. I'm afraid if I don't learn how to live by the sword--with Logan's help--I just might die by the sword. . . 
  

","D:\story_books\Jennifer Estep\Kiss of Frost (681)\cover.jpg","2025-07-04T21:18:53+05:30","epub","9780758274304","681","google:eUfIuik3g2QC,isbn:9780758274304,amazon:0758266944","eng","story_books","2011-11-29T05:30:00+05:30","Kensington -Teen","4","","1.0","329917","Juvenile Fiction, Fantasy & Magic, Action & Adventure, Survival Stories, Paranormal, General","Kiss of Frost","Kiss of Frost","9e8203de-acf0-425b-ac5a-adf2b4fd0a9b"
"Estep, Jennifer","Jennifer Estep","An amazingly addictive new series. – *Fresh Fiction*
I've seen so many freaky things since I started attending Mythos Academy last fall. I know I'm supposed to be a fearless warrior, but most of the time, I feel like I'm just waiting for the next Bad, Bad Thing to happen. Like someone trying to kill me--again. 
Everyone at Mythos Academy knows me as Gwen Frost, the Gypsy girl who uses her psychometry magic to find lost objects--and who just may be dating Logan Quinn, the hottest guy in school. But I'm also the girl the Reapers of Chaos want dead in the worst way. The Reapers are the baddest of the bad, the people who murdered my mom. So why do they have it in for me? It turns out my mom hid a powerful artifact called the Helheim Dagger before she died. Now, the Reapers will do anything to get it back. They think I know where the dagger is hidden, but this is one thing I can't use my magic to find. All I do know is that the Reapers are coming for me--and I'm in for the fight of my life. 
  

","D:\story_books\Jennifer Estep\Dark Frost (682)\cover.jpg","2025-07-04T21:18:53+05:30","epub","9780758266965","682","isbn:9780758266965,amazon:0758266960,google:aGuEw-dER48C","eng","story_books","2012-05-29T04:30:00+05:30","Kensington","5","","1.0","362419","Juvenile Fiction, Fantasy & Magic, Action & Adventure, Survival Stories, Paranormal, General","Dark Frost","Dark Frost","98137b53-9114-4672-b92e-70dccf0d3eb1"
"Estep, Jennifer","Jennifer Estep","For a moment, a face flashed before my eyes--the most hideous face I'd ever seen. No matter how hard I tried to forget what had happened, I saw him everywhere I went. It was Loki--the evil god that I'd helped set free against my will.I should have known that my first official date with Logan Quinn was destined to end in disaster. If we'd gotten into a swordfight, or been ambushed by Reapers, I'd have been more prepared. But getting arrested mid-sip at the local coffee hangout? I didn't see that one coming. I've been accused of purposely helping the Reapers free Loki from his prison--and the person leading the charge against me is Linus Quinn, Logan's dad. The worst part is that pretty much everyone at Mythos Academy thinks I'm guilty. If I'm going to get out of this mess alive, I'll have to do it myself. . .""An amazingly addictive new series.""--
","D:\story_books\Jennifer Estep\Crimson Frost (683)\cover.jpg","2025-07-04T21:18:53+05:30","epub","9780758281463","683","amazon:0758281463,google:HZNiGvL5OCsC,isbn:9780758281463","eng","story_books","2012-12-24T03:30:00+05:30","K-Teen","4","","1.0","503679","Juvenile Fiction, Fantasy & Magic","Crimson Frost","Crimson Frost","9779c7c3-e943-458e-8162-1c276c5ff2d7"
"Estep, Jennifer","Estep, Jennifer","I’ve battled the Reapers of Chaos before–and survived. But this time I have a Bad, Bad Feeling it’s going to be a fight to the death … most likely mine. 
Yeah, I’ve got my psychometry magic, my talking sword, Vic–and even the most dangerous Spartan on campus at my side, in Logan freaking Quinn, but I’m no match for Loki, the evil Norse god of chaos. I may be Nike’s Champion, but at heart, I’m still just Gwen Frost, that weird Gypsy girl everyone at school loves to gossip about. 
Then someone I love is put in more danger than ever before, and something inside me snaps. This time, Loki and his Reapers are going down for good … or I am.
","D:\story_books\Estep, Jennifer\Killer Frost (684)\cover.jpg","2025-07-04T21:18:54+05:30","epub","9780758281548","684","amazon:0758281528,google:grZJnQEACAAJ,ff:e/jennifer-estep/killer-frost,goodreads:17448097,isbn:9780758281548,barnesnoble:w/killer-frost-jennifer-estep/1115633590","eng","story_books","2014-01-22T00:00:00+05:30","K-Teen","4","Mythos Academy","6.0","911950","Young Adult, fantasy, Romance","Killer Frost","Killer Frost","24a2bdc2-da20-477f-8226-887a219a362a"
"Clare, Cassandra","Cassandra Clare","Shadowhunters and demons square off for the final showdown in the spellbinding, seductive conclusion to the #1 *New York Times* bestselling Mortal Instruments series. 
Darkness has descended on the Shadowhunter world. Chaos and destruction overwhelm the Nephilim as Clary, Jace, Simon, and their friends band together to fight the greatest evil they have ever faced: Clary’s own brother. Nothing in this world can defeat Sebastian—but if they journey to the realm of demons, they just might have a chance… 
Lives will be lost, love sacrificed, and the whole world will change. Who will survive the explosive sixth and final installment of the Mortal Instruments series?
**
### About the Author
Cassandra Clare is the author of the #1 *New York Times* , *USA TODAY* , *Wall Street Journal* , and *Publishers Weekly* bestselling Mortal Instruments series, the Infernal Devices trilogy, and the Bane Chronicles. Her books have more than 30 million copies in print worldwide and have been translated into more than thirty-five languages. Cassandra lives in western Massachusetts. Visit her at CassandraClare.com. Learn more about the world of the Shadowhunters at Shadowhunters.com. 
","D:\story_books\Cassandra Clare\City of Heavenly Fire (685)\cover.jpg","2025-07-04T21:18:54+05:30","epub","9781442416895","685","goodreads:8755785,barnesnoble:w/city-of-heavenly-fire-cassandra-clare/1116394309,amazon:1442416890,isbn:9781442416895","eng","story_books","2014-05-27T00:00:00+05:30","Margaret K. McElderry","4","The Mortal Instruments","6.0","1003903","Young Adult, fantasy, vampires, Romance","City of Heavenly Fire","City of Heavenly Fire","aa8b1b18-85f3-47fe-87aa-cf46baf46685"
"Clare, Cassandra","Cassandra Clare","The Mortal War is over, and sixteen-year-old Clary Fray is back home in New York, excited about all the possibilities before her. She's training to become a Shadowhunter and - most importantly of all - she can finally call Jace her boyfriend. But nothing comes without a price. Someone is murdering the Shadowhunters who used to be in Valentine's Circle, provoking tensions between Downworlders and Shadowhunters that could lead to a second, bloody war. And when Jace begins to pull away from her without explaining why, Clary is forced to delve into the heart of a mystery whose solution reveals her worst nightmare - she herself has set in motion a terrible chain of events that could lead to her losing everything she loves.
","D:\story_books\Cassandra Clare\City of Fallen Angels (686)\cover.jpg","2025-07-04T21:18:55+05:30","epub","9781442426634","686","isbn:9781442426634,amazon:1442403551,mobi-asin:17d51c76-e754-4b23-be24-2cf4a8924cc6,google:QRwpngEACAAJ","eng","story_books","2011-04-15T01:30:00+05:30","simon & Schuster","4","","1.0","737100","Juvenile Fiction, Fantasy & Magic","City of Fallen Angels","City of Fallen Angels","614fc162-4bb4-4c6a-90be-8ee03a5b9366"
"Clare, Cassandra","Cassandra Clare","","D:\story_books\Cassandra Clare\City of Lost Souls (687)\cover.jpg","2025-07-04T21:18:55+05:30","epub","9781442416888","687","isbn:9781442416888","eng","story_books","0101-01-01T05:30:00+05:30","Margaret K. McElderry Books","","","1.0","3166517","","City of Lost Souls","City of Lost Souls","15c513dd-4c90-438d-b2ff-ced59899f48c"
"Clare, Cassandra","Cassandra Clare","","D:\story_books\Cassandra Clare\City of Glass (688)\cover.jpg","2025-07-04T21:18:55+05:30","epub","","688","","","story_books","2010-02-18T18:24:44+05:30","Simon and Schuster","","","1.0","500434","","City of Glass","City of Glass","904dfdc0-4dd3-44ba-9719-1418b85817f4"
"Bones, City of","City of Bones","","D:\story_books\City of Bones\Cassandra Clare - [Mortal Instrumen (689)\cover.jpg","2025-07-04T21:18:57+05:30","epub","","689","","","story_books","2010-02-18T18:25:20+05:30","","","","1.0","433743","","Cassandra Clare - [Mortal Instruments 01]","Cassandra Clare - [Mortal Instruments 01]","a88527f6-20f9-4f17-bcf7-045e44871e27"
"Briggs, Patricia","Patricia Briggs","","D:\story_books\Patricia Briggs\Storm Cursed (A Mercy Thompson Nove (690)\cover.jpg","2025-07-04T21:18:57+05:30","epub","","690","mobi-asin:B07DMYTL6L","eng","story_books","2019-05-06T21:30:00+05:30","Penguin Publishing Group","","","1.0","387138","","Storm Cursed (A Mercy Thompson Novel)","Storm Cursed (A Mercy Thompson Novel)","899fdc0b-a579-4e1f-9391-e21ef4b70346"
"Briggs, Patricia","Patricia Briggs","","D:\story_books\Patricia Briggs\Silver Borne (691)\cover.jpg","2025-07-04T21:18:57+05:30","epub","","691","","eng","story_books","0101-01-01T05:30:00+05:30","Penguin Group USA","","","1.0","268044","","Silver Borne","Silver Borne","1a508fa5-a258-466c-9359-0d1be6ad00a6"
"Briggs, Patricia","Patricia Briggs","","D:\story_books\Patricia Briggs\Silence Fallen (692)\cover.jpg","2025-07-04T21:18:58+05:30","epub","","692","","eng","story_books","2017-03-07T13:30:00+05:30","Penguin Publishing Group","","","1.0","595627","","Silence Fallen","Silence Fallen","845cf23b-7919-4810-82d0-0c7ae1279a93"
"Briggs, Patricia","Patricia Briggs","","D:\story_books\Patricia Briggs\River Marked (693)\cover.jpg","2025-07-04T21:18:58+05:30","epub","","693","","eng","story_books","2011-01-24T00:00:00+05:30","PENGUIN group","","","1.0","555718","","River Marked","River Marked","9e3dff85-493c-4f90-ba5b-f2d545b78571"
"Briggs, Patricia","Patricia Briggs","**#1 *New York Times* bestselling author Patricia Briggs’s Mercy Thompson series has been hailed as “one of the best” ( *Fiction Vixen* ). Now, Mercy must deal with an unwanted guest—one that brings a threat unlike anything she’s ever known.**
An unexpected phone call heralds a new challenge for Mercy. Her mate Adam’s ex-wife is in trouble, on the run from a stalker. Adam isn’t the kind of man to turn away a person in need—and Mercy knows it. But with Christy holed up in Adam’s house, Mercy can’t shake the feeling that something about the situation isn’t right. 
Soon, her suspicions are confirmed when she learns that Christy has the farthest thing from good intentions. She wants Adam back and she’s willing to do whatever it takes to make it happen, including turning Adam’s pack against Mercy. 
Mercy isn’t about to step down without a fight, but there’s a more dangerous threat circling. Christy’s stalker is more than a bad man—in fact, he may not be human at all. As the bodies start piling up, Mercy must put her personal troubles aside to face a creature with the power to tear her whole world apart. 
### Review
 **PRAISE FOR THE MERCY THOMPSON NOVELS**  
  
“I love these books.”—Charlaine Harris, #1 *New York Times* bestselling author  
  
“The best new urban fantasy series I’ve read in years.”—Kelley Armstrong, #1 *New York Times* bestselling author  
  
“Outstanding.”—Charles de Lint, *Fantasy & Science Fiction*  
  
“In the increasingly crowded field of kick-ass supernatural heroines, Mercy stands out as one of the best.”— *Locus*  
  
“An excellent read with plenty of twists and turns…It left me wanting more.”—Kim Harrison, *New York Times* bestselling author  
  
“Expect to be spellbound.”—Lynn Viehl, *New York Times* bestselling author 
### About the Author
# 1 *New York Times* bestselling author **Patricia Briggs** lives in Washington State with her husband, children, and a small herd of horses.
","D:\story_books\Patricia Briggs\Night Broken (694)\cover.jpg","2025-07-04T21:18:58+05:30","epub","042525674X","694","amazon:B00DMCV7WS,goodreads:17562900,isbn:042525674X,mobi-asin:B00DMCV7WS,barnesnoble:w/night-broken-patricia-briggs/1115811804","eng","story_books","2014-03-11T10:30:00+05:30","Ace","4","Mercy Thompson","8.0","369837","fantasy, vampires, Romance, Adult","Night Broken","Night Broken","468a3456-4f19-44b7-8d0c-aa845beabd9e"
"Briggs, Patricia","Patricia Briggs","","D:\story_books\Patricia Briggs\Moon Called (695)\cover.jpg","2025-07-04T21:18:59+05:30","epub","","695","","eng","story_books","2011-10-03T17:23:37+05:30","","","","1.0","691727","","Moon Called","Moon Called","249dfd14-b624-44ae-b247-237972178759"
"Briggs, Patricia","Patricia Briggs","","D:\story_books\Patricia Briggs\Iron Kissed (696)\cover.jpg","2025-07-04T21:18:59+05:30","epub","","696","","eng","story_books","2011-03-03T06:43:39+05:30","","","","1.0","304040","","Iron Kissed","Iron Kissed","8ff63dcb-239a-43b3-8332-ebe5e809dd32"
"Briggs, Patricia","Briggs, Patricia","","D:\story_books\Briggs, Patricia\Frost Burned_ Mercy Thompson Book 7 (697)\cover.jpg","2025-07-04T21:18:59+05:30","epub","","697","mobi-asin:B0091LLCYW","eng","story_books","2013-03-05T05:30:00+05:30","Little, Brown Book Group","","","1.0","425698","","Frost Burned: Mercy Thompson Book 7","Frost Burned: Mercy Thompson Book 7","2bad13b3-9500-4952-be75-c03c63c45f40"
"Briggs, Patricia","Patricia Briggs","<b>Mercy Thompson has been hailed as ""a heroine who continues to grow and yet always remains true to herself.""* Now she's back, and she'll soon discover that when the fae stalk the human world, it's the children who suffer...</b><br> <br> Tensions between the fae and humans are coming to a head. And when coyote shapeshifter Mercy and her Alpha werewolf mate, Adam, are called upon to stop a rampaging troll, they find themselves with something that could be used to make the fae back down and forestall out-and-out war: a human child stolen long ago by the fae.<br> <br> Defying the most powerful werewolf in the country, the humans, and the fae, Mercy, Adam, and their pack choose to protect the boy no matter what the cost. But who will protect them from a boy who is fire touched?<br> <br> *<i>Library Journal</i><br><i>From the Hardcover edition.</i>","D:\story_books\Patricia Briggs\Fire Touched (698)\cover.jpg","2025-07-04T21:19:00+05:30","epub","","698","","eng","story_books","2016-02-13T17:22:37+05:30","Penguin Publishing Group","","","1.0","925797","","Fire Touched","Fire Touched","8212ce10-96cd-4c41-8d02-5fa95aeb2e58"
"Briggs, Patricia","Patricia Briggs","","D:\story_books\Patricia Briggs\Bone Crossed (699)\cover.jpg","2025-07-04T21:19:00+05:30","epub","","699","","eng","story_books","2011-10-03T17:23:24+05:30","","","","1.0","677232","","Bone Crossed","Bone Crossed","4087babb-0228-4276-8278-9b6cbcf031b0"
"Briggs, Patricia","Patricia Briggs","","D:\story_books\Patricia Briggs\Blood Bound (700)\cover.jpg","2025-07-04T21:19:00+05:30","epub","","700","","eng","story_books","2010-03-15T00:00:00+05:30","Harlequin","","","1.0","705124","","Blood Bound","Blood Bound","481bd434-ae79-461d-8a6a-40f8f26acf52"
"Briggs, Patricia","Patricia Briggs","","D:\story_books\Patricia Briggs\Smoke Bitten_ Mercy Thompson_ Book (701)\cover.jpg","2025-07-04T21:19:01+05:30","epub","9780356513584","701","mobi-asin:B07W1NYPZG,isbn:9780356513584","eng","story_books","2020-03-17T00:00:00+05:30","Little, Brown Book Group","","","1.0","412887","","Smoke Bitten: Mercy Thompson: Book 12","Smoke Bitten: Mercy Thompson: Book 12","6864e3a4-bfe1-4c77-a7db-4472ac34a2ce"
"Arthur, Keri","Keri Arthur","","D:\story_books\Keri Arthur\Wicked Wings (The Lizzie Grace Seri (702)\cover.jpg","2025-07-04T21:19:01+05:30","epub","","702","mobi-asin:B07VR6596W","eng","story_books","2019-10-07T21:30:00+05:30","KA Publishing PTY LTD","","","1.0","345380","","Wicked Wings (The Lizzie Grace Series Book 5)","Wicked Wings (The Lizzie Grace Series Book 5)","65445f74-a450-4408-b52d-b624c0831be0"
"Arthur, Keri","Keri Arthur","","D:\story_books\Keri Arthur\Magic Misled (703)\cover.jpg","2025-07-04T21:19:02+05:30","epub","","703","","eng","story_books","0101-01-01T05:30:00+05:30","","","","1.0","1049410","","Magic Misled","Magic Misled","55cb2b6f-d633-44f3-b5cb-4f3e4e9cfb4e"
"Arthur, Keri","Keri Arthur","After dealing with human hunters killing werewolves for their pelts and a heretic witch determined to claim the wild magic for his own, the last thing either Lizzie Grace or Belle Kent need is a new evil burning into town.   When Lizzie’s asked to find a missing woman, she’s well aware death awaits. What she doesn’t expect to find is a very human pile of skin next the woman’s body. Nor does she expect to be called to a murder scene that has the classic hallmarks of a vampire attack… except the bite marks don’t match any recorded vampire bite.   As the body count grows, Lizzie, Belle, and Aiden struggle to find—and stop—whoever or whatever is behind the atrocities. But there’s an even greater danger on the horizon.   The newly appointed reservation witch has arrived… and it’s someone Lizzie knows.  **","D:\story_books\Keri Arthur\Demon's Dance (704)\cover.jpg","2025-07-04T21:19:03+05:30","epub","9780648324669","704","goodreads:41588785,google:iVx_DwAAQBAJ,mobi-asin:B07LDP56CD,amazon:B07LDP56CD,barnesnoble:w/demons-dance-keri-arthur/1130015731,isbn:9780648324669","eng","story_books","2019-02-12T11:30:00+05:30","KA Publishing PTY LTD","5","The Lizzie Grace Series","4.0","337894","","Demon's Dance","Demon's Dance","c6c36323-1c76-45ae-852f-7998fb7b5e0d"
"Arthur, Keri","Keri Arthur","","D:\story_books\Keri Arthur\Hunter Hunted (The Lizzie Grace Ser (705)\cover.jpg","2025-07-04T21:19:03+05:30","epub","9780648324607","705","isbn:9780648324607,mobi-asin:B07DL7TJM6","eng","story_books","2018-08-14T00:00:00+05:30","KA Publishing PTY LTD","","","1.0","347829","","Hunter Hunted (The Lizzie Grace Series Book 3)","Hunter Hunted (The Lizzie Grace Series Book 3)","790df68a-5e5a-4463-939d-2bad6fd7d852"
"Arthur, Keri","Arthur, Keri","","D:\story_books\Arthur, Keri\Hell's Bell (706)\cover.jpg","2025-07-04T21:19:03+05:30","epub","","706","","eng","story_books","2018-01-23T00:00:00+05:30","KA Publishing PTY LTD","","","1.0","501237","","Hell’s Bell","Hell’s Bell","20f6307b-4d29-4487-a43e-2b856c030abd"
"Arthur, Keri","Keri Arthur","","D:\story_books\Keri Arthur\Blood Kissed (The Lizzie Grace Seri (707)\cover.jpg","2025-07-04T21:19:04+05:30","epub","9780648007708","707","mobi-asin:B071CDM9DR,isbn:9780648007708","eng","story_books","2017-05-09T03:30:00+05:30","","","","1.0","529825","","Blood Kissed (The Lizzie Grace Series Book 1)","Blood Kissed (The Lizzie Grace Series Book 1)","ec2bf5b5-4061-44df-bf95-bedc2647fd8d"
"Arthur, Keri","Arthur, Keri","","D:\story_books\Arthur, Keri\Deadly Vows (708)\cover.jpg","2025-07-04T21:19:04+05:30","epub","978-0-648-49737-0","708","isbn:978-0-648-49737-0","eng","story_books","2020-06-23T00:00:00+05:30","KA Publishing PTY LTD","","","1.0","489500","","Deadly Vows","Deadly Vows","a26755e0-c5ab-4d39-8d8c-ba216b8eef19"
"(v1.1), City of Ashes","City of Ashes (v1.1)","","D:\story_books\City of Ashes (v1.1)\Cassandra Clare - Mortal Instrument (709)\cover.jpg","2025-07-04T21:19:05+05:30","epub","","709","","","story_books","2010-02-18T18:23:29+05:30","","","","1.0","431834","","Cassandra Clare - Mortal Instruments 2 - City of Ashes (v1.0)","Cassandra Clare - Mortal Instruments 2 - City of Ashes (v1.0)","8e423e76-d8f8-4ffb-9f33-b9a82aaf16d8"
"Hall, Linsey","linsey hall","","D:\story_books\linsey hall\Dragon's Gift_ The Seeker Complete (710)\cover.jpg","2025-07-04T21:19:05+05:30","epub","9781942085638","710","isbn:9781942085638","eng","story_books","2018-04-02T03:30:00+05:30","Bonnie Doon Press","","Dragon's Gift: The Seeker Complete Series","0.0","931497","","Dragon’s Gift: The Seeker Complete Series","Dragon’s Gift: The Seeker Complete Series","2499938e-1be1-4f6d-bb63-9455277efac9"
"Hall, Linsey","linsey hall","","D:\story_books\linsey hall\Complete Series_ An Urban Fantasy B (711)\cover.jpg","2025-07-04T21:19:05+05:30","epub","9781942085904","711","mobi-asin:B071JKS1B2,isbn:9781942085904","eng","story_books","2017-06-03T03:30:00+05:30","Bonnie Doon Press","","Dragon's Gift: The Huntress","0.0","896228","","Complete Series: An Urban Fantasy Boxed Set","Complete Series: An Urban Fantasy Boxed Set","4566f1cc-7993-4f32-a5b7-e077b0966132"
"Breene, K.F.","K.F. Breene","","D:\story_books\K.F. Breene\Magical Midlife Invasion_ A Paranor (712)\cover.jpg","2025-07-04T21:19:06+05:30","epub","","712","mobi-asin:B08F967LR3","eng","story_books","2020-11-16T21:30:00+05:30","","","","1.0","460413","","Magical Midlife Invasion: A Paranormal Women's Fiction Novel (Leveling Up Book 3)","Magical Midlife Invasion: A Paranormal Women's Fiction Novel (Leveling Up Book 3)","89ccb32b-4f95-41fb-b97f-96f6ccc9ba34"
"Breene, K.F.","K.F. Breene","","D:\story_books\K.F. Breene\Magical Midlife Madness_ A Paranorm (713)\cover.jpg","2025-07-04T21:19:06+05:30","epub","","713","mobi-asin:B084VTC2P3","eng","story_books","2020-02-15T21:30:00+05:30","","","","1.0","587705","","Magical Midlife Madness: A Paranormal Women's Fiction Novel (Leveling Up Book 1)","Magical Midlife Madness: A Paranormal Women's Fiction Novel (Leveling Up Book 1)","7175739a-d8f5-4de8-86fd-544048578f23"
"Breene, K.F.","K.F. Breene","","D:\story_books\K.F. Breene\Magical Midlife Love_ A Paranormal (714)\cover.jpg","2025-07-04T21:19:07+05:30","epub","","714","mobi-asin:B08MVFN19Z","eng","story_books","2021-02-22T21:30:00+05:30","","","","1.0","535158","","Magical Midlife Love: A Paranormal Women's Fiction Novel (Leveling Up Book 4)","Magical Midlife Love: A Paranormal Women's Fiction Novel (Leveling Up Book 4)","5f05e18a-4912-4a88-b8a4-8f3d714813bf"
"Breene, K.F.","K.F. Breene","","D:\story_books\K.F. Breene\Magical Midlife Dating_ A Paranorma (715)\cover.jpg","2025-07-04T21:19:07+05:30","epub","","715","mobi-asin:B084T9XHSB","eng","story_books","2020-08-10T21:30:00+05:30","","","","1.0","444536","","Magical Midlife Dating: A Paranormal Women's Fiction Novel (Leveling Up Book 2)","Magical Midlife Dating: A Paranormal Women's Fiction Novel (Leveling Up Book 2)","0e19d4af-741e-4340-8be6-a051d519de3a"
"Paul C. Middleton","Paul C. Middleton","","D:\story_books\Paul C. Middleton\Retaliation (716)\cover.jpg","2025-07-04T21:19:09+05:30","epub","","716","mobi-asin:B01KANN9YU","eng","story_books","2016-08-11T03:30:00+05:30","LNBPM","","","1.0","266923","","Retaliation","Retaliation","60d37c45-0dc8-4900-8907-17dd2eb8f217"
"Paul C. Middleton","Paul C. Middleton","","D:\story_books\Paul C. Middleton\Evacuation (717)\cover.jpg","2025-07-04T21:19:09+05:30","epub","","717","mobi-asin:B01IH4V6V2","eng","story_books","2016-07-14T11:30:00+05:30","LNBPM","","","1.0","149217","","Evacuation","Evacuation","f241f01d-f5db-4504-90e2-bb80bd199ac5"
"Middleton, Paul C. & Anderle, Michael","Paul C. Middleton & Michael Anderle","","D:\story_books\Paul C. Middleton\Revelations (718)\cover.jpg","2025-07-04T21:19:09+05:30","epub","","718","mobi-asin:B01N9OEX8T","eng","story_books","2017-01-04T12:30:00+05:30","","","Boris Chronicles","3.0","384376","","Revelations","Revelations","e870c7b0-cc61-4ada-ab79-56e9326da58c"
"Andrews, Ilona","Ilona Andrews","When the magic is up, rogue mages cast their spells and monsters appear, while guns refuse to fire and cars fail to start. But then technology returns, and the magic recedes as unpredictably as it arose, leaving all kinds of paranormal problems in its wake.  

Kate Daniels is a down-on-her-luck mercenary who makes her living cleaning up these magical problems. But when Kate's guardian is murdered, her quest for justice draws her into a power struggle between two strong factions within Atlanta's magic circles.  

The Masters of the Dead, necromancers who can control vampires, and the Pack, a paramilitary clan of shapechangers, blame each other for a series of bizarre killings—and the death of Kate's guardian may be part of the same mystery. Pressured by both sides to find the killer, Kate realizes she's way out of her league—but she wouldn't have it any other way…
  

 **About the Author**
Ilona Andrews is the pseudonym for a husband-and-wife writing team. Together, they are the coauthors of the #1 *New York Times *bestselling Kate Daniels urban-fantasy series, including *Magic Rises*, *Magic Slays*, and *Magic Bleeds *and the romantic urban-fantasy novels of the Edge, including *Steel's Edge*, *Fate's Edge*, and *Bayou Moon*. They currently reside in Texas with their two children and numerous pets.
","D:\story_books\Ilona Andrews\Magic Bites (719)\cover.jpg","2025-07-04T21:19:10+05:30","epub","9780425264201","719","amazon:0441014895,barnesnoble:w/magic-bites-ilona-andrews/1100309595,ff:a/ilona-andrews/magic-bites,goodreads:38619,isbn:9780425264201","eng","story_books","2006-12-31T21:30:00+05:30","Ace","","","1.0","286964","Urban","Magic Bites","Magic Bites","4f6a7dea-bc49-4750-b2c3-a643cbf9a47a"
"Andrews, Ilona","Ilona Andrews","","D:\story_books\Ilona Andrews\Magic Burns (720)\cover.jpg","2025-07-04T21:19:10+05:30","epub","","720","","","story_books","2009-04-24T02:02:02+05:30","","","Kate Daniels","2.0","294845","fantasy","Magic Burns","Magic Burns","af9b45b9-3904-4550-93b8-8abd4ea72753"
"Ilona Andrews","Ilona Andrews","Mercenary Kate Daniels knows all too well that magic in post-Shift Atlanta is a dangerous business. But nothing she's faced could have prepared her for this... Kate and the former Beast Lord Curran Lennart are finally making their relationship official. But there are some steep obstacles standing in the way of their walk to the altar... Kate's father, Roland, has kidnapped the demigod Saiman and is slowly bleeding him dry in his never-ending bid for power. A Witch Oracle has predicted that if Kate marries the man she loves, Atlanta will burn and she will lose him forever. And the only person Kate can ask for help is long dead. The odds are impossible. The future is grim. But Kate Daniels has never been one to play by the rules...
","D:\story_books\Ilona Andrews\[KATE DANIELS 12] Magic Binds (721)\cover.jpg","2025-07-04T21:19:11+05:30","epub","","721","","eng","story_books","2016-09-06T15:24:12+05:30","Penguin Publishing Group","","","1.0","464772","","[KATE DANIELS 12] Magic Binds","[KATE DANIELS 12] Magic Binds","7b0cfd7c-97e3-4c6f-9190-1afce891963b"
"Andrews, Ilona","Ilona Andrews","","D:\story_books\Ilona Andrews\Magic Triumphs (Kate Daniels) (722)\cover.jpg","2025-07-04T21:19:11+05:30","epub","","722","mobi-asin:B074S38GG1","eng","story_books","2018-08-27T21:30:00+05:30","Penguin Publishing Group","","","1.0","412181","","Magic Triumphs (Kate Daniels)","Magic Triumphs (Kate Daniels)","f69d028a-703d-4092-9da1-450819f59e6e"
"Andrews, Ilona","Ilona Andrews","BOOK DESCRIPTION:
******The stories in this anthology have been previously published******
******
Now collected for the first time, an irresistible compilation of five previously published stories by the bestselling author of the Kate Daniels series; including Kate’s very first meeting with Saiman, some related adventures, and two unforgettable ‘outside’ excursions. 
****
**A QUESTIONABLE CLIENT** –
In this ‘intro’ to the Kate Daniels world, we meet the extremely ‘shifty’ Saiman for the very first time, when Kate takes on the task of serving as his bodyguard to protect him from some very determined—and dangerous—Russian wizards. 
**RETRIBUTION CLAUSE** – ****
Saiman’s cousin, Adam—a frost giant and *also* an insurance adjuster—and his enigmatic partner, Siroun, set out on an impossible mission to enforce a client’s Retribution Clause; that is, to kill the person who killed her. But is their target even guilty? Magic and mayhem and a little personal chemistry will reveal the truth!
**OF SWINE AND ROSES** **–** **
A young adult story about a girl, a pig, some magic, and the worst date ever.
Chad Thurman is a thug, who carries brass knuckles in both pockets and lays magic traps for intruders into ""his"" neighborhood. The last thing Alena Kornov wants to do is to go on the date with him. But when her family pressures her, she can't say no. Now the ice-cream is absent, the pig is running for its life, and we won't even mention the dead guy...
**GRACE OF SMALL MAGICS –**
Grace has always known she wasn’t like everyone else and that her family has magic abilities. After flying to meet the head of Clan Dreoch in order to fulfill her families’ “duties” as servants, Grace finds herself in the middle of a mage clan war…
**MAGIC TESTS** **–**
A short story in the Kate Daniels universe. Kate recruits her teenage ward, Julie, to search out a missing student whose location spell has her hidden somewhere on campus…
ABOUT THE AUTHOR:
“ ** *Ilona Andrews*** ” is the pseudonym for a husband-and-wife writing team. Ilona is a native-born Russian and Gordon is a former communications sergeant in the U.S. Army. Contrary to popular belief, Gordon was never an intelligence officer with a license to kill, and Ilona was never the mysterious Russian spy who seduced him. They met in college, in English Composition 101, where Ilona got a better grade. (Gordon is still sore about that.)
Gordon and Ilona currently reside in Texas with their two children and many dogs and cats.
They have co-authored two NYT and USAT bestselling series, the urban fantasy of *Kate Daniels* and romantic urban fantasy of *The Edge* and working on the next volumes for both.
","D:\story_books\Ilona Andrews\Small Magics (723)\cover.jpg","2025-07-04T21:19:11+05:30","epub","9781943772254","723","mobi-asin:B015JNEOEK,isbn:9781943772254","eng","story_books","2015-09-17T10:30:00+05:30","NYLA","","","1.0","363402","Romance, Science Fiction & Fantasy, shapeshifters, Paranormal, Anthology, witches & magic, Ilona Andrews, paranormal romance, Magic, urban fantasy, Kate Daniels World, fantasy, urban paranormal fantasy, Kindle short reads","Small Magics","Small Magics","047bc1b2-3b80-42bb-807a-45e83c3abcaf"
"Ilona Andrews","Ilona Andrews","From award-winning author, Ilona Andrews comes an original novella, set in the *New York Times* #1 bestselling Kate Daniels World and featuring fan-favorites, Derek, and Curran and Kate’s very independent ward, Julie.
Scarred, solitary Derek Gaunt has separated from his Pack, and is truly a lone wolf. With no family he answers to no one; but is fiercely loyal to a chosen few. So, when several of those close to him are murdered, he’ll stop at nothing to hunt their killer through the magic-drenched streets of Atlanta.
Never one to be left on the sidelines, equally determined--some might say stubborn--Julie Lennart-Olsen soon joins in his pursuit; and what began as revenge turns into a race to save the city. Their search pits them against powers they never imagined and magic so old, it predates history. It may cost Derek his life, but there are things for which even he would risk everything.
","D:\story_books\Ilona Andrews\[KATE DANIELS] Magic Stars (724)\cover.jpg","2025-07-04T21:19:11+05:30","epub","9781943772384","724","isbn:9781943772384,mobi-asin:B0195PXDNQ","eng","story_books","2015-12-08T10:30:00+05:30","NYLA","","","1.0","335999","","[KATE DANIELS] Magic Stars","[KATE DANIELS] Magic Stars","e7504f64-55d5-4067-b731-389a6e432228"
"Ilona Andrews","Ilona Andrews","Atlanta's paranormal communities are on the brink of destruction...but one thing is certain: where there's a fire...Kate Daniels will be lighting her own match...
  

Now that she's official mate of the Beast Lord, Curran, former mercenary, Knight of the Order of Merciful Protection, world class swordswoman and professional smart-mouth Kate Daniels has way too much on her plate. Besides her own investigative business, she now shoulders the responsibilities of Atlanta's large and unruly Pack...whose prominence has generated it's own special problem by catching the attention of Roland, an ancient and godlike wielder of magic, whose powers are as devastating as his cruelty. 
  

A deadly, epic confrontation is inevitable; the mysterious death of one of the Masters of the Dead during a Conclave of all the supernatural forces of Atlanta adds further tension to an already explosive situation. Now Kate must expose the killer AND prepare for the mayhem about to ensue; knowing that Roland's attention will be especially focused on her - and those closest to her!
","D:\story_books\Ilona Andrews\[KATE DANIELS 10] Magic Breaks (725)\cover.jpg","2025-07-04T21:19:12+05:30","epub","9780425256220","725","amazon:0425256227,barnesnoble:w/magic-breaks-ilona-andrews/1117225069,goodreads:12119529,isbn:9780425256220","eng","story_books","2014-07-28T21:30:00+05:30","Ace Hardcover","","","1.0","564310","","[KATE DANIELS 10] Magic Breaks","[KATE DANIELS 10] Magic Breaks","59eac15f-32dc-44c3-9098-674627f57f19"
"Ilona Andrews","Ilona Andrews","After breaking from life with the Pack, mercenary Kate Daniels and her mate—former Beast Lord Curran Lennart—are adjusting to a very different pace. While they’re thrilled to escape all the infighting, Curran misses the constant challenges of leading the shapeshifters.
So when the Pack offers him its stake in the Mercenary Guild, Curran seizes the opportunity—too bad the Guild wants nothing to do with him and Kate. Luckily, as a veteran merc, Kate can take over any of the Guild’s unfinished jobs in order to bring in money and build their reputation. But what Kate and Curran don’t realize is that the odd jobs they’ve been working are all connected. 
An ancient enemy has arisen, and Kate and Curran are the only ones who can stop it—before it takes their city apart piece by piece…
","D:\story_books\Ilona Andrews\[KATE DANIELS 11] Magic Shifts (726)\cover.jpg","2025-07-04T21:19:12+05:30","epub","","726","","eng","story_books","2015-08-02T21:30:00+05:30","Ace","","","1.0","489139","","[KATE DANIELS 11] Magic Shifts","[KATE DANIELS 11] Magic Shifts","cc64596b-f8a0-4319-b1ca-39ca3c3a5ba9"
"Andrews, Ilona","Ilona Andrews","<b>Ilona Andrews&#8212;#1 <i>New York Times </i>bestselling author of <i>Magic Shifts</i>&#8212;once again pulls readers into the dark and dangerous world of the Kate Daniels novels...</b><br>Shapeshifting tigress Dali Harimau may be a powerful healer and magic user, but she's far from what might be called ""normal"". She dislikes the violence and bloodshed that are a way of life for most of her kind, even going so far as to become a vegetarian. The last thing she wants is trouble...<br>Jim Shrapshire is an original, hardcore badass. A jaguar shifter, he's been tasked with keeping Atlanta's Cat Clan in line, which he does with swift and lethal force when necessary. His only soft spot is for the petite Dali, whose kindness he calls upon when he is injured.<br>When Dali is approached by a desperate woman whose grandmother has vanished, Jim is concerned enough to help investigate. But what they find may just be the end of them&#8212;an enemy whose skill in the dark arts is matched only...","D:\story_books\Ilona Andrews\Magic Steals (727)\cover.jpg","2025-07-04T21:19:14+05:30","epub","","727","","eng","story_books","2016-07-15T16:46:44+05:30","Penguin Publishing Group","","","1.0","418160","","Magic Steals","Magic Steals","04cd05d5-6ade-4e41-be80-80eddda212c9"
"Ilona Andrews & Jim Butcher & Carrie Vaughn","Ilona Andrews & Jim Butcher & Carrie Vaughn","Fall under the intoxicating spell of their hex appeal.... In the magical world that lies hidden beneath our own, witches and conjurers play deadly games. They know just the right spell to kill a man with one kiss-or raise him back again. And they're not afraid to exact sweet revenge on those who dare to cross them. But what if you're the unlucky soul who falls victim to a conjurer's curse? And if you had the power to cast a magic spell of your own, would you use it? 
In this bewitching collection, nine of today's hottest paranormal authors tell all-new, otherworldly tales. Spellbinding stories featuring bigfoot, albino vampires, professional wizards, resurrected boyfriends, and even a sex droid from the 23rd century named Silicon Lily. But as our conjurers are about to discover, it's all fun and games until someone gets hexed. And sometimes, even the best spun spells can lead to complete and utter mayhem.
","D:\story_books\Ilona Andrews\[KATE DANIELS] Hex Appeal (Retribut (728)\cover.jpg","2025-07-04T21:19:14+05:30","epub","9781466802599","728","isbn:9781466802599","eng","story_books","2012-06-01T21:30:00+05:30","St Martin's Griffin","","","1.0","533266","","[KATE DANIELS] Hex Appeal (Retribution Clause)","[KATE DANIELS] Hex Appeal (Retribution Clause)","9a67a7ee-3b60-4c96-85d9-dc3499f5a60e"
"Ilona Andrews","Ilona Andrews","It's a volatile world: waves of magic and technology fight and feed off each other, monsters prowl the streets, werebears, cats, hyenas stalk their prey, and Masters of the Dead 'pilot' blood-starved vampires with their minds.
  

In Atlanta, lives Kate Daniels, former mercenary, Knight of the Order of Merciful Protection, world class swordswoman and smart-mouth, and - recently - mate to Curran, the Beast Lord of Atlanta's Pack. His problems are now hers, and this one is particularly heartrending - many of the Pack's shapeshifting children can't control their beast nature and are doomed to perish. 
  

A medicine can help - but it's controlled by the European shapeshifters, who've proposed a devil's bargain to Kate and Curran: In return for the medicine, they must arbitrate a thorny dispute...which promises to send them straight into a deadly trap.
","D:\story_books\Ilona Andrews\[KATE DANIELS 09] Magic Rises (729)\cover.jpg","2025-07-04T21:19:14+05:30","epub","","729","","eng","story_books","2013-07-29T21:30:00+05:30","Penguin Group US","","","1.0","627507","","[KATE DANIELS 09] Magic Rises","[KATE DANIELS 09] Magic Rises","63c5d9e6-be8e-4ed1-b1f3-f82e5c4c8997"
"Andrews, Ilona","Ilona Andrews","A dinner date after a hard day at work sounds heavenly. Of course, when that date is between the Beast Lord and Kate Daniels, things don't go as planned. Before you know it, undead are running amok, heads are being chopped off, lawyers are deployed and used with extereme prejudice, and drunk vikings are calling people out.
Read at your own risk.
","D:\story_books\Ilona Andrews\Magic Gifts (730)\cover.jpg","2025-07-04T21:19:15+05:30","epub","","730","","eng","story_books","2011-12-27T09:39:20+05:30","","","","1.0","178599","","Magic Gifts","Magic Gifts","890e44cd-95af-4668-919d-117856cb79b3"
"Ilona Andrews","Ilona Andrews","From New York Times bestselling author Ilona Andrews comes a tale of darkness, desire, and werecats.   

Alpha Pack leader Jim Shrapshire has always been the strong, silent type. But something has come over him--a magic force currently residing in one of the Pack's headquarters. Were-tigress Dali Harimau has always wished she could get Jim's attention--but now he needs her help.   

Stricken with a magic-sickness, Jim needs Dali's flair for magic. And to save him, she must challenge a powerful, dark being to a battle of wits.
","D:\story_books\Ilona Andrews\[KATE DANIELS 06] Magic Dreams (731)\cover.jpg","2025-07-04T21:19:15+05:30","epub","9781101592557","731","isbn:9781101592557","eng","story_books","2012-06-25T21:30:00+05:30","Ace","","","1.0","159221","","[KATE DANIELS 06] Magic Dreams","[KATE DANIELS 06] Magic Dreams","2b376c31-8748-4f1a-90e4-c7f3efd0db01"
"Ilona Andrews & Charlaine Harris &  Mike Carey","Ilona Andrews & Charlaine Harris & Mike Carey","What could be scarier than the first day of school? How about a crash course in the paranormal from Charlaine Harris and Toni L. P. Kelner, editors of Home Improvement: Undead Edition? Your worst school nightmares—taking that math test you never studied for, finding yourself naked in school assembly, not knowing which door to enter—will pale in comparison to these thirteen original stories that take academic anxiety to whole new realms.
  

In #1 New York Times bestselling author Charlaine Harris’s story, ""Playing Possum,"" Sookie Stackhouse brings enough birthday cupcakes for her nephew's entire class but finds she's one short when the angry ex-boyfriend of the school secretary shows up.
  

When her guardian, Kate Daniels, sends her undercover to a school for exceptional children, teenaged Julie learns an all-new definition of ""exceptional,"" in New York Times bestselling author Ilona Andrews's ""Magic Tests.""
  

For those who like fangs with their forensics, New York Times bestselling author Nancy Holder offers ""VSI,"" in which FBI agent Claire is tested as never before in a school for Vampire Scene Investigation.
  

And in New York Times bestselling author Thomas Sniegoski's ""The Bad Hour,"" Remy Chandler and his dog Marlowe find evil unleashed in an obedience school.
  

You'll need more than an apple to stave off the creatures in these and nine other stories. Remember your first lesson: resistance is fruitless!
","D:\story_books\Ilona Andrews\[KATE DANIELS] An Apple for the Cre (732)\cover.jpg","2025-07-04T21:19:16+05:30","epub","","732","","eng","story_books","2012-09-04T09:30:00+05:30","PENGUIN group","","","1.0","1000502","","[KATE DANIELS] An Apple for the Creature (Magic Tests)","[KATE DANIELS] An Apple for the Creature (Magic Tests)","dc1b616f-1504-40b7-b185-8d58dd0d96fb"
"Ilona Andrews","Ilona Andrews","### 
### 
### She may have left the Order of the Knights of Merciful Aid; she may (finally) be officially mated to the Beast Lord - but she still has her attack poodle, Grendel, and 'shoot first, ask questions later' Andrea in her corner...and in Kate Daniel's magic-blasted Atlanta, the mayhem always remains the same. 
### Work has been slow at Kate's new business, but things get messy quickly when a rogue vampire shows up on Kate's doorstep and Ghastek, Atlanta's premier Master of the Dead, presents a little problem: his handlers have mysteriously been losing control, and this is not an isolated incident. Almost immediately another tricky case lands in her lap, courtesy of a furtive visit from an elite member of the Red Guard, who needs her help finding a kidnapped scientist and the mysterious device he's been working on. Oh, and something is eating magic wards. 
###   

### As Kate dives into action, she discovers that she may be at the beginning of The End; and that Atlanta is sure to be destroyed if she can't connect the right dots, and stop a powerful - and vengeful - group determined to wipe out the entire magic community.
","D:\story_books\Ilona Andrews\[KATE DANIELS 07] Magic Slays (733)\cover.jpg","2025-07-04T21:19:16+05:30","epub","9780441020423","733","isbn:9780441020423","eng","story_books","2011-05-30T21:30:00+05:30","Ace","","","1.0","907927","","[KATE DANIELS 07] Magic Slays","[KATE DANIELS 07] Magic Slays","a82f1f1e-dbab-4c5b-b3aa-a4ed57f42b71"
"Andrews, Ilona","Ilona Andrews","","D:\story_books\Ilona Andrews\Magic Strikes (734)\cover.jpg","2025-07-04T21:19:16+05:30","epub","","734","","eng","story_books","2011-01-31T04:17:33+05:30","","","","1.0","558903","","Magic Strikes","Magic Strikes","21325020-3247-4e8f-a5cf-0128db42c16a"
"Ilona Andrews","Ilona Andrews","Andrea Nash of the Order of Knights of Merciful Aid - with an assist from her partner, Kate Daniels - tries to figure out why the giant three-headed dog who guards the gates of Hades is sniffing around Atlanta.
","D:\story_books\Ilona Andrews\[KATE DANIELS 04] Magic Mourns (735)\cover.jpg","2025-07-04T21:19:17+05:30","epub","","735","","eng","story_books","0101-01-01T05:30:00+05:30","","","","1.0","695429","","[KATE DANIELS 04] Magic Mourns","[KATE DANIELS 04] Magic Mourns","e1cb7d01-433c-4b33-8b8d-2d6cb683a965"
"Ilona Andrews","Ilona Andrews","","D:\story_books\Ilona Andrews\[KATE DANIELS 05] Magic Bleeds (736)\cover.jpg","2025-07-04T21:19:17+05:30","epub","","736","","eng","story_books","2011-03-26T21:30:00+05:30","","","","1.0","964696","","[KATE DANIELS 05] Magic Bleeds","[KATE DANIELS 05] Magic Bleeds","672d9c50-8cef-4f9e-b8e4-8920e899a025"
"Ilona Andrews & Jeaniene Frost","Ilona Andrews & Jeaniene Frost","Jeaniene Frost's story, One for the Money, features vampires Cat and Bones trying to protect a spoiled heiress with a price on her head and an undead hitman on her trail. Previously published in Death's Excellent Vacation. Also includes the first three chapters from Jeaniene's story in The Bite Before Christmas anthology, as well as a sneak peek at ONCE BURNED, the first novel in the new Night Prince series. 
Ilona Andrews' story, A Questionable Client, is a prequel to her award-winning Kate Daniels series. In a world beset by magic waves, Kate Daniels works as a mercenary. She is tired, hungry, and there is foul-smelling blood on her boots. All she wants to do is to go home, but when Mercenary Guild offers her a job she can't refuse, she finds herself protecting a man against Russian wizards. Previously published in Dark and Stormy Knights. Also includes first two chapters of FATE'S EDGE, book 3 in the Edge series, and first two chapters of Magic Grieves, a Kate Daniels novella.
","D:\story_books\Ilona Andrews\[KATE DANIELS 00] Magic Graves (A Q (737)\cover.jpg","2025-07-04T21:19:17+05:30","epub","","737","uri:urn:uuid:fbd-6bdb5c-3460-4d49-d098-4689-5ab7-0c1a4a","eng","story_books","0101-01-01T05:30:00+05:30","","","","1.0","1178811","","[KATE DANIELS 00] Magic Graves (A Questionable Client)","[KATE DANIELS 00] Magic Graves (A Questionable Client)","24aa8879-ca5b-424c-82e5-441f41ac9f55"
"Hunter, Faith","Faith Hunter","**Jane Yellowrock must dig deep and find strength within herself if she is to survive in the latest novel in this** New York Times **bestselling series.** Jane Yellowrock is vampire-killer-for-hire, but her last battle with an ancient arcane enemy has brought her low. She seeks retreat in the Appalachian Mountains to grieve the loss of her friends, and to heal—or to die—from the disease brought on by her magic. But malevolent elements in the paranormal community still seek to destroy Jane, and a terrifying foe stalks her, even into the safety of the hills. With nowhere to run and her body failing, the rogue-vampire hunter and her inner Beast must discover a way to defeat this new threat, and find a form that gives her a chance to fight another day.
","D:\story_books\Faith Hunter\Shattered Bonds (738)\cover.jpg","2025-07-04T21:19:18+05:30","epub","","738","mobi-asin:B07NCR7CKX","eng","story_books","2019-10-28T21:30:00+05:30","Penguin Publishing Group","","","1.0","455361","","Shattered Bonds","Shattered Bonds","c427e65f-447d-412d-97da-1a627b978260"
"Hunter, Faith","Faith Hunter","SUMMARY: First in a brand new series from the author of the rogue mage novels Jane Yellowrock is the last of her kinda skinwalker of Cherokee descent who can turn into any creature she desires and hunts vampires for a living. But now shes been hired by Katherine Fontaneau, one of the oldest vampires in New Orleans and the madam of Katies Ladies, to hunt a powerful rogue vampire whos killing other vamps...","D:\story_books\Faith Hunter\Skinwalker (739)\cover.jpg","2025-07-04T21:19:18+05:30","epub","9780451462800","739","isbn:9780451462800","eng","story_books","2009-07-07T04:30:00+05:30","Roc","","Yellowrock","1.0","461140","","Skinwalker","Skinwalker","b048a861-0d33-4c6f-be38-4afede7029af"
"Hunter, Faith","Faith Hunter","","D:\story_books\Faith Hunter\Raven Cursed (740)\cover.jpg","2025-07-04T21:19:19+05:30","epub","9781101559505","740","isbn:9781101559505","eng","story_books","2012-01-03T08:30:00+05:30","PENGUIN group","","","1.0","525316","","Raven Cursed","Raven Cursed","ec0b917d-436e-4995-8f80-7926ee7e68ca"
"Hunter, Faith","Hunter, Faith","","D:\story_books\Hunter, Faith\Shadow Rites_ A Jane Yellowrock Nov (741)\cover.jpg","2025-07-04T21:19:19+05:30","epub","","741","mobi-asin:B011IUSRVY","eng","story_books","2016-04-05T09:30:00+05:30","Penguin Publishing Group","","","1.0","698567","","Shadow Rites: A Jane Yellowrock Novel","Shadow Rites: A Jane Yellowrock Novel","01084be8-a37b-49a9-a2ba-990a90bfd581"
"Hunter, Faith","Faith Hunter","### Review
""Hunter's very professionally executed, tasty blend of dark fantasy, mystery, and romance should please fans of all genres"" --BOOKLIST 
### Product Description
Jane Yellowrock, a shape-shifting rogue-vampire hunter-for-hire, is now taking blood money from the very vamps she used to hunt. But things start heating up in the Big Easy when weres announce their existence to the world, and revive the bitter tensions that run between them and their old enemies--vampires. Jane finds herself caught in the crossfire. 
","D:\story_books\Faith Hunter\Mercy Blade (742)\cover.jpg","2025-07-04T21:19:20+05:30","epub","9780451463722","742","isbn:9780451463722","eng","story_books","2011-01-04T05:30:00+05:30","Penguin Group USA","4","","1.0","575363","vampires, fantasy, Fantasy fiction, New Orleans (La.), General, Werewolves, Supernatural, Shapeshifting, Occult fiction, Fiction","Mercy Blade","Mercy Blade","39556afe-7f2e-4391-b5e8-1b9071c76df3"
"Hunter, Faith","Faith Hunter","<b>Jane Yellowrock used to hunt vampires, but now she must fight&#8212;and win&#8212;beside them.</b><br>As Enforcer to the vampire Master of the City of New Orleans, Jane Yellowrock stakes her reputation and her life on keeping her territory safe. But Leo has been issued a blood challenge by the emperor of the European vampires, who seeks to usurp all of his power and possessions. If Leo loses the match to the death, the city will be forfeit, and the people of New Orleans will suffer the consequences. Jane can't let that happen.<br>Preparing for the duel requires all of Jane's focus, but with so much supernatural power in play, nothing goes according to plan. She has to rely on herself and the very few people she knows she can trust to stand and fight. Only two things are guaranteed: nothing is sacred, and no one is safe.","D:\story_books\Faith Hunter\Dark Queen (743)\cover.jpg","2025-07-04T21:19:20+05:30","epub","","743","","eng","story_books","2018-05-02T05:30:00+05:30","Penguin Publishing Group","","","1.0","1195018","","Dark Queen","Dark Queen","a6081afc-7ed5-4e1e-a248-7c60569ce542"
"Hunter, Faith","Faith Hunter","","D:\story_books\Faith Hunter\Death's Rival (744)\cover.jpg","2025-07-04T21:19:21+05:30","epub","9781101596548","744","isbn:9781101596548","eng","story_books","2012-09-17T00:00:00+05:30","Penguin Group, USA","","","1.0","1539938","","Death's Rival","Death's Rival","d79c7944-d10d-4678-9b32-193150b23f71"
"Hunter, Faith","Faith Hunter","**Shapeshifting skinwalker Jane Yellowrock is the best in the business when it comes to slaying vampires. But her latest fanged foe may be above her pay grade…**
For centuries, the extremely powerful and ruthless vampire witches of the European Council have wandered the Earth, controlling governments, fostering war, creating political conflict, and often leaving absolute destruction in their wake. One of the strongest of them is set to create some havoc in the city of New Orleans, and it’s definitely personal. 
Jane is tasked with tracking him down. With the help of a tech wiz and an ex-Army ranger, her partners in Yellowrock Securities, she’ll have to put everything on the line, and hope it’s enough. Things are about to get real hard in the Big Easy.
","D:\story_books\Faith Hunter\Dark Heir (745)\cover.jpg","2025-07-04T21:19:21+05:30","epub","9780451465962","745","amazon:B00MNN7GY0,goodreads:22584974,isbn:9780451465962,barnesnoble:w/dark-heir-faith-hunter/1120331909","eng","story_books","2015-04-06T00:00:00+05:30","Roc","5","Jane Yellowrock","9.0","532210","vampires, fantasy","Dark Heir","Dark Heir","b57bac3f-a5f6-4bc2-9a11-4c6b9a860720"
"Hunter, Faith","Faith Hunter","","D:\story_books\Faith Hunter\Cold Reign (746)\cover.jpg","2025-07-04T21:19:21+05:30","epub","","746","","eng","story_books","2017-05-02T12:30:00+05:30","Penguin Publishing Group","","","1.0","1161351","","Cold Reign","Cold Reign","14f5f4bb-9682-4dfb-857f-18626cb6a643"
"Hunter, Faith","Faith Hunter","**Jane Yellowrock is a vampire killer for hire—but other creatures of the night still need to watch their backs....**
When the Master of the city of New Orleans asks Jane to improve security for a future visit from a delegation of European vampires, she names an exorbitant price—and Leo is willing to pay. That’s because the European vamps want Leo’s territory, and he knows that he needs Jane to prevent a total bloodbath. Leo, however, doesn’t mention how this new job will change Jane’s life or the danger it will bring her and her team. 
Jane has more to worry about than some greedy vampires. There’s a vicious creature stalking the streets of New Orleans, and its agenda seems to be ripping Leo and her to pieces. Now Jane just has to figure out how to kill something she can’t even see…. 
","D:\story_books\Faith Hunter\Broken Soul_ A Jane Yellowrock Nove (747)\cover.jpg","2025-07-04T21:19:22+05:30","epub","0451465954","747","mobi-asin:B00ISEF6C2,amazon:B00ISEF6C2,isbn:0451465954","eng","story_books","2014-10-07T11:30:00+05:30","Roc","5","","1.0","623888","Literature & Fiction, Science Fiction & Fantasy, fantasy, Paranormal & Urban","Broken Soul: A Jane Yellowrock Novel","Broken Soul: A Jane Yellowrock Novel","b2084c58-6f7e-4927-a971-f250b7c83a63"
"Hunter, Faith","Hunter, Faith","","D:\story_books\Hunter, Faith\Blood Trade_ A Jane Yellowrock Nove (748)\cover.jpg","2025-07-04T21:19:22+05:30","epub","","748","","eng","story_books","2013-04-02T09:30:00+05:30","Penguin Group US","","","1.0","634386","","Blood Trade: A Jane Yellowrock Novel","Blood Trade: A Jane Yellowrock Novel","ac213d13-02ff-4732-a954-1d4fa6f3ccdc"
"Hunter, Faith","Faith Hunter","SUMMARY: Jane Yellowrock is back on the prowl against the children of the night... The vampire council has hired skinwalker Jane Yellowrock to hunt and kill one of their own who has broken sacred ancient rules-but Jane quickly realizes that in a community that is thousands of years old, loyalties run deep...
### From
In the second Jane Yellowrock caper, New Orleans’ vampire council has hired the Cherokee-descended shapeshifter to hunt and kill a rogue who is unleashing young, insane vampires on humans, which is against the vampire code. But loyalties run deeper than law among the undead, and one local vampire VIP has a grudge against Jane for destroying his son. Jane gets into a complicated stew involving human and vampire rivalries, the ancient vampire-witch conflict, the New Orleans police, and her need to balance her beast and human natures. What with puzzles, chases (including a climactic one to rescue children), lots of blood, and some explicit sex, count on this to please thriller and dark romance fans alike. --Frieda Murray 
### Product Description
 **Jane Yellowrock is back on the prowl against the children of the night...**
The vampire council has hired skinwalker Jane Yellowrock to hunt and kill one of their own who has broken sacred ancient rules-but Jane quickly realizes that in a community that is thousands of years old, loyalties run deep... 
","D:\story_books\Faith Hunter\Blood Cross (749)\cover.jpg","2025-07-04T21:19:22+05:30","epub","9780451463074","749","isbn:9780451463074","eng","story_books","2010-01-05T05:30:00+05:30","Penguin Group USA","4","Jane Yellowrock","2.0","414507","Man-woman relationships, vampires, Horror, New Orleans (La.), General, fantasy, Supernatural, Fiction, Cherokee Indians, Occult & Supernatural","Blood Cross","Blood Cross","02eb3cc2-827c-456a-bebe-42e06ae529f2"
"Hunter, Faith","Hunter, Faith","","D:\story_books\Hunter, Faith\Black Arts_ A Jane Yellowrock Novel (750)\cover.jpg","2025-07-04T21:19:23+05:30","epub","","750","mobi-asin:8b3bd52b-f99f-41e7-929d-f5c325b9b69e","eng","story_books","2014-01-06T21:30:00+05:30","Penguin Group US","","","1.0","447773","","Black Arts: A Jane Yellowrock Novel","Black Arts: A Jane Yellowrock Novel","759f818d-498c-48e0-8a36-689e17e85fe1"
"Banet, K.N.","K.N. Banet","","D:\story_books\K.N. Banet\Shades of Hate (Jacky Leon Book 5) (751)\cover.jpg","2025-07-04T21:19:23+05:30","epub","","751","mobi-asin:B08MYDMPTJ","eng","story_books","2021-02-16T10:30:00+05:30","","","","1.0","424305","","Shades of Hate (Jacky Leon Book 5)","Shades of Hate (Jacky Leon Book 5)","84d4f58e-6577-4fd0-84a9-2d34b7f287fa"
"Banet, K.N.","K.N. Banet & Kristen Banet","","D:\story_books\K.N. Banet\Broken Loyalty (Jacky Leon Book 3) (752)\cover.jpg","2025-07-04T21:19:23+05:30","epub","","752","mobi-asin:B08314XDHW","eng","story_books","2020-04-14T21:30:00+05:30","","","","1.0","322027","","Broken Loyalty (Jacky Leon Book 3)","Broken Loyalty (Jacky Leon Book 3)","7b54682c-1d9f-4570-81ac-b582f9931db9"
"Banet, Kristen","Kristen Banet","","D:\story_books\Kristen Banet\Oath Sworn (Jacky Leon Book 1) (753)\cover.jpg","2025-07-04T21:19:24+05:30","epub","","753","mobi-asin:B07QR2XCTB","eng","story_books","2019-07-14T21:30:00+05:30","","","","1.0","333779","","Oath Sworn (Jacky Leon Book 1)","Oath Sworn (Jacky Leon Book 1)","065d185b-1f18-4dd2-8332-974118629205"
"Banet, Kristen","Kristen Banet","","D:\story_books\Kristen Banet\Family and Honor (Jacky Leon Book 2 (754)\cover.jpg","2025-07-04T21:19:25+05:30","epub","","754","mobi-asin:B07XM55QNH","eng","story_books","2019-11-14T21:30:00+05:30","","","","1.0","395544","","Family and Honor (Jacky Leon Book 2)","Family and Honor (Jacky Leon Book 2)","3af8867d-63c2-4734-88dc-9a71ea71ba62"
"Banet, K.N.","K.N. Banet & Kristen Banet","","D:\story_books\K.N. Banet\Echoed Defiance (Jacky Leon Book 4) (755)\cover.jpg","2025-07-04T21:19:25+05:30","epub","","755","mobi-asin:B088D65SL5","eng","story_books","2020-09-15T09:30:00+05:30","","","","1.0","398613","","Echoed Defiance (Jacky Leon Book 4)","Echoed Defiance (Jacky Leon Book 4)","f077ca9d-e58e-4584-97f4-593e6d143785"
"Harrison, Kim","Harrison, Kim","","D:\story_books\Harrison, Kim\The Undead Pool (756)\cover.jpg","2025-07-04T21:19:25+05:30","epub","9780061957932","756","isbn:9780061957932","eng","story_books","2014-03-01T00:00:00+05:30","Harper Voyager","","","1.0","532151","","The Undead Pool","Undead Pool, The","84e975a0-55cb-446c-b858-6fcd4f8b342c"
"Rowling, J.K.","J.K. Rowling","","D:\story_books\J.K. Rowling\Harry Potter and the Sorcerer's Sto (757)\cover.jpg","2025-07-04T21:19:26+05:30","epub","","757","mobi-asin:B0192CTMYG","eng","story_books","2015-12-08T12:30:00+05:30","Pottermore Publishing","","","1.0","847559","","Harry Potter and the Sorcerer's Stone","Harry Potter and the Sorcerer's Stone","bdbed50d-2bf1-4dda-853c-372ef77dacea"
"Rowling, J.K.","J.K. Rowling","","D:\story_books\J.K. Rowling\Harry Potter and the Prisoner of Az (758)\cover.jpg","2025-07-04T21:19:26+05:30","epub","","758","mobi-asin:B0192CTMX2","eng","story_books","2015-12-08T12:30:00+05:30","Pottermore Publishing","","","1.0","1087900","","Harry Potter and the Prisoner of Azkaban","Harry Potter and the Prisoner of Azkaban","51cc9d27-7d84-434d-84b5-1e585baec29f"
"Rowling, J.K.","J.K. Rowling","","D:\story_books\J.K. Rowling\Harry Potter and the Order of the P (759)\cover.jpg","2025-07-04T21:19:27+05:30","epub","","759","mobi-asin:B0192CTMXM","eng","story_books","2015-12-08T12:30:00+05:30","Pottermore Publishing","","","1.0","1937260","","Harry Potter and the Order of the Phoenix","Harry Potter and the Order of the Phoenix","af690276-c48d-40da-b9b4-7a153a627693"
"Rowling, J.K.","J.K. Rowling","","D:\story_books\J.K. Rowling\Harry Potter and the Half-Blood Pri (760)\cover.jpg","2025-07-04T21:19:27+05:30","epub","","760","mobi-asin:B0192CTMWI","eng","story_books","2015-12-08T12:30:00+05:30","Pottermore Publishing","","","1.0","1352162","","Harry Potter and the Half-Blood Prince","Harry Potter and the Half-Blood Prince","0e1f6aee-1368-482c-88ae-a06ff1a2e133"
"Rowling, J.K.","J.K. Rowling","","D:\story_books\J.K. Rowling\Harry Potter and the Goblet of Fire (761)\cover.jpg","2025-07-04T21:19:27+05:30","epub","","761","mobi-asin:B0192CTMUU","eng","story_books","2015-12-08T12:30:00+05:30","Pottermore Publishing","","","1.0","1592352","","Harry Potter and the Goblet of Fire","Harry Potter and the Goblet of Fire","89eba648-0831-4e0f-9b44-e8b5c8701003"
"Rowling, J.K.","J.K. Rowling","","D:\story_books\J.K. Rowling\Harry Potter and the Chamber of Sec (762)\cover.jpg","2025-07-04T21:19:27+05:30","epub","","762","mobi-asin:B0192CTMW8","eng","story_books","2015-12-08T12:30:00+05:30","Pottermore Publishing","","","1.0","1028531","","Harry Potter and the Chamber of Secrets","Harry Potter and the Chamber of Secrets","520eff69-81e9-40f1-8abc-ce52d21ed5d9"
"Rowling, J.K.","J.K. Rowling","","D:\story_books\J.K. Rowling\Harry Potter and the Deathly Hallow (763)\cover.jpg","2025-07-04T21:19:28+05:30","epub","","763","mobi-asin:B0192CTMWS","eng","story_books","2015-12-08T12:30:00+05:30","Pottermore Publishing","","","1.0","1437988","","Harry Potter and the Deathly Hallows","Harry Potter and the Deathly Hallows","45ea4e0a-0f83-4307-901e-ddd5cc83cb0c"
"Forrest, Bella","Bella Forrest","","D:\story_books\Bella Forrest\Harley Merlin and the Secret Coven (764)\cover.jpg","2025-07-04T21:19:28+05:30","epub","","764","mobi-asin:B07DNGRZF7","eng","story_books","2018-08-27T00:00:00+05:30","Nightlight Press","","","1.0","606729","","Harley Merlin and the Secret Coven","Harley Merlin and the Secret Coven","ca09b4b8-5dde-4e99-9a2e-cdc02c41fd59"
"Forrest, Bella","Bella Forrest","","D:\story_books\Bella Forrest\Harley Merlin and the Mortal Pact (765)\cover.jpg","2025-07-04T21:19:29+05:30","epub","","765","mobi-asin:B07RLP2LNV","eng","story_books","2019-06-30T00:00:00+05:30","Nightlight Press","","","1.0","640072","","Harley Merlin and the Mortal Pact","Harley Merlin and the Mortal Pact","599f59ee-9c9a-4f5c-a2a2-4499c0af4cd6"
"Forrest, Bella","Bella Forrest","","D:\story_books\Bella Forrest\Harley Merlin 7_ Harley Merlin and (766)\cover.jpg","2025-07-04T21:19:29+05:30","epub","","766","mobi-asin:B07NXB1L2H","eng","story_books","2019-04-10T00:00:00+05:30","Nightlight Press","","","1.0","770920","","Harley Merlin 7: Harley Merlin and the Detector Fix","Harley Merlin 7: Harley Merlin and the Detector Fix","9749bff0-ebbb-4764-8fc6-aead26c7ddfc"
"Forrest, Bella","Bella Forrest","","D:\story_books\Bella Forrest\Harley Merlin 6_ Harley Merlin and (767)\cover.jpg","2025-07-04T21:19:29+05:30","epub","","767","mobi-asin:B07MVJJ2R1","eng","story_books","2019-02-23T00:00:00+05:30","Nightlight Press","","","1.0","696585","","Harley Merlin 6: Harley Merlin and the Cult of Eris","Harley Merlin 6: Harley Merlin and the Cult of Eris","903c8269-239f-4461-89d9-ce3694fca506"
"Forrest, Bella","Bella Forrest","","D:\story_books\Bella Forrest\Harley Merlin 8_ Harley Merlin and (768)\cover.jpg","2025-07-04T21:19:30+05:30","epub","","768","mobi-asin:B07QC9DW3C","eng","story_books","2019-05-13T00:00:00+05:30","Nightlight Press","","","1.0","670156","","Harley Merlin 8: Harley Merlin and the Challenge of Chaos","Harley Merlin 8: Harley Merlin and the Challenge of Chaos","95eded83-cfe9-4ce3-a2ad-84587f90eaac"
"Forrest, Bella","Bella Forrest","","D:\story_books\Bella Forrest\Harley Merlin 5_ Harley Merlin and (769)\cover.jpg","2025-07-04T21:19:31+05:30","epub","","769","mobi-asin:B07KWHKM9D","eng","story_books","2019-01-21T00:00:00+05:30","Nightlight Press","","","1.0","639109","","Harley Merlin 5: Harley Merlin and the Broken Spell","Harley Merlin 5: Harley Merlin and the Broken Spell","348b5e30-e72b-4bf6-b003-133a05de27cb"
"Forrest, Bella","Bella Forrest","","D:\story_books\Bella Forrest\Harley Merlin 4_ Harley Merlin and (770)\cover.jpg","2025-07-04T21:19:31+05:30","epub","","770","mobi-asin:B07JNNNF14","eng","story_books","2018-11-30T00:00:00+05:30","Nightlight Press","","","1.0","616316","","Harley Merlin 4: Harley Merlin and the First Ritual","Harley Merlin 4: Harley Merlin and the First Ritual","8d205335-f69c-4e94-942a-b8f86a7b2e4e"
"Ash, Crystal","Crystal Ash","","D:\story_books\Crystal Ash\Jump through Fire _ A Reverse Harem (771)\cover.jpg","2025-07-04T21:19:31+05:30","epub","","771","mobi-asin:B07M7PHLV2","eng","story_books","2019-01-08T21:30:00+05:30","","","","1.0","220936","","Jump through Fire : A Reverse Harem Paranormal Romance (Harem of Freaks Book 4)","Jump through Fire : A Reverse Harem Paranormal Romance (Harem of Freaks Book 4)","d0e8607c-ced2-46f4-8553-0d02d2598f67"
"Forrest, Bella","Bella Forrest","","D:\story_books\Bella Forrest\Harley Merlin 2_ Harley Merlin and (772)\cover.jpg","2025-07-04T21:19:32+05:30","epub","","772","mobi-asin:B07GRGYL57","eng","story_books","2018-09-30T00:00:00+05:30","Nightlight Press","","","1.0","611400","","Harley Merlin 2: Harley Merlin and the Mystery Twins","Harley Merlin 2: Harley Merlin and the Mystery Twins","4f2c9dfa-bf18-4f28-afa1-22042cf1503e"
"Forrest, Bella","Bella Forrest","","D:\story_books\Bella Forrest\Harley Merlin 3_ Harley Merlin and (773)\cover.jpg","2025-07-04T21:19:32+05:30","epub","","773","mobi-asin:B07HLKV538","eng","story_books","2018-10-31T00:00:00+05:30","Nightlight Press","","","1.0","583112","","Harley Merlin 3: Harley Merlin and the Stolen Magicals","Harley Merlin 3: Harley Merlin and the Stolen Magicals","60ae2b66-653c-4aed-96ac-b91d5e07bf2c"
"Ash, Crystal","Ash, Crystal","","D:\story_books\Ash, Crystal\Curtain Call_ Harem of Freaks 6 (774)\cover.jpg","2025-07-04T21:19:32+05:30","epub","","774","","eng","story_books","2019-03-13T00:00:00+05:30","Voluspa Press","","","1.0","277131","","Curtain Call: Harem of Freaks 6","Curtain Call: Harem of Freaks 6","b98ce445-b2eb-42df-8ded-4bf58b369b0a"
"Ash, Crystal","Crystal Ash","","D:\story_books\Crystal Ash\Smoke And Mirrors_ A Reverse Harem (775)\cover.jpg","2025-07-04T21:19:33+05:30","epub","","775","mobi-asin:B07L5CLT6J","eng","story_books","2018-12-04T21:30:00+05:30","","","","1.0","230415","","Smoke And Mirrors: A Reverse Harem Paranormal Romance (Harem of Freaks Book 3)","Smoke And Mirrors: A Reverse Harem Paranormal Romance (Harem of Freaks Book 3)","58aa156f-3e9d-4de8-b638-9eab6ead2f03"
"Ash, Crystal","Ash, Crystal","","D:\story_books\Ash, Crystal\Tightrope_ Harem of Freaks 5 (776)\cover.jpg","2025-07-04T21:19:33+05:30","epub","","776","","eng","story_books","2019-02-06T00:00:00+05:30","","","","1.0","272942","","Tightrope: Harem of Freaks 5","Tightrope: Harem of Freaks 5","da583e61-5ec7-4547-b46f-0defb3c1c8af"
"Ash, Crystal","Crystal Ash","**Who knew cages and freaks would set me free?**
Growing up in trailer trash hell, the carnival was my only happy memory as a child. I held onto the magic of that memory until I could finally escape. And like Alice down the rabbit hole, I entered a world beyond my wildest dreams. A world with a shiny, colorful exterior, but filled with rot and corruption underneath. 
But no matter what these people put me through, I can't go back to my life before. 
The man with the biggest secret is the only one I can trust. He's dangerous, but he's safety to me. He's broken, but he put me back together. I'll keep his secret. My heart hopes he'll keep me. But in a hall of mirrors, how do you know what's real or an illusion? 
Every grueling night onstage is building up to a final show: The Wolf Man. Is he real or a hoax? Why do I feel such a pull to find out his truth? 
Care to join me on this wild ride? Step right up. 
***  
Harem of Freaks is a slow-build reverse harem series. The heroine will add to her harem and build multiple relationships as the series continues.***
**
","D:\story_books\Crystal Ash\Freak Show (777)\cover.jpg","2025-07-04T21:19:33+05:30","epub","","777","mobi-asin:B07GYRRR6R,amazon:B07GYRRR6R","eng","story_books","2018-08-29T10:30:00+05:30","","4","Harem of Freaks Series 01","1.0","199721","","Freak Show","Freak Show","3a9afb3a-9bdb-4985-96b4-00bc76a33c9f"
"Ash, Crystal","Crystal Ash","","D:\story_books\Crystal Ash\Abra Cadabra_ A Reverse Harem Paran (778)\cover.jpg","2025-07-04T21:19:34+05:30","epub","","778","mobi-asin:B07HQY8JTR","eng","story_books","2018-09-25T21:30:00+05:30","","","","1.0","212639","","Abra Cadabra: A Reverse Harem Paranormal Romance (Harem of Freaks Book 2)","Abra Cadabra: A Reverse Harem Paranormal Romance (Harem of Freaks Book 2)","9ebe3bf7-bb7e-4cc4-a5c9-cb2a431ee4a8"
"Shea, K. M.","K. M. Shea","","D:\story_books\K. M. Shea\The Queen's Crown (Court of Midnigh (779)\cover.jpg","2025-07-04T21:19:34+05:30","epub","","779","mobi-asin:B08Q7RM3RC","eng","story_books","2021-01-14T21:30:00+05:30","","","","1.0","491967","","The Queen's Crown (Court of Midnight and Deception Book 3)","Queen's Crown (Court of Midnight and Deception Book 3), The","770268db-e316-4e1e-9026-051b3da440a2"
"Shea, K. M.","K. M. Shea","","D:\story_books\K. M. Shea\Magic Redeemed (Hall of Blood and M (780)\cover.jpg","2025-07-04T21:19:34+05:30","epub","","780","mobi-asin:B084WPRF5V","eng","story_books","2020-03-19T21:30:00+05:30","","","","1.0","501060","","Magic Redeemed (Hall of Blood and Mercy Book 2)","Magic Redeemed (Hall of Blood and Mercy Book 2)","9d653a22-0b20-4c01-a3e7-7110356b3394"
"Shea, K. M.","K. M. Shea","","D:\story_books\K. M. Shea\Magic Forged (Hall of Blood and Mer (781)\cover.jpg","2025-07-04T21:19:35+05:30","epub","","781","mobi-asin:B084WZBXG3","eng","story_books","2020-02-28T00:00:00+05:30","","","","1.0","471369","","Magic Forged (Hall of Blood and Mercy Book 1)","Magic Forged (Hall of Blood and Mercy Book 1)","25bb8328-afd0-4c48-8b6b-80ddeb8a8cd8"
"Shea, K. M.","K. M. Shea","","D:\story_books\K. M. Shea\Magic Unleashed (Hall of Blood and (782)\cover.jpg","2025-07-04T21:19:36+05:30","epub","","782","mobi-asin:B085PWXRKW","eng","story_books","2020-04-16T21:30:00+05:30","","","","1.0","430592","","Magic Unleashed (Hall of Blood and Mercy Book 3)","Magic Unleashed (Hall of Blood and Mercy Book 3)","4d000f5a-b02b-4ff2-897c-74c2e4de38ab"
"Shea, K. M.","Shea, K. M.","","D:\story_books\Shea, K. M_\Crown of Moonlight_ Court of Midnig (783)\cover.jpg","2025-07-04T21:19:36+05:30","epub","","783","","eng","story_books","2020-12-18T00:00:00+05:30","","","","1.0","623433","","Crown of Moonlight: Court of Midnight and Deception Book 2","Crown of Moonlight: Court of Midnight and Deception Book 2","03de5545-129e-49e0-8460-cd127774220c"
"Shea, K. M.","K. M. Shea","","D:\story_books\K. M. Shea\Crown of Shadows (Court of Midnight (784)\cover.jpg","2025-07-04T21:19:37+05:30","epub","","784","mobi-asin:B08N38V2PK","eng","story_books","2020-11-19T21:30:00+05:30","","","","1.0","572250","","Crown of Shadows (Court of Midnight and Deception Book 1)","Crown of Shadows (Court of Midnight and Deception Book 1)","bed72bc8-9244-4822-ab81-174b7d690010"
"Singh, Nalini","Nalini Singh","","D:\story_books\Nalini Singh\Archangel's Viper (785)\cover.jpg","2025-07-04T21:19:37+05:30","epub","","785","","eng","story_books","2017-09-26T05:30:00+05:30","Berkley","","","1.0","497158","","Archangel's Viper","Archangel's Viper","8aebce6a-4415-4a6a-9e92-3c95689cea2a"
"Singh, Nalini","Nalini Singh","","D:\story_books\Nalini Singh\Archangel's War (A Guild Hunter Nov (786)\cover.jpg","2025-07-04T21:19:38+05:30","epub","","786","mobi-asin:B07MMKGSD8","eng","story_books","2019-09-23T21:30:00+05:30","Penguin Publishing Group","","","1.0","590772","","Archangel's War (A Guild Hunter Novel)","Archangel's War (A Guild Hunter Novel)","1fefb90f-8bbf-43c2-b55b-bee942a810eb"
"Singh, Nalini","Nalini Singh","","D:\story_books\Nalini Singh\Archangel's Heart (787)\cover.jpg","2025-07-04T21:19:38+05:30","epub","","787","","eng","story_books","2016-10-12T15:01:37+05:30","Penguin Publishing Group","","","1.0","1647925","","Archangel's Heart","Archangel's Heart","b2d9d53f-afa6-4005-a820-7f35e703992d"
"Singh, Nalini","Singh, Nalini","","D:\story_books\Singh, Nalini\Archangel's Shadows (Guild Hunter s (788)\cover.jpg","2025-07-04T21:19:39+05:30","epub","","788","mobi-asin:B00JJXTP64","eng","story_books","2014-10-28T09:30:00+05:30","Penguin Group US","","","1.0","533194","","Archangel's Shadows (Guild Hunter series Book 7)","Archangel's Shadows (Guild Hunter series Book 7)","af09c791-5351-405c-a427-35d2251fd5e7"
"Singh, Nalini","Nalini Singh","**Return to *New York Times* bestselling author Nalini Singh’s darkly passionate Guild Hunter world, where human-turned-angel Elena Deveraux, consort to Archangel Raphael, is thrust center stage into an eons-old prophecy…**
Midnight and dawn, Elena’s wings are unique among angelkind—and now they are failing. The first mortal to be turned into an immortal in angelic memory, she’s regressing. Becoming more and more human. Easier to hurt. Easier to kill. 
Elena and Raphael must unearth the reason for the regression before Elena falls out of the sky. Yet even as they fight a furious battle for Elena’s very survival, violent forces are gathering across the world. In China, the Archangel Favashi is showing the first signs of madness. In New York, a mysterious sinkhole filled with lava swallows a man whole. In Africa, torrential monsoon rains flood rolling deserts. And in Elena’s mind whispers a haunting voice that isn’t her own.  
  
This time, survival may not be possible…not even for the consort of an archangel.
**
### Review
**Praise for the Guild Hunter Series**
“I devour Guild Hunter novels. I can’t get enough of this epic world. Full of danger, intrigue, and heady seduction, the Guild Hunter series is perfect!”—Sylvia Day, #1 *New York Times* bestselling author 
“Singh is a brilliant writer, and her words about the world of angels and vampires sing from the pages...”—Fresh Fiction 
“World-building that blew my socks off.”—Meljean Brook, *New York Times* bestselling author 
“Nalini Singh’s Guild Hunter series overwhelms you with beauty and sensuality.”— *Heroes and Heartbreakers*
### About the Author
**New York Times and USA Today** bestselling author Nalini Singh lives and works in beautiful New Zealand, and is passionate about writing. She also loves chatting to readers. You can find her on Twitter (@nalinisingh) and Facebook (facebook.com/authornalinisingh), and via her website: nalinisingh.com 
**Nalini's Newsletter** : Goes out monthly and includes exclusives for subscribers, including free short stories, sneak peeks, deleted scenes and more. To join, just copy and paste this into your address bar and fill in your name and email address: mad.ly/signups/59681/join 
Questions or comments? Email, Tweet, or Facebook Nalini at any time!
","D:\story_books\Nalini Singh\Archangel's Prophecy (789)\cover.jpg","2025-07-04T21:19:39+05:30","epub","9780451491657","789","isbn:9780451491657","eng","story_books","2018-10-30T12:30:00+05:30","Berkley","","","1.0","559343","fantasy, Fiction, vampires, Urban, Paranormal, Romance","Archangel's Prophecy","Archangel's Prophecy","235b2e54-8150-49d7-a2ed-e2ca4bea5eeb"
"Singh, Nalini","Nalini Singh","Nalini Singh, the NEW YORK TIMES bestselling 'alpha author of paranormal romance' (BOOKLIST), returns to an immortal world of violent passion and lethal power...on the brink of a deadly archangelic war.Angels are falling from the sky in New York, struck down by a vicious, unknown force.Vampires are dying impossibly of disease.Guild hunter Elena Deveraux and the Archangel Raphael must discover the source of the wave of death before it engulfs their city and their people, leaving New York a ruin and Raphael's Tower under siege by enemy archangels.Yet even as they fight desperately to save the city, an even darker force is stirring, its chill eyes trained on New York...and on Raphael. Rivers of crimson and nightmares given flesh, the world will never again be the same...
","D:\story_books\Nalini Singh\Archangel's Legion (790)\cover.jpg","2025-07-04T21:19:40+05:30","epub","9780575112285","790","isbn:9780575112285","eng","story_books","2013-10-31T04:30:00+05:30","Hachette UK","","","1.0","543671","fantasy, General, Paranormal, Fiction","Archangel's Legion","Archangel's Legion","3430eb3d-071b-456f-80a4-b19e653e5890"
"Singh, Nalini & Eyre, Justine","Nalini Singh & Justine Eyre","### Product Description
 **FIRST IN THE GUILD HUNTER SERIES from “a major new talent” (_CHRISTINE FEEHAN_).
Nalini Singh introduces readers to a world of beauty and bloodlust, where angels hold sway over vampires. **
Vampire hunter Elena Deveraux is hired by the dangerously beautiful Archangel Raphael. But this time, it’s not a wayward vamp she has to track. It’s an archangel gone bad. 
The job will put Elena in the midst of a killing spree like no other—and pull her to the razor’s edge of passion. Even if the hunt doesn’t destroy her, succumbing to Raphael’s seductive touch just may. For when archangels play, mortals break. 
","D:\story_books\Nalini Singh\Angel's Blood (791)\cover.jpg","2025-07-04T21:19:40+05:30","epub","9780425226926","791","isbn:9780425226926","eng","story_books","2009-01-02T10:30:00+05:30","Berkley","4","","1.0","523895","","Angel's Blood","Angel's Blood","0f899bbd-ab78-4d93-b038-03972702aa88"
"Singh, Nalini","Nalini Singh","","D:\story_books\Nalini Singh\Angels' Flight (792)\cover.jpg","2025-07-04T21:19:40+05:30","epub","","792","","eng","story_books","2012-02-28T17:12:11+05:30","","","","1.0","613989","","Angels' Flight","Angels' Flight","ce5a630b-80cb-49df-b7b8-d3f80d6b6081"
"Singh, Nalini","Nalini Singh","**Enter New York Times bestselling author Nalini Singh's darkly beautiful world of archangels and immortal power, as a pact is sealed between two souls bound by blood, stirred by desire, and driven by vengeance...**  

With wings of midnight and an affinity for shadows, Jason courts darkness. But now, with the Archangel Neha's consort lying murdered in the jewel-studded palace that was his prison and her rage threatening cataclysmic devastation, Jason steps into the light, knowing he must unearth the murderer before it is too late.  
  
Earning Neha's trust comes at a price--Jason must tie himself to her bloodline through the Princess Mahiya, a woman with secrets so dangerous, she trusts no one. Least of all an enemy spymaster.  
  
With only their relentless hunt for a violent, intelligent killer to unite them, Jason and Mahiya embark on a quest that leads to a centuries-old nightmare... and to the dark storm of an unexpected passion that threatens to drench them both in blood.
### Review
Praise for the series:  

“The Guild Hunter world is an awesome place to be.”— *Fiction Vixen*  

“The Guild Hunter series remains a must-read for paranormal romance.”— *Bitten by Books*  

“I loved every word…amazing in every way!”— *New York Times* bestselling author Gena Showalter  

“Paranormal romance doesn’t get better than this.”— *Love Vampires*  

“Powerful, raw, intense dark--and so intimate.”— *Smexy Books*  

“Steamy and beautiful…a great novel that makes me want to read everything Nalini Singh has ever written.”— *Fresh Fiction*  

“[A] powerful, riveting novel. I found myself wholly absorbed.”— *Dear Author*  

“Stuns with intensity…left me raw and aching at the end in the best way possible.”— *Romance Junkies*  

“Mesmerizing…fascinating world building.”— *Bitten by Books*  

“Stunning, original, beautiful, intriguing, and mesmerizing.”— *Errant Dreams Reviews*  

“I could not put this book down.”— *Night Owl Romance*  

“Completely awe-inspiring.”— *Fallen Angel Reviews*  

“Worldbuilding that blew my socks off.”—National Bestselling Author Meljean Brook  

### About the Author
 **Nalini Singh** is passionate about writing. Though she’s traveled as far afield as the deserts of China and the temples of Japan, it is the journey of the imagination that fascinates her the most. She’s beyond delighted to be able to follow her dream as a writer.
","D:\story_books\Nalini Singh\Archangel's Storm (793)\cover.jpg","2025-07-04T21:19:41+05:30","epub","9780425246580","793","google:gYdO9o2UYAMC,amazon:0425246582,isbn:9780425246580","eng","story_books","2012-09-04T02:30:00+05:30","Berkley","4","Guild Hunter","5.0","590323","Romance, General, Paranormal, Fiction","Archangel's Storm","Archangel's Storm","d6b3196f-ba67-44a9-a489-55e1fae389d9"
"Singh, Nalini","Nalini Singh","","D:\story_books\Nalini Singh\Archangel's Enigma (Guild Hunter) (794)\cover.jpg","2025-07-04T21:19:42+05:30","epub","","794","mobi-asin:B00SA4ZUFS","eng","story_books","2015-08-31T21:30:00+05:30","Penguin Publishing Group","","","1.0","627733","","Archangel's Enigma (Guild Hunter)","Archangel's Enigma (Guild Hunter)","c9bcc57f-b74d-49bc-8cf6-717bf0d8c410"
"Singh, Nalini","Nalini Singh","<h3>Product Description</h3><p>An ancient and malevolent female immortal is rising in Manhattan to reclaim her son, the archangel Raphael. Only one thing stands in her way: Elena Deveraux, a vampire-hunter-and Raphael's lover. </p>","D:\story_books\Nalini Singh\Archangel's Consort (795)\cover.jpg","2025-07-04T21:19:42+05:30","epub","9780425240137","795","isbn:9780425240137","eng","story_books","2011-01-25T07:20:07+05:30","Penguin","4.5","Guild Hunter","3.0","637928","Fiction, General, Romance, Paranormal","Archangel's Consort","Archangel's Consort","3f88a698-0130-4573-8de0-bcebbd53660c"
"Singh, Nalini","Nalini Singh","### Product Description
 ** *New York Times* bestselling author of *Angels' Blood* **
Vampire hunter Elena Deveraux wakes from a year-long coma to find that she has become an angel-and that her lover, the stunningly dangerous archangel Raphael, likes having her under his control. But almost immediately, Raphael must ready Elena for a flight to Beijing, to attend a ball thrown by the archangel Lijuan. Ancient and without conscience, Lijuan's power lies with the dead. And she has organized the most perfect and most vicious of welcomes for Elena... 
","D:\story_books\Nalini Singh\Archangel's Kiss (796)\cover.jpg","2025-07-04T21:19:43+05:30","epub","9780425233368","796","isbn:9780425233368","eng","story_books","2010-02-02T11:30:00+05:30","Penguin","4","Guild Hunter","2.0","385946","vampires, Horror, Paranormal, General, Romance, fantasy, Archangels, Fiction, Angels, Occult & Supernatural","Archangel's Kiss","Archangel's Kiss","a40114fc-e1be-4f61-a1c4-58c90924c74e"
"Andrews, Ilona & Harris, Charlaine & Singh, Nalini & Brook, Meljean","Ilona Andrews & Charlaine Harris & Nalini Singh & Meljean Brook","EDITORIAL REVIEW:  **From *New York Times* bestselling authors Charlaine Harris and Nalini Singh and national bestselling authors Ilona Andrews and Meljean Brook, tales of man's worst friend...**     *In these hound-eat-hound worlds, anything goes... and everything bites.*      Follow paranormal bodyguards Clovache and Batanya into Lucifer's realm, where they encounter his fearsome four-legged pets, in Charlaine Harris's *The Britlingens Go to Hell*. Seek out a traitor in the midst of a guild of non- lethal vampire trackers, one that intends to eradicate the entire species of bloodsuckers, in Nalini Singh's *Angels' Judgment*. Find out why the giant three-headed dog that guards the gates of Hades has left the underworld for the real world-and whose scent he's following-in Ilona Andrews's *Magic Mourns*. Embark on a perilous search for the kidnapped niece of a powerful vampire alongside her blind- and damn sexy-companion and a hellhound in Meljean Brook's *Blind Spot*.      These four novellas by today's hottest paranormal authors will have hellhound lovers everywhere howling.","D:\story_books\Ilona Andrews\Must Love Hellhounds (797)\cover.jpg","2025-07-04T21:19:44+05:30","epub","9780425229590","797","isbn:9780425229590","","story_books","2009-09-01T09:30:00+05:30","Lisa's E-Book Collection","5","","1.0","413073","Demonoid Upload 2","Must Love Hellhounds","Must Love Hellhounds","16a582cb-503c-4192-bf07-2fd41a7ef0bf"
"Singh, Nalini","Nalini Singh","### Product Description
Angels’ Pawn introduces readers to a world of beauty and danger where angels and vampires coexist. The novella is the prequel to Nalini Singh’s Guild Hunter series. In Atlanta, a vampire hunter is caught between two rival factions and the angel who is manipulating them both. Her only assistance comes from a vampire who may have his own reasons for helping her... 
","D:\story_books\Nalini Singh\Angels' Pawn_ A Companion Novella t (798)\cover.jpg","2025-07-04T21:19:44+05:30","epub","9781101024928","798","amazon:B001TJ1O4W,google:q_3oErOPtr0C,isbn:9781101024928","eng","story_books","2009-03-03T11:30:00+05:30","Penguin","4","Guild Hunter Series","1.5","121786","Fiction, fantasy, General, vampires, Romance, Horror, Paranormal, Angels, Archangels, Occult & Supernatural","Angels' Pawn: A Companion Novella to Angels' Blood","Angels' Pawn: A Companion Novella to Angels' Blood","c0647a7a-35bf-42ab-87e6-0c3dbf0b0daa"
"Ni Cang Tian","Ni Cang Tian","","D:\story_books\Ni Cang Tian\Great Demon King Ch.701-800 (799)\cover.jpg","2025-07-04T21:19:44+05:30","epub","","799","uri:https://www.rndnovels.com/","eng","story_books","2020-04-19T00:00:00+05:30","","","","1.0","686109","","Great Demon King Ch.701-800","Great Demon King Ch.701-800","a7feb7e7-577a-47b9-acab-eca165c2fc75"
"Ni Cang Tian","Ni Cang Tian","","D:\story_books\Ni Cang Tian\Great Demon King Ch.601-700 (800)\cover.jpg","2025-07-04T21:19:45+05:30","epub","","800","uri:https://www.rndnovels.com/","eng","story_books","2020-04-19T00:00:00+05:30","","","","1.0","617918","","Great Demon King Ch.601-700","Great Demon King Ch.601-700","e7c44952-8c87-48f1-be10-1fdf70846d76"
"Ni Cang Tian","Ni Cang Tian","","D:\story_books\Ni Cang Tian\Great Demon King Ch.501-600 (801)\cover.jpg","2025-07-04T21:19:45+05:30","epub","","801","uri:https://www.rndnovels.com/","eng","story_books","2020-04-19T00:00:00+05:30","","","","1.0","565056","","Great Demon King Ch.501-600","Great Demon King Ch.501-600","5fcb116e-9b1b-4c89-bd57-163155aa9c54"
"Singh, Nalini","Nalini Singh","<p>No Description Available","D:\story_books\Nalini Singh\Archangel's Blade (802)\cover.jpg","2025-07-04T21:19:45+05:30","epub","9781101543887","802","isbn:9781101543887","eng","story_books","2011-08-05T00:00:00+05:30","Penguin Group USA, Inc.","","","1.0","521364","","Archangel's Blade","Archangel's Blade","49d65d25-861e-49bf-baaf-10a669294b63"
"Singh, Nalini, Andrews, Ilona","Singh, Nalini, Andrews, Ilona","","D:\story_books\Singh, Nalini, Andrews, Ilona\Angels of Darkness (803)\cover.jpg","2025-07-04T21:19:45+05:30","epub","9781101544907","803","isbn:9781101544907","eng","story_books","2011-08-05T00:00:00+05:30","Penguin Group US","","","1.0","386175","","Angels of Darkness","Angels of Darkness","4f4f520c-2b0d-4e1d-a902-6668005585db"
"Ni Cang Tian","Ni Cang Tian","","D:\story_books\Ni Cang Tian\Great Demon King Ch.401-500 (804)\cover.jpg","2025-07-04T21:19:46+05:30","epub","","804","uri:https://www.rndnovels.com/","eng","story_books","2020-01-24T12:57:44+05:30","","","","1.0","610062","","Great Demon King Ch.401-500","Great Demon King Ch.401-500","6e4adcd1-e2e7-43eb-9c75-e74a98ffb0ac"
"Ni Cang Tian","Ni Cang Tian","","D:\story_books\Ni Cang Tian\Great Demon King Ch.201-300 (805)\cover.jpg","2025-07-04T21:19:46+05:30","epub","","805","uri:https://www.rndnovels.com/","eng","story_books","2020-04-19T00:00:00+05:30","","","","1.0","574477","","Great Demon King Ch.201-300","Great Demon King Ch.201-300","f151807f-69e9-46a3-9735-e904cc5ef1f7"
"Ni Cang Tian","Ni Cang Tian","","D:\story_books\Ni Cang Tian\Great Demon King Ch.301-400 (806)\cover.jpg","2025-07-04T21:19:47+05:30","epub","","806","uri:https://www.rndnovels.com/","eng","story_books","2020-04-19T00:00:00+05:30","","","","1.0","684897","","Great Demon King Ch.301-400","Great Demon King Ch.301-400","9ea560f3-885a-4a62-8a18-06f4978c2051"
"Ni Cang Tian","Ni Cang Tian","","D:\story_books\Ni Cang Tian\Great Demon King Ch.101-200 (807)\cover.jpg","2025-07-04T21:19:47+05:30","epub","","807","uri:https://www.rndnovels.com/","eng","story_books","2020-04-19T00:00:00+05:30","","","","1.0","561518","","Great Demon King Ch.101-200","Great Demon King Ch.101-200","62149a83-2475-41b8-a17f-343912af841e"
"Ni Cang Tian","Ni Cang Tian","","D:\story_books\Ni Cang Tian\Great Demon King Ch.1-100 (808)\cover.jpg","2025-07-04T21:19:48+05:30","epub","","808","uri:https://www.rndnovels.com/","eng","story_books","2020-04-19T00:00:00+05:30","","","","1.0","582310","","Great Demon King Ch.1-100","Great Demon King Ch.1-100","8de6a340-f9a1-4a55-ac17-905ed8d1c298"
"Card, Orson Scott","Orson Scott Card","","D:\story_books\Orson Scott Card\The Ender's Shadow Series Box Set_ (809)\cover.jpg","2025-07-04T21:19:48+05:30","epub","","809","epubbud:http://www.epubbud.com/epubs/R/Q/RQ8A8MUD/The_Ender_s_Shadow_Series_Box_Set__Ender_s_Shadow__Shadow_of_the_Hegemon__Shadow_Puppets__Shadow_of_the_Giant.epub","eng","story_books","2008-11-03T00:00:00+05:30","ePub Bud (www.epubbud.com)","","","1.0","383610","","The Ender's Shadow Series Box Set: Ender's Shadow, Shadow of the Hegemon, Shadow Puppets, Shadow of the Giant","Ender's Shadow Series Box Set: Ender's Shadow, Shadow of the Hegemon, Shadow Puppets, Shadow of the Giant, The","58327df9-a794-4603-8cfd-bf3317e27913"
"Scott, Card, Orson","Card, Orson Scott","","D:\story_books\Card, Orson Scott\Shadows in Flight, enhanced edition (810)\cover.jpg","2025-07-04T21:19:48+05:30","epub","","810","epubbud:http://www.epubbud.com/epubs/G/P/GPMTU4S3/Shadows_in_Flight__enhanced_edition.epub","eng","story_books","2012-02-29T00:00:00+05:30","ePub Bud (www.epubbud.com)","","","1.0","1818657","","Shadows in Flight, enhanced edition","Shadows in Flight, enhanced edition","93c54a24-b384-4a88-b3da-361cecb3ceb2"
"Enderverse, First Meetings in the","First Meetings in the Enderverse","","D:\story_books\First Meetings in the Enderverse\First Meetings in the Enderverse (811)\cover.jpg","2025-07-04T21:19:49+05:30","epub","","811","epubbud:http://www.epubbud.com/epubs/U/P/UPEL46RS/First_Meetings_in_the_Enderverse.epub","eng","story_books","2011-03-27T00:00:00+05:30","ePub Bud (www.epubbud.com)","","","1.0","109115","","First Meetings in the Enderverse","First Meetings in the Enderverse","62144680-b0ac-4e93-95d5-e554860f8e30"
"Scott, Card, Orson","Card, Orson Scott","","D:\story_books\Card, Orson Scott\Enders Game 7 - Shadow Puppets (812)\cover.jpg","2025-07-04T21:19:49+05:30","epub","","812","epubbud:http://www.epubbud.com/epubs/6/Q/6QY4VV9T/Enders_Game_7___Shadow_Puppets.epub","eng","story_books","2010-06-13T00:00:00+05:30","ePub Bud (www.epubbud.com)","","","1.0","296937","","Enders Game 7 - Shadow Puppets","Enders Game 7 - Shadow Puppets","cd942184-bf67-4c94-b74e-48c60443d847"
"Scott, Card, Orson","Card, Orson Scott","","D:\story_books\Card, Orson Scott\Enders Game 6 - Shadow of the Hegem (813)\cover.jpg","2025-07-04T21:19:49+05:30","epub","0812565959","813","isbn:0812565959","","story_books","2010-06-03T09:30:00+05:30","","","","1.0","299489","","Enders Game 6 - Shadow of the Hegemon","Enders Game 6 - Shadow of the Hegemon","9c518de3-3377-4bf9-9b1a-10130449bf73"
"Scott, Card, Orson","Card, Orson Scott","Ender's Shadow : A Parallel Novel to Ender's Game Orson Scott Card brings us back to the very beginning of his brilliant Ender's Quartet, with a novel that allows us to reenter that world anew. With all the power of his original creation, Card has created a parallel volume to Ender's Game, a book that expands and complements the first, enhancing its power, illuminating its events and its powerful conclusion. The human race is at War with the ""Buggers,"" an insect-like alien race. The first battles went badly, and now as Earth prepares to defend itself against the imminent threat of total destruction at the hands of an inscrutable alien enemy, all focus is on the development and training of military geniuses who can fight such a war, and win. The long distances of interstellar space have given hope to the defenders of Earth — they have time to train these future commanders up from childhood, forging them into an irresistible force in the high-orbital facility called the Battle School. Andrew ""Ender"" Wiggin was not the only child in the Battle School; he was just the best of the best. In this new book, Card tells the story of another of those precocious generals, the one they called Bean — the one who became Ender's right hand, his strategist, and his friend. One who was with him, part of his team, in the final battle against the Buggers. Bean's past was a battle just to survive. He first appeared on the streets of Rotterdam, a tiny child with a mind leagues beyond anyone else's. He knew he could not survive through strength; he used his tactical genius to gain acceptance into a children's gang, and then to help make that gang a template for success for all the others. He civilized them, and lived to grow older. Bean's desperate struggle to live, and his success, brought him to the attention of the Battle School's recruiters, those people scouring the planet for leaders, tacticians, and generals to save Earth from the threat of alien invasion. Bean was sent into orbit, to the Battle School. And there he met Ender...","D:\story_books\Card, Orson Scott\Enders Game 5 - Ender's Shadow (814)\cover.jpg","2025-07-04T21:19:50+05:30","epub","0765342405","814","isbn:0765342405","","story_books","2010-06-03T09:30:00+05:30","","","","1.0","454022","","Enders Game 5 - Ender's Shadow","Enders Game 5 - Ender's Shadow","e69e2dca-8673-4d86-8206-86a17ea25e76"
"Scott, Card, Orson","Card, Orson Scott","Children of the Mind Orson Scott Card returns at last to the story of Ender Wiggin, the child hero of the Hugo and Nebula award winner Ender's Game, who as a man found a way to redeem the Xenocide of his youth and restore the Hive Queen to life. Now his adopted world, Lusitania, is threatened by the same planet-destroying weapon that he himself used so many thousands of years before. Lusitania is home to three sentient species: The Pequeninos, a strange race native to Lusitania; a large colony of humans; and the Hive Queen, brought there by Ender. But the Starways Congress fears Lusitania and a strange virus that it harbors, and they have gathered a fleet to destroy the planet. Ender's oldest friend, Jane, the computer intelligence that has evolved with him over three thousand years, allowed the Starways Congress to discover her existence when she tried t stop the fleet. Now they are trying to kill her as well, by shutting down the network of computers and ansibles in which she lives. They are afraid of her and of her control over all human communications. Jane can save the three sentient races of Lusitania. She has learned how to move ships outside the universe, and then instantly back to a different world, abolishing the light-speed limit. But it takes all the processing power available to her, and the Starways Congress is shutting down the Net world by world. Soon she will not be able to move the ships. But there is hope: during the first trip outside, Ender's mind briefly took control and created two new beings - replicas of his brother Peter, who was the Hegemon, and his sister Valentine. These two children of Ender's mind, together with his adopted children from Lusitania, are racing against time to discover new worlds, to influence the Starways Congress to recall the fleet, and to save Jane by finding a home for her disembodied intelligence once the Human Network is closed off to her.","D:\story_books\Card, Orson Scott\Enders Game 4 - Children of the Min (815)\cover.jpg","2025-07-04T21:19:50+05:30","epub","0765304740","815","isbn:0765304740","","story_books","2010-06-03T09:30:00+05:30","","","","1.0","412127","","Enders Game 4 - Children of the Mind","Enders Game 4 - Children of the Mind","6ab111d1-8e6c-4d49-ba99-007cf22a1e52"
"Card, Orson Scott","Orson Scott Card","Xenocide The millennia-long saga of Andrew Wiggin called Ender, called The Speaker For the Dead called The Xenocide continues .... On the world Lusitania there are now three sapient races-the Pequeninos, who evolved there; Humans, who came to colonize; and a Hive Queen and her children brought by Ender long years ago. But on Lusitania there is also the descolada, a virus deadly to human beings which would spread like wildfire throughout the Stairways Congress should it ever escape the planet. The Starways Congress decided that The descolada should be wiped out once and for all, and sent a fleet, armed with a planet-destroying weapon, to do it. A fourth intelligence, loyal to Ender and Lusitania caused that fleet to disappear. On a distant world called Path live a people whose culture owes much to that of ancient China on Earth. They have evolved a caste known as the godspoken, people of superior intellectual abilities who pay a terrible price for their gifts. The godspoken of Path have given their loyalty and service to the Starways Congress. Among the god spoken is a young girl named, in The language of her people, Gloriously Bright. It is to her that the Starways Congress turn with the mystery of the disappearance of the Lusitania Fleet. There is no doubt that Gloriously Bright will discover the answer to the puzzle. The question is, what will she do with the information","D:\story_books\Orson Scott Card\Enders Game 3 - Xenocide (816)\cover.jpg","2025-07-04T21:19:51+05:30","epub","0312861877","816","isbn:0312861877","","story_books","2010-06-03T09:30:00+05:30","","","","1.0","536198","","Enders Game 3 - Xenocide","Enders Game 3 - Xenocide","118484ae-cf3d-42d6-8db9-9a0f6a56d595"
"Scott, Card, Orson","Card, Orson Scott","Ender's Game Nebula and Hugo Award Winner -------------------------------------------------------------------------------- From its first publication in January 1985, Ender's Game quickly became a classic in the science fiction field. It was greeted enthusiastically by the Science Fiction Writers of America, which gave it the Nebula Award for best novel of 1985, and the 1986 World Science Fiction Convention awarded Ender's Game the best novel Hugo. (What really stunned everyone was the following year, when the sequel, Speaker for the Dead, also won both awards -- something no author had ever done before, still less for a book and its sequel!) While Card has gone on to win other awards (two more Hugos, a World Fantasy Award, and in 1996 the Locus Award for Best Fantasy Novel of the year for his book Alvin Journeyman), Ender's Game continues to be his most popular novel, capturing the imagination of children, teenagers, and adults. Ender's Game has been translated into French, German, Spanish, Japanese, Dutch, Czech, Danish, Finnish, Hebrew, Hungarian, Italian, Polish, Portuguese, Romanian, Russian, and Swedish. Why does the story work so well? Many people call it ""the science fiction novel for people who don't think they like science fiction."" While the trappings of science fiction are there -- spaceships, aliens, futuristic machinery -- the reason the book works for so many people is that it's first and foremost a human story, of a boy who finds the burdens of the world placed on his back. Isolated and alone, his anguish resonates in the hearts of all readers. Yes, kids who read the book really enjoy the whole idea of the Battle School, a three-dimensional playspace where children in special suits have mock combats between armies. Others are intrigued by the military aspects of the book. When the Marine University at Quantico required students in one class to read Ender's Game, it wasn't for the strategy -- tactics in 3D space aren't really a big deal for the Marines. Rather, it was because Ender's Game is virtually a textbook in how to develop a strong relationship between a commander and his troops -- with plenty of examples also in how to fail as a commander. Other people -- especially in the online community -- love Ender's Game because of the powerful role it shows for computer networks in the world of the future. The Internet has taken a few steps in the direction shown by Ender's Game, but we're still a long way from a time when public discourse takes place primarily on the Internet and e-discussions can influence public policy. So Ender's Game is still a dream. Yet others find the ""Mind Game"" most appealing. This is the computer game that students in the Battle School play, allowing their teachers to evaluate their emotional state. Ender, however, forces the computer to reprogram itself to allow him to play the game in new, unpredictable ways. The whole idea of a self-altering game that responds to the needs and desires of the player still intrigues many -- though Card has still not been able to persuade any computer game publishers to develop a self-creating game! Above all, though, Ender's Game is the story of growing up alone, trying to find independence when none is allowed, trying to find meaning in a life whose meaning has already been defined. Almost everyone has at some time felt himself or herself to be in the same kind of no-win situation as Ender Wiggin, and the triumph of the book is not that Ender Wiggin ""wins,"" but that he grows up along the way. -------------------------------------------------------------------------------- Copyright © 1985 Orson Scott Card A Tor Book - Published by Tom Doherty Associates, Inc. Jacket art by John Harris - Jacket design by Carol Russo","D:\story_books\Card, Orson Scott\Enders Game 1 - Ender's Game (817)\cover.jpg","2025-07-04T21:19:52+05:30","epub","0812550706","817","isbn:0812550706","","story_books","2010-06-03T09:30:00+05:30","","","","1.0","358293","","Enders Game 1 - Ender's Game","Enders Game 1 - Ender's Game","24027c7d-1b2c-4341-b7ac-cc867726f32c"
"Scott, Card, Orson","Card, Orson Scott","Speaker for the Dead Nebula and Hugo Award Winner -------------------------------------------------------------------------------- Three thousand planet-bound years have fled since Ender Wiggin won humanity's war with the Buggers by totally destroying them. Ender remains young-travelling the stars at relativistic speeds, a hundred years or more might pass while he experiences a month-long voyage. In three thousand years, his books The Hive Queen and The Hegemon have become holy writ, and the name of Ender anathema; he is the Xenocide, the one who killed an entire race of thinking, feeling beings, the only other sapient race humankind had found in all the galaxy. The only ones, that is, until the planet called Lusitania was discovered and colonized. On Lusitania humans found another race of ramen ... a young race, beings just beginning to lift their eyes to the stars and wonder what might be out there. The discovery was seen as a gift to humanity, a chance to redeem the destruction of the Buggers. And so the Pequininos, as they were named by the portuguese-speaking settlers, the ""Piggies,"" were placed off-limits to the colony. The only humans allowed to meet them and speak with them are trained xenobiologists, and then only two at a time. This time, there will be no tragic misunderstandings leading to war. This time... This time, again, men die -bizarrely killed by the Piggies. Andrew Wiggin is called to Lusitania to Speak the deaths of the two xenobiologists, and walks into a maelstrom of fear and hatred. To Speak for these dead, he must first unravel the web of secrets surrounding the lives of the Piggies and those who study them. He must Speak not only for the dead, but for a living alien race. This magnificent sequel to ENDER'S GAME won both the Hugo Award and the Nebula Award for Best SF Novel of the Year. Orson Scott Card is one of the finest, most innovative writers of the past decade, whose works also include the acclaimed alternate world fantasy series, The Tales of Alvin Maker. Copyright © 1986 Orson Scott Card A Tor Book - Published by Tom Doherty Associates, Inc. Jacket art by John Harris - Jacket design by Carol Russo","D:\story_books\Card, Orson Scott\Enders Game 2 - Speaker for the Dea (818)\cover.jpg","2025-07-04T21:19:53+05:30","epub","0812550757","818","isbn:0812550757","","story_books","2010-06-03T09:30:00+05:30","A Tor Book - Published by Tom Doherty Associates, Inc.","","","1.0","427579","","Enders Game 2 - Speaker for the Dead","Enders Game 2 - Speaker for the Dead","8bfcfe38-c27a-43be-ae0f-9f9f6c4e6e67"
"Scott, Card| Orson","Card, Orson Scott","","D:\story_books\Card, Orson Scott\Ender in Exile (819)\cover.jpg","2025-07-04T21:19:53+05:30","epub","0765344157","819","isbn:0765344157","","story_books","2010-06-14T09:30:00+05:30","","","","1.0","346945","","Ender in Exile","Ender in Exile","9c3dcda7-6ccb-4ca8-a1c3-e6a30af2fc17"
"Card, Orson Scott","Orson Scott Card","","D:\story_books\Orson Scott Card\A War of Gifts_ An Ender Story (821)\cover.jpg","2025-07-04T21:19:55+05:30","epub","","821","epubbud:http://www.epubbud.com/epubs/P/G/PGV45EVK/A_War_of_Gifts__An_Ender_Story.epub","eng","story_books","2009-09-28T00:00:00+05:30","ePub Bud (www.epubbud.com)","","","1.0","130511","","A War of Gifts: An Ender Story","War of Gifts: An Ender Story, A","70742438-193c-4a45-a7f0-ec83dee684df"
"Holmes, D. J.","D. J. Holmes","","D:\story_books\D. J. Holmes\The Price of Liberty (Empire Rising (822)\cover.jpg","2025-07-04T21:19:55+05:30","epub","","822","mobi-asin:B072399TKW","eng","story_books","2017-05-21T11:30:00+05:30","","","","1.0","465458","","The Price of Liberty (Empire Rising Book 4)","Price of Liberty (Empire Rising Book 4), The","b73a0b03-95bd-4f1a-9874-4a9233e758d9"
"Holmes, D. J.","D. J. Holmes","","D:\story_books\D. J. Holmes\Siege of Earth (Empire Rising Book (823)\cover.jpg","2025-07-04T21:19:56+05:30","epub","","823","mobi-asin:B07SVLKW4P","eng","story_books","2019-06-06T03:30:00+05:30","","","","1.0","591000","","Siege of Earth (Empire Rising Book 6)","Siege of Earth (Empire Rising Book 6)","6673a8ef-6c18-4921-a0fd-607bed737cd1"
"Holmes, D. J.","D. J. Holmes","","D:\story_books\D. J. Holmes\Return to Haven (Empire Rising Book (824)\cover.jpg","2025-07-04T21:19:56+05:30","epub","","824","mobi-asin:B01N6M6213","eng","story_books","2016-12-29T12:30:00+05:30","","","","1.0","612270","","Return to Haven (Empire Rising Book 3)","Return to Haven (Empire Rising Book 3)","ce56ca61-8bc8-45fe-abbe-da95d203b0fd"
"Holmes, D. J.","D. J. Holmes","","D:\story_books\D. J. Holmes\Mutineer (Empire Rising Book 7) (825)\cover.jpg","2025-07-04T21:19:57+05:30","epub","","825","mobi-asin:B081SCJ9WR","eng","story_books","2019-11-20T12:30:00+05:30","","","","1.0","451198","","Mutineer (Empire Rising Book 7)","Mutineer (Empire Rising Book 7)","a880174b-13d0-461f-9931-e435f505f799"
"Holmes, D. J.","D. J. Holmes","","D:\story_books\D. J. Holmes\Last Stand (Empire Rising Book 12) (826)\cover.jpg","2025-07-04T21:19:57+05:30","epub","","826","mobi-asin:B09GKRLQKQ","eng","story_books","2021-09-16T03:30:00+05:30","","","","1.0","1094309","","Last Stand (Empire Rising Book 12)","Last Stand (Empire Rising Book 12)","71000204-e36a-4532-af51-de396dff5d41"
"Holmes, D. J.","D. J. Holmes","","D:\story_books\D. J. Holmes\Firestorm (Empire Rising Book 5) (827)\cover.jpg","2025-07-04T21:19:58+05:30","epub","","827","mobi-asin:B07CL1GTV5","eng","story_books","2018-04-22T03:30:00+05:30","","","","1.0","498752","","Firestorm (Empire Rising Book 5)","Firestorm (Empire Rising Book 5)","d31fa662-b81e-44c4-b1aa-589a3c16c072"
"Holmes, D. J.","D. J. Holmes","","D:\story_books\D. J. Holmes\Imperial Command (828)\cover.jpg","2025-07-04T21:19:59+05:30","epub","","828","mobi-asin:B08QTZP4L6","eng","story_books","2020-12-15T03:30:00+05:30","","","","1.0","539150","Sort2","Imperial Command","Imperial Command","34a740fe-e4ae-4113-8add-d5face6649fd"
"Holmes, D. J.","D. J. Holmes","","D:\story_books\D. J. Holmes\Empire's Doom (Empire Rising Book 8 (829)\cover.jpg","2025-07-04T21:20:00+05:30","epub","","829","mobi-asin:B087B8B5Q3","eng","story_books","2020-04-18T03:30:00+05:30","","","","1.0","525809","","Empire's Doom (Empire Rising Book 8)","Empire's Doom (Empire Rising Book 8)","3ece9089-109c-4f28-beab-35cf3c4e4dda"
"Holmes, D. J.","D. J. Holmes","","D:\story_books\D. J. Holmes\Empire's Birth (Empire Rising Book (830)\cover.jpg","2025-07-04T21:20:00+05:30","epub","","830","mobi-asin:B08G4ZQ6XG","eng","story_books","2020-08-17T03:30:00+05:30","","","","1.0","656851","","Empire's Birth (Empire Rising Book 9)","Empire's Birth (Empire Rising Book 9)","59df2979-d26a-4852-bebd-50f513b69fe9"
"Holmes, D. J.","D. J. Holmes","","D:\story_books\D. J. Holmes\Counterstrike (831)\cover.jpg","2025-07-04T21:20:01+05:30","epub","","831","mobi-asin:B092VSM671","eng","story_books","2021-04-18T03:30:00+05:30","","","","1.0","567159","","Counterstrike","Counterstrike","0961b5c4-b875-4311-9bee-07bb49dab400"
"Holmes, D. J.","D. J. Holmes","","D:\story_books\D. J. Holmes\A King's Ship (Empire Rising Book 2 (832)\cover.jpg","2025-07-04T21:20:01+05:30","epub","","832","mobi-asin:B01LBCMN8C","eng","story_books","2016-08-30T11:30:00+05:30","UNKNOWN","","","1.0","533752","","A King's Ship (Empire Rising Book 2)","King's Ship (Empire Rising Book 2), A","157b1254-e09f-4848-b8cb-0b4d9cae9282"
"Madow, Michelle","Michelle Madow","","D:\story_books\Michelle Madow\Elementals 5_ The Hands of Time (833)\cover.jpg","2025-07-04T21:20:02+05:30","epub","","833","mobi-asin:B01L4ASF60","eng","story_books","2016-11-25T00:00:00+05:30","Dreamscape Publishing","","","1.0","241898","","Elementals 5: The Hands of Time","Elementals 5: The Hands of Time","dd919048-4e6f-4246-9eec-a882ea7b715c"
"Madow, Michelle","Michelle Madow","FANS OF PERCY JACKSON AND THE SECRET CIRCLE WILL LOVE ELEMENTALS!","D:\story_books\Michelle Madow\Elementals_ The Prophecy of Shadows (834)\cover.jpg","2025-07-04T21:20:02+05:30","epub","","834","","eng","story_books","0101-01-01T05:30:00+05:30","","","","1.0","322881","Romance, urban fantasy, Magic, Young Adult, witchcraft, witch, teen, greek mythology, demigods, elemental","Elementals: The Prophecy of Shadows","Elementals: The Prophecy of Shadows","3b00901e-cc54-4e51-8007-8306ae454049"
"Madow, Michelle","Michelle Madow","","D:\story_books\Michelle Madow\Elementals 3_ The Head of Medusa (835)\cover.jpg","2025-07-04T21:20:03+05:30","epub","","835","mobi-asin:B01DQD7OBA","eng","story_books","2016-06-29T00:00:00+05:30","Dreamscape Publishing","","","1.0","253109","","Elementals 3: The Head of Medusa","Elementals 3: The Head of Medusa","6adf3ccc-a6fd-4290-9d19-542eae9cd5ae"
"Madow, Michelle","Michelle Madow","","D:\story_books\Michelle Madow\Elementals 4_ The Portal to Kerbero (836)\cover.jpg","2025-07-04T21:20:03+05:30","epub","","836","mobi-asin:B01HDPTEBA","eng","story_books","2016-09-10T00:00:00+05:30","Dreamscape Publishing","","","1.0","224833","","Elementals 4: The Portal to Kerberos","Elementals 4: The Portal to Kerberos","6140d772-07aa-42d9-979b-77f2eb525f40"
"Massey, M.D.","M.D. Massey","","D:\story_books\M.D. Massey\Underground Druid_ A New Adult Urba (837)\cover.jpg","2025-07-04T21:20:04+05:30","epub","","837","mobi-asin:B075L1PZKR","eng","story_books","2017-09-11T21:30:00+05:30","Modern Digital Publishing","","","1.0","278544","","Underground Druid: A New Adult Urban Fantasy Novel (The Colin McCool Paranormal Suspense Series Book 4)","Underground Druid: A New Adult Urban Fantasy Novel (The Colin McCool Paranormal Suspense Series Book 4)","8cc52681-43b6-4c47-9ecf-aa61ac2b9127"
"Madow, Michelle","Michelle Madow","Filled with magic, thrilling adventure, and sweet romance, Elementals: The Blood of the Hydra is the second novel in Michelle Madow’s Elementals series that fans of Percy Jackson and The Secret Circle will love!","D:\story_books\Michelle Madow\Elementals 2_ The Blood of the Hydr (838)\cover.jpg","2025-07-04T21:20:05+05:30","epub","","838","mobi-asin:B01AS6D4N0","eng","story_books","2016-04-18T04:30:00+05:30","Dreamscape Publishing","","","1.0","253386","witch, Magic, elemental, Romance, greek mythology, witchcraft, urban fantasy, Young Adult, demigods, teen","Elementals 2: The Blood of the Hydra","Elementals 2: The Blood of the Hydra","c888d384-1a01-4be9-b08a-a048fecfa449"
"Massey, M.D.","M.D. Massey","","D:\story_books\M.D. Massey\THEM Incursion_ A Scratch Sullivan (839)\cover.jpg","2025-07-04T21:20:06+05:30","epub","","839","mobi-asin:B00Y74U9EM","eng","story_books","2015-05-23T03:30:00+05:30","Modern Digital Publishing","","","1.0","432636","Sci-Fi & Fantasy","THEM Incursion: A Scratch Sullivan Paranormal Post-Apocalyptic Action Novel","THEM Incursion: A Scratch Sullivan Paranormal Post-Apocalyptic Action Novel","7ade6306-df97-4e23-8330-41784519a4c8"
"Massey, M.D.","M.D. Massey","","D:\story_books\M.D. Massey\THEM Counteractionn (840)\cover.jpg","2025-07-04T21:20:06+05:30","epub","","840","mobi-asin:B01FZOS4PS","eng","story_books","2016-05-20T12:30:00+05:30","Modern Digital Publishing","","","1.0","360795","Sci-Fi & Fantasy","THEM Counteractionn","THEM Counteractionn","50cb1368-b0f0-47b2-b724-c1c2350e9497"
"Massey, M.D.","M.D. Massey","","D:\story_books\M.D. Massey\THEM Gabby's Run_ Paranormal Apocal (841)\cover.jpg","2025-07-04T21:20:07+05:30","epub","","841","mobi-asin:B01HMMJAB8","eng","story_books","2016-06-26T03:30:00+05:30","Modern Digital Publishing","","","1.0","295310","Sci-Fi & Fantasy","THEM Gabby's Run: Paranormal Apocalypse: A Zombie Apocalypse Military Novel (THEM Paranormal Zombie Apocalypse Series Book 4)","THEM Gabby's Run: Paranormal Apocalypse: A Zombie Apocalypse Military Novel (THEM Paranormal Zombie Apocalypse Series Book 4)","c5255bd9-b822-4d87-8fca-f2de71b88186"
"Massey, M.D.","Massey, M.D.","","D:\story_books\Massey, M.D_\THEM (Book 0)_ Invasion (842)\cover.jpg","2025-07-04T21:20:07+05:30","epub","","842","mobi-asin:B01DO6ACV8","eng","story_books","2016-03-30T09:30:00+05:30","Modern Digital Publishing","","THEM","1.0","191756","Post-Apocalyptic , Zombies , Vampires","THEM (Book 0): Invasion","THEM (Book 0): Invasion","048add1e-d779-4e5f-b5f0-6adda240c56c"
"Massey, M.D.","M.D. Massey","","D:\story_books\M.D. Massey\Moonlight Druid_ A New Adult Urban (843)\cover.jpg","2025-07-04T21:20:08+05:30","epub","","843","mobi-asin:B072VKGC7N","eng","story_books","2017-06-30T00:00:00+05:30","Modern Digital Publishing","","","1.0","312306","","Moonlight Druid: A New Adult Urban Fantasy Novel (The Colin McCool Paranormal Suspense Series Book 3)","Moonlight Druid: A New Adult Urban Fantasy Novel (The Colin McCool Paranormal Suspense Series Book 3)","31bda7d8-dec6-4bd2-8148-a93ddbeca1a4"
"Massey, M.D.","M.D. Massey","","D:\story_books\M.D. Massey\Shade Cursed_ A Druidverse Urban Fa (844)\cover.jpg","2025-07-04T21:20:08+05:30","epub","","844","mobi-asin:B08XC3HL34","eng","story_books","2021-03-07T21:30:00+05:30","Modern Digital Publishing","","","1.0","290452","","Shade Cursed: A Druidverse Urban Fantasy Novel (The Shadow Changeling Series Book 1)","Shade Cursed: A Druidverse Urban Fantasy Novel (The Shadow Changeling Series Book 1)","04d06a8e-c731-4851-8b8d-ae8ced4a9029"
"Massey, M.D.","M.D. Massey","When the local vampire coven hires him to stop an undead outbreak, it sounds like money in the bank to everyone’s favorite down on his luck druid, Colin McCool. But when you’re cursed by an ancient fae sorceress with a score to settle, nothing is ever as it seems…","D:\story_books\M.D. Massey\Graveyard Druid_ A New Adult Urban (845)\cover.jpg","2025-07-04T21:20:09+05:30","epub","","845","mobi-asin:B01NAYUGIU","eng","story_books","2017-02-17T11:30:00+05:30","Modern Digital Publishing","","","1.0","305842","FIC010000, FIC009050, FIC009060","Graveyard Druid: A New Adult Urban Fantasy Novel (The Colin McCool Paranormal Suspense Series Book 2)","Graveyard Druid: A New Adult Urban Fantasy Novel (The Colin McCool Paranormal Suspense Series Book 2)","ff91c5cc-dbe2-4fc3-b716-2358dcb6c28c"
"Massey, M.D.","M.D. Massey","","D:\story_books\M.D. Massey\Druid's Due_ A New Adult Urban Fant (846)\cover.jpg","2025-07-04T21:20:10+05:30","epub","","846","mobi-asin:B07P7LG1CD","eng","story_books","2019-03-10T21:30:00+05:30","Modern Digital Publishing","","","1.0","281386","","Druid's Due: A New Adult Urban Fantasy Novel (The Colin McCool Paranormal Suspense Series Book 8)","Druid's Due: A New Adult Urban Fantasy Novel (The Colin McCool Paranormal Suspense Series Book 8)","2f4dc179-e618-41ab-9c0d-6489671f7c56"
"Massey, M.D.","M.D. Massey","","D:\story_books\M.D. Massey\Druid Mystic_ A New Adult Urban Fan (847)\cover.jpg","2025-07-04T21:20:10+05:30","epub","","847","mobi-asin:B0851LX6W5","eng","story_books","2020-03-12T21:30:00+05:30","Modern Digital Publishing","","","1.0","301679","","Druid Mystic: A New Adult Urban Fantasy Novel (The Colin McCool Paranormal Suspense Series Book 10)","Druid Mystic: A New Adult Urban Fantasy Novel (The Colin McCool Paranormal Suspense Series Book 10)","7d0fcfbd-98e4-4aa9-9242-b7ca6c9b7171"
"Massey, M.D.","M.D. Massey","","D:\story_books\M.D. Massey\Druid Justice_ A New Adult Urban Fa (848)\cover.jpg","2025-07-04T21:20:11+05:30","epub","","848","mobi-asin:B079Y7KDNL","eng","story_books","2018-02-23T21:30:00+05:30","Modern Digital Publishing","","","1.0","334096","","Druid Justice: A New Adult Urban Fantasy Novel (The Colin McCool Paranormal Suspense Series Book 5)","Druid Justice: A New Adult Urban Fantasy Novel (The Colin McCool Paranormal Suspense Series Book 5)","d4e7f21e-0b5c-4bac-81c1-c030a7c96414"
"Massey, M.D.","M.D. Massey","","D:\story_books\M.D. Massey\Druid Apprentice_ A New Adult Urban (849)\cover.jpg","2025-07-04T21:20:11+05:30","epub","","849","mobi-asin:B07WTSHHC3","eng","story_books","2019-09-05T21:30:00+05:30","Modern Digital Publishing","","","1.0","316876","","Druid Apprentice: A New Adult Urban Fantasy Novel (The Colin McCool Paranormal Suspense Series Book 9)","Druid Apprentice: A New Adult Urban Fantasy Novel (The Colin McCool Paranormal Suspense Series Book 9)","1e1e9001-cb96-443b-a329-785bb554fd21"
"Massey, M.D.","M.D. Massey","","D:\story_books\M.D. Massey\Druid Enforcer_ A New Adult Urban F (850)\cover.jpg","2025-07-04T21:20:12+05:30","epub","","850","mobi-asin:B07D5NTK86","eng","story_books","2018-05-28T03:30:00+05:30","Modern Digital Publishing","","","1.0","352042","","Druid Enforcer: A New Adult Urban Fantasy Novel (The Colin McCool Paranormal Suspense Series Book 6)","Druid Enforcer: A New Adult Urban Fantasy Novel (The Colin McCool Paranormal Suspense Series Book 6)","f2e7d4f6-8d3f-4ee1-9a52-192faa6ef92d"
"Massey, M.D.","M.D. Massey","","D:\story_books\M.D. Massey\Blood Scent_ A Junkyard Druid Urban (851)\cover.jpg","2025-07-04T21:20:12+05:30","epub","","851","mobi-asin:B07462PMR2","eng","story_books","2017-08-01T11:30:00+05:30","Modern Digital Publishing","","","1.0","254663","","Blood Scent: A Junkyard Druid Urban Fantasy Novella (Junkyard Druid Novellas Book 1)","Blood Scent: A Junkyard Druid Urban Fantasy Novella (Junkyard Druid Novellas Book 1)","00f80487-6f64-412c-a6e3-2cb30920cdef"
"Massey,M.D.","Massey,M.D.","Name’s Colin McCool… folks call me the Junkyard Druid. I’m not “cool” like the other hunters in town. I don’t run an occult bookstore, I’ve never owned a Harley, and I didn’t inherit a family fortune, either. Things are shit right now, because the local Fae Queen Maeve is blackmailing me into doing her dirty work. Now I’m in way over my head trying to retrieve her stolen magic rock. If I can just get the Faery Queen’s magic stone back, then I just might live long enough to finish my first semester of college.","D:\story_books\Massey,M.D_\Junkyard Druid_ A New Adult Urban F (852)\cover.jpg","2025-07-04T21:20:13+05:30","epub","","852","mobi-asin:B01M08QTJ6","eng","story_books","2016-10-04T04:30:00+05:30","Modern Digital Publishing","","","1.0","337817","FIC009050, FIC009060, FIC010000","Junkyard Druid: A New Adult Urban Fantasy Novel (The Colin McCool Paranormal Suspense Series Book 1)","Junkyard Druid: A New Adult Urban Fantasy Novel (The Colin McCool Paranormal Suspense Series Book 1)","d25f1485-7502-4407-9f2c-0aedd6d149fb"
"Massey, M. D.","M. D. Massey","","D:\story_books\M. D. Massey\Druid Vengeance (853)\cover.jpg","2025-07-04T21:20:13+05:30","epub","","853","mobi-asin:B07JL8JTWV","eng","story_books","2018-11-04T21:30:00+05:30","Modern Digital Publishing","","Colin McCool Series","7.0","327619","","Druid Vengeance","Druid Vengeance","f30a7f92-e513-4341-ac8c-cfde1fd16451"
"Massey, M.D.","M.D. Massey","","D:\story_books\M.D. Massey\Druid Master (854)\cover.jpg","2025-07-04T21:20:14+05:30","epub","","854","mobi-asin:B08QNJW9RZ","eng","story_books","2020-12-21T21:30:00+05:30","Modern Digital Publishing","","","1.0","302654","","Druid Master","Druid Master","65783c8b-8635-46f1-9eb5-b3cddda1697e"
"Butcher, Jim","Jim Butcher","**The inspiration for the Sci Fi channel television series**  

In Chicago, someone has been killing practitioners of magic, those incapable of becoming full-fledged wizards. Shockingly, all the evidence points to Harry Dresden's half-brother, Thomas, as the murderer. Determined to clear his sibling's name, Harry uncovers a conspiracy within the White Council of Wizards that threatens not only him, but his nearest and dearest, too...  

 **The Dabel Brothers are bringing the Dresden Files to life in comic book form—look for issues beginning April 2008! View more here!**
### From Publishers Weekly
 *Starred Review.* At the start of Butcher's superlative ninth Dresden Files novel (after 2006's *Proven Guilty* ), hardboiled wizard detective Harry Dresden learns that someone is killing Chicago's minor wizards. Joined by his police friend, Sergeant Murphy, and his Amazonian apprentice, Molly Carpenter, Harry discovers that his brother, Thomas, is a prime suspect. As a Warden of the White Council, at war with both the Red Court of blood-drinking vampires and the White Court of psychic vampires, Harry has to go into action. And there's plenty of that, including a battle with ghouls on the lakefront that turns into a gripping flashback of another encounter with ghouls some years before in New Mexico. The large cast features such finely drawn characters as gangster Gentleman Johnnie Marcone and Harry's first love, Elaine Mallory. This installment is sure to get a lift from *The Dresden Files* TV series, which debuted on the Sci-Fi Channel in January. *Author tour. (Apr.)*   
Copyright © Reed Business Information, a division of Reed Elsevier Inc. All rights reserved. 
### From Booklist
 *Starred Review* This time, when Harry Dresden gets a call from Murphy, it's off the record, because she has been demoted, things in SI are politically shaky, and the police have already declared a suicide. Once Harry gets a good look, though, the suicide is clearly a murder with magical intent. As he investigates, hoping as always to stop the killer before more die, evidence points to the worst possible suspect: his half brother. In another complicated case, there are a lot of very powerful players, and with the war between the White Council and the Red Court vampires, politics are played hard and fast. In tracking down the killer, Harry manages to catch the attention of the White Court vampires again, too. On top of all that, he is still teaching strong-willed, occasionally impulsive teenager Molly Carpenter, and the teacher-student dynamic is difficult for him. And oh, yes, Lasciel, the demon trapped in a coin Harry has secured under his summoning circle, is a lingering presence. As usual in the Dresden Files, of which this is volume 9, Butcher puts the characters in a lot of danger, creates appalling moral choices for them, and spins an excellent noirish detective yarn in a well-crafted, supernaturally charged setting. The supporting cast is again fantastic, and Harry's wit continues to fly in the face of a peril-fraught plot. *Regina Schroeder*  
 *Copyright © American Library Association. All rights reserved*
","D:\story_books\Jim Butcher\White Night (855)\cover.jpg","2025-07-04T21:20:14+05:30","epub","9780451461551","855","isbn:9780451461551","eng","story_books","2008-02-05T05:30:00+05:30","Roc","4.5","Serified.Dresden Files.SciFan.(#09 of 14)._.ICA Serified","1.0","333652","Private Investigators, Magicians, Brothers, Detective and Mystery Stories, Fantasy fiction, Contemporary, Dark Fantasy, General, Chicago (Ill.), fantasy, Wizards, Mystery Fiction, Epic, Fiction, Dresden; Harry (Fictitious Character), Magicians - Crimes Against","White Night","White Night","7438daa4-ea36-4162-969b-468e9ad3f3c2"
"Massey, M.D.","M.D. Massey","","D:\story_books\M.D. Massey\Druid Arcane_ A New Adult Urban Fan (856)\cover.jpg","2025-07-04T21:20:15+05:30","epub","","856","mobi-asin:B08CY9LCZM","eng","story_books","2020-07-30T21:30:00+05:30","Modern Digital Publishing","","","1.0","307821","","Druid Arcane: A New Adult Urban Fantasy Novel (The Colin McCool Paranormal Suspense Series Book 11)","Druid Arcane: A New Adult Urban Fantasy Novel (The Colin McCool Paranormal Suspense Series Book 11)","774caafa-472a-4adc-8986-3b7f1545f48c"
"Butcher, Jim","Jim Butcher","Private detective/wizard-for-hire Harry Dresden is suckered into tangling in the affairs of Faerie, where the fate of the entire world-and his soul-are at stake.
### Review
Highly recommended SFFWorld.com Fast paced and tightly plotted, Summer Knight delivers the kind of action-packed adventure Jim Butcher's fans have come to expect SFSite.com Arguably the finest urban fantasy series being written at the moment Bookgeeks.co.uk 
### Review
Highly recommended SFFWorld.com Fast paced and tightly plotted, Summer Knight delivers the kind of action-packed adventure Jim Butcher's fans have come to expect SFSite.com Arguably the finest urban fantasy series being written at the moment Bookgeeks.co.uk 
","D:\story_books\Jim Butcher\Summer Knight (857)\cover.jpg","2025-07-04T21:20:16+05:30","epub","9781101133941","857","isbn:9781101133941","eng","story_books","2002-09-03T05:30:00+05:30","Roc","4.5","Serified.Dresden Files.SciFan.(#04 of 14)._.ICA Serified","1.0","324893","fantasy, Contemporary, Fiction","Summer Knight","Summer Knight","72e20bdc-7511-4464-9b8f-f5ceb28618d0"
"Butcher, Jim","Jim Butcher","For Harry Dresden, Chicago's only professional wizard, business, to put it mildly, stinks. So when the police bring him in to consult on a grisly double murder committed with black magic, Harry's seeing dollar signs. But where there's black magic, there's a black mage behind it. And now that mage knows Harry's name.
### From Publishers Weekly
As in the audio adaptation of Butcher's first Dresden Files novel, Storm Front, Marsters (who played Spike on Buffy the Vampire Slayer) slips easily into the role of down-on-his-luck wizard Harry Dresden. Marsters's self-deprecating tone fits the character perfectly; he reads with a dry, ironic humor that doesn't mask Harry's genuine concern for the lives of innocents. Marsters also displays a remarkable skill for lending even the strangest characters and creatures voices-including gentleman gangster Johnny Marconi, his henchmen, a sexy female werewolf and Bob, the British-accented talking skull. In this outing, Harry is again out of cash, and police detective Karrin Murphy, who's still angry at him over the events of the first book, isn't inclined to throw work his way. But soon a series of mysterious, violent murders sends her to Harry for help. Are the killings the work of a local motorcycle gang? Or a werewolf-and if so, which werewolf? Mac Finn, the werewolf environmentalist? The group of idealistic college kids who voluntarily become werewolves by night? Or the trigger-happy group of FBI agents turned werewolf vigilantes? Though the price of this audio package may put off some listeners, Marsters's lively telling makes it worth every penny.  
Copyright © Reed Business Information, a division of Reed Elsevier Inc. All rights reserved. 
### Review
""An exciting debut novel... Wish I'd thought of this myself. Try it. You'll like it."" -- *Glen Cook, author of *Faded Steel Heat**  

""Exciting, well-plotted, complex, an excellent read and amazingly good first novel."" -- *Chris Bunch, author of *The Warrior King**
","D:\story_books\Jim Butcher\Storm Front (858)\cover.jpg","2025-07-04T21:20:16+05:30","epub","9780451457813","858","isbn:9780451457813","eng","story_books","2000-04-02T03:16:31+05:30","Roc","4","Serified.Dresden Files.SciFan.(#01 of 14)._.ICA Serified","1.0","229727","Fiction, Murder, Magic, Fantasy fiction, Contemporary, General, Chicago (Ill.), fantasy, Wizards, Dresden Harry ((Fictitious Character), Fantasy Fiction; American, Illinois, Dresden; Harry (Fictitious Character), Mystery and Detective Stories","Storm Front","Storm Front","2aa0a2de-c720-4354-8a63-c3913a1cbef6"
"Butcher, Jim","Jim Butcher","The White Council of Wizards has drafted Harry Dresden as a Warden and assigned him to look into rumors of black magic in Chicago. Malevolent entities that feed on fear are loose in the Windy City, but it's all in a day's work for a wizard, his faithful dog, and a talking skull named Bob.
### From Publishers Weekly
Harry Dresden, Chicago's only consulting wizard, takes on phobophages, creatures that feed on fear who attack a horror film convention, in the diverting eighth installment of Butcher's increasingly complicated Dresden Files series ( *Dead Beat* , etc.). Harry finds that fighting monsters is only the prelude to maneuvers amid the warring wizards of the White Council and the vampire Red Court. Less and less V.I. Warshawski with witchcraft, Harry aims his deductive powers at political intrigues rather than crime solving. The body count from the magical melees, however, would do any hard-boiled gumshoe proud. Butcher's believable, likable set of characters go for the jocular much more than the jugular. Deeper fears do run through the book, and Harry, taking on an apprentice, has to face up to the consequences of his all-too-human failings. Look for the series to really take off with the debut of a two-hour pilot on the Sci-Fi Channel this summer produced by Nicholas Cage. *(May)*   
Copyright © Reed Business Information, a division of Reed Elsevier Inc. All rights reserved. 
### From Booklist
The second Dresden Files hardcover finds Chicago wizard Harry Dresden assigned an unpleasant task by the White Council of Wizards. He has to find out where the Winter Fairy Court stands in the White Council's war against the vampires. To make matters worse, he has gotten a missive from a powerful wizard claiming someone is using black magic in Chicago. It doesn't take long for Harry to pinpoint the source of the problem. Molly, the daughter of a close friend, comes to him for help after her boyfriend is accused of attacking an elderly theater owner at a horror-movie convention. When another attack occurs and Harry sees the dangerous type of magic used, he knows he is dealing with a very serious threat indeed. Butcher is in fine form here, and with the Sci Fi channel in the process of turning the first Dresden Files novel, *Storm Front* (2000), into a TV movie, expect the series' audience to grow. *Kristine Huntley*  
 *Copyright © American Library Association. All rights reserved*
","D:\story_books\Jim Butcher\Proven Guilty (859)\cover.jpg","2025-07-04T21:20:17+05:30","epub","","859","","eng","story_books","2012-07-13T10:12:49+05:30","Roc","4.5","Serified.Dresden Files.SciFan.(#08 of 14)._.ICA Serified","1.0","447612","","Proven Guilty","Proven Guilty","f71d7e27-470e-486f-8706-b90108e9fa94"
"Butcher, Jim","Jim Butcher","In all his years of supernatural sleuthing, Harry Dresden has never faced anything like this: the spirit world's gone postal. These ghosts are tormented, violent, and deadly. Someone-or something-is purposely stirring them up to wreak unearthly havoc. But why? If Harry doesn't figure it out soon, he could wind up a ghost himself.
### From Publishers Weekly
Wizard Harry Dresden stars in the third installment of the Dresden Files (following Fool Moon), a haunting, fantastical novel that begins almost as innocently as those of another famous literary wizard named Harry. In the opening scene, Dresden and his knight friend, Michael, battle the ghost of a woman who is terrorizing a local hospital's maternity ward. From there, the novel quickly evolves into an unorthodox tale spiced with sexual innuendo and subtle humor (Dresden carries his ghost-hunting gear in an old Scooby-Doo lunch box). Due to the weakened barrier between the spirit world which Butcher refers to as ""the nevernever"" and the actual world, obsessive and violent ghosts are on the loose in modern-day Chicago, and they seem to be targeting Dresden and Michael. Horny vampires and possessive demons join the mix as Dresden journeys into the spirit world to hunt down the villains who are terrorizing him and his friends. Butcher narrates Dresden's story in the first person, which limits the amount of detail he can inject into the lives of his secondary characters. Despite this narrow point of view, Butcher successfully lends human dimensions to vampires and spirits through his vivid descriptions and colloquial dialogue. (Sept.)Forecast: A vivid cover showing glowing barbed wire wrapped around a pair of cemetery gates is misleading as is a cover quote appealing to fans of Laurell K. Hamilton and Tanya Huff but it will catch the browser's eye. This over-the-top tale is more likely to entertain young adult readers than fans of the aforementioned authors.
Copyright 2001 Cahners Business Information, Inc.
### From Booklist
Called to Cook County hospital to deal with an enraged ghost, Harry Dresden, Chicago's resident wizard, is puzzled and disturbed not by the ghost's wrath but by the fact that someone had cast a torture spell on it, goading it into action. Harry's disturbance increases when he discovers that the same spell has been cast on one of his friends. Harry begins to realize that he and his friends may be targets of a vengeful spirit, and as he desperately tries to discover which of his many enemies has it in for him, his friends are attacked one by one. The spirit, whom Harry refers to as the Nightmare, continues to torment Harry's friends until he manages to cast a spell preventing it from harming anyone else until it kills him, which leads to a showdown that Harry might not survive. Harry is a likable protagonist with more than his share of troubles, and *Grave Peril* will keep readers turning the pages to find out how he overcomes them. *Kristine Huntley*  
 *Copyright © American Library Association. All rights reserved*
","D:\story_books\Jim Butcher\Grave Peril (860)\cover.jpg","2025-07-04T21:20:17+05:30","epub","9780451458445","860","isbn:9780451458445","eng","story_books","2001-09-02T00:44:40+05:30","Roc","4.5","Serified.Dresden Files.SciFan.(#03 of 14)._.ICA Serified","3.0","301486","Wizards - Illinois - Chicago, Ghost Stories, Dresden; Harry (Fictitious Characters), fantasy, Fantasy fiction, Contemporary, General, Chicago (Ill.), Science Fiction, Wizards, Mystery Fiction, Fiction, Dresden; Harry (Fictitious Character)","Grave Peril","Grave Peril","63227c36-6d6f-4542-b6ba-e9b91ccc4f33"
"Butcher, Jim","Jim Butcher","Could a werewolf be loose in Chicago? Common sense says no. The grisly evidence says yes. So does Harry Dresden. And with his weird connections, he should know.
### Review
A fun new occult mystery series. -- *Locus*  

A really enjoyable read...Jim Butcher strikes just the right narrative balance between wizard and wiseguy, mystic and mobster. -- *Lynn Flewelling, author of Traitor's Moon*  

A very promising start to a news series...unusually well-crafted. -- *Locus*  

Exciting, well-plotted, complex, an excellent read and amazingly good first novel. -- *Chris Bunch, author of The Warrior King*  

Fans of Laurel K. Hamilton and Tanya Huff will love this series. -- *Harriet Klausner, BookBrowser*  

Fans of Laurell K. Hamilton and Tanya Huff will love this new fantasy series. -- *BookBrowser*  

Good luck putting the book down, I know I couldn't. -- *Fan Attic*  

Harry is a remarkable character...With more novels like this gem, Jim Butcher will not need magic to become a household name. -- *BookBrowser*  

Try it, you'll like it. An exciting debut novel suggesting there are wizards and witches among us... wish I'd thought of it myself. -- *Glen Cook, author of Faded Steel Hat*
### About the Author
A martial arts enthusiast whose resume includes a long list of skills rendered obsolete at least two hundred years ago, Jim Butcher turned to writing as a career because anything else probably would have driven him insane. He lives with his wife, his son and a ferocious guard dog. 
","D:\story_books\Jim Butcher\Fool Moon (861)\cover.jpg","2025-07-04T21:20:18+05:30","epub","9780451458124","861","isbn:9780451458124","eng","story_books","2001-01-02T03:16:12+05:30","Roc","4","Serified.Dresden Files.SciFan.(#02 of 14)._.ICA Serified","2.0","260262","Wizards - Illinois - Chicago, Detective and Mystery Stories, Magic, Dresden; Harry (Fictitious Characters), Werewolves, Fantasy fiction, Wizards, Contemporary, General, Chicago (Ill.), Science Fiction, fantasy, Mystery Fiction, Occult fiction, Fiction, Dresden; Harry (Fictitious Character)","Fool Moon","Fool Moon","5416cc81-c516-4755-a58e-f073b645ca36"
"Butcher, Jim","Jim Butcher","Meet Harry Dresden, Chicago's first (and only) Wizard P.I. Turns out the 'everyday' world is full of strange and magical things - and most of them don't play well with humans. That's where Harry comes in. Harry Dresden should be happy that business is good - makes a change. But now he's getting more than he bargained for: a duel with the Red Court of Vampires' champion, who must kill Harry to end the war between vampires and wizards; professional hit men using Harry for target practice; the missing Shroud of Turin (less missing than expected) and a headless corpse the Chicago police need identifying ...Not to mention the return of Harry's ex-girlfriend Susan, still struggling with her semi-vampiric nature. And who seems to have a new man. Some days, it just doesn't pay to get out of bed. No matter how much you're charging. Magic - it can get a guy killed. --This text refers to the Paperback edition.","D:\story_books\Jim Butcher\Death Masks (862)\cover.jpg","2025-07-04T21:20:18+05:30","epub","","862","","eng","story_books","2012-07-13T10:12:54+05:30","PENGUIN group","5","Serified.Dresden Files.SciFan.(#05 of 14)._.ICA Serified","1.0","271950","","Death Masks","Death Masks","c0cc2a61-70e6-412f-8cd0-3c3dde2c06b9"
"Butcher, Jim","Butcher, Jim","","D:\story_books\Butcher, Jim\Butcher, Jim - Dresden 06 - Blood R (863)\cover.jpg","2025-07-04T21:20:18+05:30","epub","","863","","eng","story_books","0101-01-01T05:30:00+05:30","","","","1.0","341201","","Butcher, Jim - Dresden 06 - Blood Rites","Butcher, Jim - Dresden 06 - Blood Rites","3a133e17-1dfd-4540-99d1-8042e1ef88f4"
"Butcher, Jim","Jim Butcher","**Unabridged CDs, 10 CDs, 13 hours**  

Read by James Marsters  

""The wildest, strangest, best Dresden adventure to date...Butcher's blending of modern fantasy with classic noir sensibilities ensures that there's never a dull moment.""  
- *SF Site*  

### About the Author
A martial arts enthusiast whose resume includes a long list of skills rendered obsolete at least two hundred years ago, Jim Butcher turned to writing as a career because anything else probably would have driven him insane. He lives with his wife, his son and a ferocious guard dog. 
","D:\story_books\Jim Butcher\Dead Beat (864)\cover.jpg","2025-07-04T21:20:19+05:30","epub","","864","","eng","story_books","2012-07-13T10:12:52+05:30","Penguin Audio","5","Serified.Dresden Files.SciFan.(#07 of 14)._.ICA Serified","1.0","323651","","Dead Beat","Dead Beat","05c5a45a-ae37-43cb-95d3-2bab6f7237cb"
"Unknown","Unknown","","","2025-07-04T21:20:19+05:30","txt","","865","","","story_books","0101-01-01T05:30:00+05:30","","","","1.0","3399","","info","info","4a8040d6-5c09-4136-ab9f-220dfb177316"
"Crawford, C.N.","C.N. Crawford","","D:\story_books\C.N. Crawford\Nocturnal Magic (Shadows & Flame Se (866)\cover.jpg","2025-07-04T21:20:20+05:30","epub","","866","mobi-asin:B01M8PKPKK","eng","story_books","2016-10-30T09:30:00+05:30","","","","1.0","530881","","Nocturnal Magic (Shadows & Flame Series Book 2)","Nocturnal Magic (Shadows & Flame Series Book 2)","7725593e-16b6-4b94-b30e-8b00ec8e704e"
"Crawford, C.N.","C.N. Crawford","","D:\story_books\C.N. Crawford\Primeval Magic (Shadows & Flame Ser (867)\cover.jpg","2025-07-04T21:20:21+05:30","epub","","867","mobi-asin:B072MXSX1Y","eng","story_books","2017-06-10T09:30:00+05:30","","","","1.0","476476","","Primeval Magic (Shadows & Flame Series Book 3)","Primeval Magic (Shadows & Flame Series Book 3)","8f458fe0-4694-4cfa-b7bb-35848ea81319"
"Crawford, C.N.","C.N. Crawford","","D:\story_books\C.N. Crawford\Eternal Magic (Shadows & Flame Seri (868)\cover.jpg","2025-07-04T21:20:22+05:30","epub","","868","mobi-asin:B07BNNLLRW","eng","story_books","2018-03-22T09:30:00+05:30","","","","1.0","491063","","Eternal Magic (Shadows & Flame Series Book 4)","Eternal Magic (Shadows & Flame Series Book 4)","6c15065f-da5f-4503-bb27-07cd63c55aa3"
"Crawford, C.N.","C.N. Crawford","","D:\story_books\C.N. Crawford\Infernal Magic (Shadows & Flame Ser (869)\cover.jpg","2025-07-04T21:20:22+05:30","epub","","869","mobi-asin:B01HVSCQYQ","eng","story_books","2016-07-01T09:30:00+05:30","","","","1.0","499462","","Infernal Magic (Shadows & Flame Series Book 1)","Infernal Magic (Shadows & Flame Series Book 1)","5901b5ba-d4a5-4460-be0b-68905c5b00c4"
"Hoover, Colleen & Jackson, A.L. & Easton, B.B. & Perry, Devney & Grayson, K.L. & Romig, Aleatha & Breene, K.F. & Anastasia, Debra & Rapp, T.K. & Daws, Amy & Shahriary, Cathlin & Scott, Emma & Grace, Evan & Gabriela, Gianna & Scott, Ginger & Wheeler, Jaci & Salsbury, J.B. & Sorensen, Jessica & Solano, Julie & Justice, Tracy & Soto, S.M. & Wilde, Lilly & Farlow, L.K. & Lynn, M. & Blair, Santana","Colleen Hoover & A.L. Jackson & B.B. Easton & Devney Perry & Tijan & K.L. Grayson & Aleatha Romig & K.F. Breene & Debra Anastasia & T.K. Rapp & Amy Daws & Cathlin Shahriary & Emma Scott & Evan Grace & Gianna Gabriela & Ginger Scott & Jaci Wheeler & J.B. Salsbury & Jessica Sorensen & Julie Solano & Tracy Justice & S.M. Soto & Lilly Wilde & L.K. Farlow & M. Lynn & Santana Blair","","D:\story_books\Colleen Hoover\One More Step (870)\cover.jpg","2025-07-04T21:20:22+05:30","epub","","870","mobi-asin:B08BS39976","eng","story_books","2020-07-07T00:00:00+05:30","Bookworm Box, Inc.","","","1.0","708242","","One More Step","One More Step","6cede53f-4976-49be-ae8d-25ef9035f840"
"Breene, K.F.","K.F. Breene","","D:\story_books\K.F. Breene\Born in Fire (Fire and Ice Trilogy (871)\cover.jpg","2025-07-04T21:20:23+05:30","epub","","871","mobi-asin:B06VXR25KZ","eng","story_books","2017-02-18T00:00:00+05:30","","","","1.0","367227","","Born in Fire (Fire and Ice Trilogy Book 1)","Born in Fire (Fire and Ice Trilogy Book 1)","9f270a68-43d8-4599-a9b3-08fb458b2c8d"
"Breene, K.F.","K.F. Breene","","D:\story_books\K.F. Breene\The Council (Darkness #5) (872)\cover.jpg","2025-07-04T21:20:23+05:30","epub","","872","mobi-asin:B00NMOMJA0","eng","story_books","2014-10-30T05:30:00+05:30","","","","1.0","243704","","The Council (Darkness #5)","Council (Darkness #5), The","610af50e-d078-452d-a5cc-f55f1268543e"
"Breene, K. F.","K. F. Breene","Life for Sasha isn’t getting easier. She has survived run-in’s with monstrous Dulcha, lived through an abduction, and even made it past Charles’ constant badgering for sex. But if she thought the hurdles of this new life were behind her, she was dead wrong.
When the Regional comes to visit Stefan’s clan, the pressure increases. Sasha finds herself on a giant scale, assessed for her magic and held in the balance. If she doesn’t have the magic Stefan hopes, she could find herself on the street while still in grave danger. Even with a favorable outcome, however, her inability to use her magic presents a road block not easily crossed. 
No, life is not getting easier. 
Stefan feels the heat, too. He must finally declare a mate, and admitting his desire for a human is the worst form of taboo. He could jeopardize not only his place as leader, but his and Sasha’s lives. His decision is like walking on a razor’s edge.
","D:\story_books\K. F. Breene\On a Razor's Edge (873)\cover.jpg","2025-07-04T21:20:24+05:30","epub","","873","goodreads:20959528,mobi-asin:B00JUCH25U,amazon:B00JUCH25U","eng","story_books","2014-04-21T09:30:00+05:30","","","Darkness,","3.0","221360","","On a Razor's Edge","On a Razor's Edge","0a015c54-b1db-4d69-a42c-d1b50ccc27f9"
"K.F. Breene","K.F. Breene","","D:\story_books\K.F. Breene\Jonas (Darkness #7) (874)\cover.jpg","2025-07-04T21:20:24+05:30","epub","","874","mobi-asin:B00Q3K6MRG","eng","story_books","2014-12-16T03:30:00+05:30","","","","1.0","180963","","Jonas (Darkness #7)","Jonas (Darkness #7)","7724d22e-e22c-4d46-a0de-12271b82f810"
"Breene, K.F.","K.F. Breene","","D:\story_books\K.F. Breene\Shadow Watcher (Darkness #6) (875)\cover.jpg","2025-07-04T21:20:24+05:30","epub","","875","mobi-asin:B00P179WME","eng","story_books","2014-11-25T00:00:00+05:30","","","","1.0","262539","","Shadow Watcher (Darkness #6)","Shadow Watcher (Darkness #6)","d5746417-9a43-4012-9c7f-96efeb1a4e72"
"Breene, K.F.","K.F. Breene","","D:\story_books\K.F. Breene\Jameson (Darkness #9) (876)\cover.jpg","2025-07-04T21:20:25+05:30","epub","","876","mobi-asin:B01NBFE3N4","eng","story_books","2016-11-30T00:00:00+05:30","Hazy Dawn Press, Inc.","","","1.0","245688","","Jameson (Darkness #9)","Jameson (Darkness #9)","51ea215b-8c87-46ae-8295-4ea5e1150363"
"Breene, K. F.","K. F. Breene","I’d always been different. I saw objects in the night where others saw emptiness. Large, human shaped shadows, fierce yet beautiful, melting into the darkness. I collected secrets like other women collected bells; afraid to fully trust lest my oddities be exposed. 
Until I saw him. He’d been gliding down the street, unshakable confidence in every step. It wasn’t just that he was breathtakingly handsome with perfect features. Something about him drew me. Sucked my focus to him and then tugged at my body. As his eyes met mine, I was entrapped. 
No one had noticed him. He’d been right there, just beyond the light, but only I had perceived. 
I had to know if he was real. Or maybe I really was crazy. And even when my secret box was blasted wide open, dangers hurled at me like throwing knives, I couldn’t stop until I unraveled his true identity. 
I just had to know. 
“She was fated to live.”  
“Then why must you save her?”  
“Often Fate is struck down by dumb luck.”
","D:\story_books\K. F. Breene\Into the Darkness (877)\cover.jpg","2025-07-04T21:20:25+05:30","epub","","877","mobi-asin:B00HZLCINE,goodreads:19162511","eng","story_books","2014-01-21T10:30:00+05:30","","","Darkness","1.0","235353","","Into the Darkness","Into the Darkness","f0e482f0-4932-4df0-8cfd-4c2379ef33d2"
"Breene, K.F.","K.F. Breene","","D:\story_books\K.F. Breene\Demons (Darkness #4) (878)\cover.jpg","2025-07-04T21:20:25+05:30","epub","","878","mobi-asin:B00LYPIQRY","eng","story_books","2014-07-19T12:30:00+05:30","","","","1.0","234731","","Demons (Darkness #4)","Demons (Darkness #4)","8d796236-8d23-46a4-b09c-d0377da20727"
"K.F. Breene","K.F. Breene","","D:\story_books\K.F. Breene\Charles (Darkness #8) (879)\cover.jpg","2025-07-04T21:20:25+05:30","epub","","879","mobi-asin:B00XTAEA90","eng","story_books","2015-05-16T09:30:00+05:30","Hazy Dawn Press, Inc.","","","1.0","158997","","Charles (Darkness #8)","Charles (Darkness #8)","794d7393-1b76-42cd-8c91-23878f3fec7f"
"Breene, K. F.","K. F. Breene","Sasha has always known she was different, but now she also knows that the shadow men she’s seen all her life, are real. 
With a life goal of fitting in, Sasha hopes her strange abilities will finally make true friendship a possibility. Unfortunately, her magic doesn’t function like everyone else’s. What she thought would make her belong, sets her apart now more than ever. 
Stefan, all but promised to a different woman, has tried to keep his mind on his duties instead of the irresistible and free-spirited human. But when she is threatened, he can’t keep his distance anymore. He realizes he’ll stop at nothing to keep her safe, and more importantly, make her his. 
Just when one thing clicks into place, another spirals out of control. Stefan’s clan isn’t the only group that would benefit from an extremely rare type of magic. And their enemies will stop at nothing to get what they want. 
Braving the Elements is the second novella in K.F.Breene’s long awaited Darkness series. Sasha’s story is one of discovery, awareness, and understanding, and is jam packed with action, humor, sexual tension, and an overwhelming desire for final acceptance.
","D:\story_books\K. F. Breene\Braving the Elements (880)\cover.jpg","2025-07-04T21:20:26+05:30","epub","","880","goodreads:19162557,mobi-asin:B00J4UERNI","eng","story_books","2013-02-14T10:30:00+05:30","","","Darkness,","2.0","238653","","Braving the Elements","Braving the Elements","d9a9b13a-f0b7-42d2-9e75-2db4df1eb8d5"
"Madow, Michelle","Michelle Madow","","D:\story_books\Michelle Madow\The Vampire Trick (Dark World_ The (881)\cover.jpg","2025-07-04T21:20:27+05:30","epub","","881","mobi-asin:B074L8KRT6","eng","story_books","2017-09-06T21:30:00+05:30","Dreamscape Publishing","","","1.0","340240","","The Vampire Trick (Dark World: The Vampire Wish Book 3)","Vampire Trick (Dark World: The Vampire Wish Book 3), The","9381b3c1-a45a-4997-86c8-83ec0372b68e"
"Madow, Michelle","Michelle Madow","","D:\story_books\Michelle Madow\The Vampire Prince (The Vampire Wis (882)\cover.jpg","2025-07-04T21:20:27+05:30","epub","","882","mobi-asin:B071XJT6ZT","eng","story_books","2017-08-02T21:30:00+05:30","Dreamscape Publishing","","","1.0","263072","","The Vampire Prince (The Vampire Wish Book 2)","Vampire Prince (The Vampire Wish Book 2), The","8e6c7f5f-3e99-4a1e-84c3-765e9adfebcf"
"Madow, Michelle","Michelle Madow","","D:\story_books\Michelle Madow\The Vampire Fate (Dark World_ The V (883)\cover.jpg","2025-07-04T21:20:27+05:30","epub","","883","mobi-asin:B075C811FB","eng","story_books","2017-10-04T21:30:00+05:30","Dreamscape Publishing","","","1.0","352272","","The Vampire Fate (Dark World: The Vampire Wish Book 4)","Vampire Fate (Dark World: The Vampire Wish Book 4), The","4a1dcd22-4a7e-4046-9d9e-e6c0ed891568"
"Madow, Michelle","Michelle Madow","","D:\story_books\Michelle Madow\The Faerie Wand (Dark World_ The Fa (884)\cover.jpg","2025-07-04T21:20:28+05:30","epub","","884","mobi-asin:B08231XRLY","eng","story_books","2020-02-22T21:30:00+05:30","Dreamscape Publishing","","","1.0","514547","","The Faerie Wand (Dark World: The Faerie Games Book 4)","Faerie Wand (Dark World: The Faerie Games Book 4), The","040b1e07-b5f5-4db1-8417-5ac95cd2afe7"
"Madow, Michelle","Michelle Madow","","D:\story_books\Michelle Madow\The Faerie Plague (Dark World_ The (885)\cover.jpg","2025-07-04T21:20:28+05:30","epub","","885","mobi-asin:B089CTFYBT","eng","story_books","2020-06-18T21:30:00+05:30","Dreamscape Publishing","","","1.0","589562","","The Faerie Plague (Dark World: The Faerie Games Book 5)","Faerie Plague (Dark World: The Faerie Games Book 5), The","a756cccf-c491-4799-97ed-3e22493cc15c"
"Madow, Michelle","Michelle Madow","","D:\story_books\Michelle Madow\The Faerie Pawn (Dark World_ The Fa (886)\cover.jpg","2025-07-04T21:20:28+05:30","epub","","886","mobi-asin:B07WW5DS13","eng","story_books","2019-10-29T21:30:00+05:30","Dreamscape Publishing","","","1.0","434121","","The Faerie Pawn (Dark World: The Faerie Games Book 2)","Faerie Pawn (Dark World: The Faerie Games Book 2), The","a7e92c9c-2cb9-4426-8557-8e0f4ab338bc"
"Madow, Michelle","Michelle Madow","","D:\story_books\Michelle Madow\The Faerie Mates (Dark World_ The F (887)\cover.jpg","2025-07-04T21:20:28+05:30","epub","","887","mobi-asin:B07YYMZXRD","eng","story_books","2019-12-05T21:30:00+05:30","Dreamscape Publishing","","","1.0","480952","","The Faerie Mates (Dark World: The Faerie Games Book 3)","Faerie Mates (Dark World: The Faerie Games Book 3), The","8167d31a-5285-489d-a92a-b1f01e9f2fce"
"Madow, Michelle","Michelle Madow","","D:\story_books\Michelle Madow\The Faerie Games (Dark World_ The F (888)\cover.jpg","2025-07-04T21:20:29+05:30","epub","","888","mobi-asin:B07TQ7VBK8","eng","story_books","2019-08-29T21:30:00+05:30","Dreamscape Publishing","","","1.0","375357","","The Faerie Games (Dark World: The Faerie Games Book 1)","Faerie Games (Dark World: The Faerie Games Book 1), The","63b1b666-5f53-4d46-851a-578d8ee409d6"
"Madow, Michelle","Michelle Madow","","D:\story_books\Michelle Madow\The Dragon Twins (Dark World_ The D (889)\cover.jpg","2025-07-04T21:20:29+05:30","epub","","889","mobi-asin:B08KTVQF75","eng","story_books","2020-10-29T21:30:00+05:30","Dreamscape Publishing","","","1.0","526789","","The Dragon Twins (Dark World: The Dragon Twins Book 1)","Dragon Twins (Dark World: The Dragon Twins Book 1), The","54593954-23c9-40f9-83ef-07ad439130e7"
"Madow, Michelle","Michelle Madow","","D:\story_books\Michelle Madow\The Angel Trap (Dark World_ The Ang (890)\cover.jpg","2025-07-04T21:20:29+05:30","epub","","890","mobi-asin:B07DHB656L","eng","story_books","2018-07-30T21:30:00+05:30","Dreamscape Publishing","","","1.0","341686","","The Angel Trap (Dark World: The Angel Trials Book 3)","Angel Trap (Dark World: The Angel Trials Book 3), The","036eccfa-80c9-40fd-b13b-185f0c3f341f"
"Madow, Michelle","Michelle Madow","","D:\story_books\Michelle Madow\The Angel Test (Dark World_ The Ang (891)\cover.jpg","2025-07-04T21:20:30+05:30","epub","","891","mobi-asin:B07PMYGDH3","eng","story_books","2019-05-29T21:30:00+05:30","Dreamscape Publishing","","","1.0","337783","","The Angel Test (Dark World: The Angel Trials Book 7)","Angel Test (Dark World: The Angel Trials Book 7), The","fe2e1454-40b1-426d-ab00-50a40837ca18"
"Madow, Michelle","Michelle Madow","","D:\story_books\Michelle Madow\The Angel Secret (Dark World_ The A (892)\cover.jpg","2025-07-04T21:20:30+05:30","epub","","892","mobi-asin:B07MW1RHHB","eng","story_books","2019-03-29T21:30:00+05:30","Dreamscape Publishing","","","1.0","340138","","The Angel Secret (Dark World: The Angel Trials Book 6)","Angel Secret (Dark World: The Angel Trials Book 6), The","595c16be-d166-4c4a-b440-9a85bcaf2d41"
"Madow, Michelle","Michelle Madow","","D:\story_books\Michelle Madow\The Angel Hunt (Dark World_ The Ang (893)\cover.jpg","2025-07-04T21:20:30+05:30","epub","","893","mobi-asin:B07CVN1ZY7","eng","story_books","2018-05-16T21:30:00+05:30","Dreamscape Publishing","","","1.0","344488","","The Angel Hunt (Dark World: The Angel Trials Book 2)","Angel Hunt (Dark World: The Angel Trials Book 2), The","96370f14-183c-4414-ba53-2e421998c94d"
"Madow, Michelle","Michelle Madow","","D:\story_books\Michelle Madow\The Vampire Rules (894)\cover.jpg","2025-07-04T21:20:31+05:30","epub","","894","","eng","story_books","0101-01-01T05:30:00+05:30","Dreamscape Publishing","","","1.0","346013","","The Vampire Rules","Vampire Rules, The","3e124296-293e-43a8-a601-10e38e888f3e"
"Madow, Michelle","Michelle Madow","","D:\story_books\Michelle Madow\The Vampire War (895)\cover.jpg","2025-07-04T21:20:31+05:30","epub","","895","mobi-asin:B0778ZG7RV","eng","story_books","2017-12-21T21:30:00+05:30","Dreamscape Publishing","","Dark World: The Vampire Wish","5.0","353051","","The Vampire War","Vampire War, The","b17bed28-b386-4988-9caf-a2ac804868bd"
"Freeman, Madeline","Madeline Freeman","","D:\story_books\Madeline Freeman\Christmas in Clearwater_ A Clearwat (896)\cover.jpg","2025-07-04T21:20:32+05:30","epub","","896","","eng","story_books","0101-01-01T05:30:00+05:30","Laurealinde Publishing LLC","","","1.0","591890","","Christmas in Clearwater: A Clearwater Witches Tale","Christmas in Clearwater: A Clearwater Witches Tale","9b86ebfd-b89f-410d-93a4-75542426ac0a"
"Freeman, Madeline","Madeline Freeman","","D:\story_books\Madeline Freeman\Cursed Magic (897)\cover.jpg","2025-07-04T21:20:32+05:30","epub","","897","","eng","story_books","0101-01-01T05:30:00+05:30","","","","1.0","302649","","Cursed Magic","Cursed Magic","07e54db0-20b8-4978-a892-9666ccc88805"
"Freeman, Madeline","Madeline Freeman","Dark Magic by Madeline Freeman
After darkness consumes Krissa, is there any hope for salvation?
When Krissa disappears to join the Amaranthine, Fox knows he has to save her. But the magical world beyond Clearwater is more dangerous than he can imagine, and even with Sasha's help, locating Krissa can have deadly consequences.
With time running out before the Amaranthine achieve eternal life and become invulnerable, Fox and Sasha must team up with a menacing group with a fearsome reputation if they hope to find their friend.
But locating Krissa isn't enough. If they can't remove the darkness from within her the Amaranthine will unleash an immortal assassin on the world. Killing Krissa may be the only alternative, but is that a line Fox is willing to cross?
","D:\story_books\Madeline Freeman\Dark Magic (898)\cover.jpg","2025-07-04T21:20:33+05:30","epub","9781538005118","898","kobo:dark-magic-15,goodreads:33001814,barnesnoble:w/dark-magic-madeline-freeman/1125150815,amazon:B01N0EPIX0,isbn:9781538005118,mobi-asin:B01N0EPIX0","eng","story_books","2016-11-01T10:30:00+05:30","NOOK Press","5","Clearwater Witches","6.0","409316","fantasy, Childrens","Dark Magic","Dark Magic","0affd6b1-c39f-4299-bbeb-b333496e7ac8"
"Freeman, Madeline","Madeline Freeman","","D:\story_books\Madeline Freeman\Moon Magic (899)\cover.jpg","2025-07-04T21:20:33+05:30","epub","","899","","eng","story_books","0101-01-01T05:30:00+05:30","","","","1.0","378379","","Moon Magic","Moon Magic","89a0c065-3ab0-4347-8a3d-e517d03f6404"
"Freeman, Madeline","Madeline Freeman","","D:\story_books\Madeline Freeman\Circle Magic (900)\cover.jpg","2025-07-04T21:20:33+05:30","epub","","900","","eng","story_books","0101-01-01T05:30:00+05:30","","","","1.0","360239","","Circle Magic","Clearwater Witches 1-3","558d2ebb-7d49-4030-8e84-48bca93b2261"
"Freeman, Madeline","Madeline Freeman","Kristyl Barnette&apos;s life was finally coming together. In Clearwater, she found the reason why she could hear people&apos;s thoughts and make objects move. She found friends to stand by her. And, in Owen Marsh, she even found someone she could love.  But one spell changed everything.  Thrust into an alternate reality, Kristyl must navigate a new past and different relationships, all while keeping the secret only she and Crystal Jamison know: In their attempt to find a powerful stone for the circle of witches to anchor to, they altered the past.  Owen barely looks at her. She&apos;s forced to act like she&apos;s friends with the circle and to pretend she&apos;s been dating Fox Holloway for years. And to make matters worse, the quartz stone she retrieved from the past might not be the source of pure energy the circle hoped for. There&apos;s a darkness to it Kristyl doesn&apos;t trust.  Now people are dying mysteriously, and Kristyl must form new alliances with old friends in order to prevent more deaths--and to save the circle from destruction.  Power comes at a price. Will Kristyl be able to pay it before it&apos;s too late?","D:\story_books\Madeline Freeman\Wild Magic (Clearwater Witches Book (901)\cover.jpg","2025-07-04T21:20:34+05:30","epub","","901","mobi-asin:B00MSYN1XE","eng","story_books","2014-08-16T05:30:00+05:30","","","","1.0","409758","","Wild Magic (Clearwater Witches Book 2)","Wild Magic (Clearwater Witches Book 2)","d3b5c932-e81f-49e8-aa0b-7655974d7470"
"Freeman, Madeline","Madeline Freeman","Nothing is safe around Kristyl Barnette. Windows break. Books rocket across the room. Lights flicker. Strange occurrences follow the sixteen-year-old everywhere. She’s an outcast at her school, but everything changes in the blink of an eye.   When tragedy forces her to move to the small town of Clearwater, Michigan, with her estranged aunt Jodi, Kristyl tries to leave her past behind. She makes friends and catches the attention of Owen Marsh, who accepts her without question and who may be able to understand her better than anyone.   But Owen isn’t the only one who notices her. The mysteriously alluring Fox Holloway draws Kristyl’s eye whenever he’s around. And Clearwater High’s chief mean-girl, Crystal Jamison, has her sights set on Kristyl and will stop at nothing to prove what Kristyl really is.   A witch.   Magic can be as dangerous as fire, and Aunt Jodi wants Kristyl to have nothing to do with it. But when a mysterious illness threatens her aunt’s life, Kristyl will do anything to cure her. Enlisting the help of witches could save Jodi, but is dealing in magic worth the consequences?","D:\story_books\Madeline Freeman\Crystal Magic (902)\cover.jpg","2025-07-04T21:20:34+05:30","epub","","902","","eng","story_books","2014-07-15T00:00:00+05:30","","","","1.0","716967","","Crystal Magic","Crystal Magic","647797ec-2fa3-469a-8c5d-1984e9429caa"
"Hunter, C. C.","C. C. Hunter","Everything is changing, and Kylie's not sure how to feel about it. It's her senior year at Shadow Falls, but her boyfriend, Lucas Parker, has already graduated and has new responsibilities with the werewolf council. When he breaks a promise to her and leaves on a two-week mission for his pack, she starts to worry that their love just isn't strong enough to stand the test of time.While still devastated by his absence and the emotional distance that's grown between them, Kylie's visited by a new spirit with a vague but urgent message: ""Save him."" The spectral visits are unsettling and confounding, but when Kylie discovers the ghost's connection to Lucas, she becomes terrified. Lucas is the one she needs to save. While their future may still be uncertain, Kylie will do whatever it takes to save the life of the only boy she's ever truly loved.Buy Fighting Back for more heart-stopping romance and suspense!First time on sale! This novella was previously offered as a giveaway for fans...","D:\story_books\C. C. Hunter\Fighting Back (903)\cover.jpg","2025-07-04T21:20:34+05:30","epub","","903","","eng","story_books","0101-01-01T05:30:00+05:30","C. C. Hunter","","","1.0","818793","Young Adult, Dark Fantasy, teen, ghost, paranornal","Fighting Back","Fighting Back","1b587474-7cac-495e-bed1-638b41b4721f"
"Hunter, C. C.","Hunter, C. C.","***Don’t miss this magnificent final chapter in the breathtaking Shadow Falls series! Kylie’s epic journey is about to lead her exactly where she belongs…***
When Kylie Galen entered Shadow Falls Camp, she left her old life behind forever and discovered a world more magical than she ever imagined. A place where you’re two best friends can be a witch and a vampire…and where love doesn’t happen the way you’d expect. 
When Kylie’s most powerful enemy returns to destroy her once and for all, there’s only one way to stop him—to step into her full powers and make a stunning transformation that will amaze everyone around her. But her journey won’t be complete until she makes one final choice…which guy to love. Should she choose to the werewolf who broke her heart but will give anything to win her back, or the half-fae who ran from their attraction before they had a chance? Everything she’s learned at Shadow Falls has been preparing her for this moment—when her fate will be revealed and her heart claimed forever.
From author C. C. Hunter comes *Chosen at Nightfall* , the final book in the New York Times bestselling Shadow Falls series about a camp for paranormal teens.
### Review
Praise for *Shadow Falls* :
“Ms. Hunter handles this series with such deftness, crafting a wonderful tale. I highly recommend this series filled with darkness and light, hope and danger, friendship and romance.” — *Night Owl Reviews* (Top Pick)
“Jam-packed with action and romance . . . Hunter’s lifelike characters and paranormal creatures populate a plot that will keep you guessing till the very end. A perfect mesh of mystery, thriller, and romance. Vampires, weres and fae, oh my!” — *Romantic Times*
“The newest in the super-popular teen paranormal genre, this book is one of the best. This one is going on the keeper shelf!” — *Fresh Fiction*
### About the Author
C.C. Hunter lives in Spring, Texas, where she’s at work on her next novel. 
","D:\story_books\Hunter, C. C_\Chosen at Nightfall (904)\cover.jpg","2025-07-04T21:20:35+05:30","epub","9781250012906","904","isbn:9781250012906","eng","story_books","2013-01-01T12:30:00+05:30","Griffin","","Shadow Falls","5.0","925784","Speculative Fiction","Chosen at Nightfall","Chosen at Nightfall","2a920cbc-ddee-45aa-af60-82fa21019689"
"Hunter, C. C.","C. C. Hunter","*Shadow Falls Camp is back in session with the most explosive installment yet. A shocking new threat will rock Shadow Falls—changing it forever and altering Kylie’s journey in ways she never imagined.*
Even at a camp for supernatural teens, Kylie Galen has never been normal. Not only can she see ghosts, but she doesn’t seem to belong to any one species—she exhibits traits from them all. As Kylie struggles to unlock the secrets of her identity, she begins to worry that Lucas will never be able to accept her for what she is, and what she isn’t…a werewolf. With his pack standing in their way, Kylie finds herself turning more and more to Derek, the only person in her life who’s willing to accept the impossible.
As if life isn’t hard enough, she starts getting visits from the ghost of Holiday, her closest confidante. Trouble is, Holiday isn’t dead…not yet anyway. Now Kylie must race to save one of her own from an unseen danger before it’s too late—all while trying to stop her relationship with Lucas from slipping away forever. In a world of constant confusion, there’s only one thing Kylie knows for sure. Change is inevitable and all things must come to an end…maybe even her time at Shadow Falls.
The breathtaking fourth installment of the New York Times bestselling Shadow Falls series from author C. C. Hunter...Whispers at Moonrise.
### Review
Praise for The Shadow Falls series:
“The relationship Kylie has with both Lucas and Derek is addicting! How could anyone choose between the two? It’s not often that I love a series as much as I have with Shadow Falls. I find myself thinking of nothing else! This has been one of my favorite series of all time!” – *Open Book Society*
“I absolutely loved the story. I found it to be a very exciting and entertaining beginning to, what i can only pray to be, an equally amazing series.” – *Mocha Latte Reads*
 *“* I loved *Born at Midnight! It* rocked and was definitely a fun and mysterious read!” – *The Bookworms*
“As always, C. C. Hunter never fails to amaze me with her storytelling. I just loved this series. The plot twists were intriguing, there was just the right amount of mystery, tension, laugh out loud moments, romance and very emotional scenes. This is the kind of book that every teenager should read.” – *Fic Book Reviews*
“Shadow Falls Camp is a place I would like to visit, and being there with Kylie was an absolute pleasure. This was one of my favorite reads this year.” – *Down The Rabbit Hole*
“The Shadow Falls series belongs to my favorite YA series. It has everything I wish for in a YA paranormal series. A thrilling tale that moves with a great pace, where layers of secrets are revealed in a way that we are never bored. It continues a gripping story about self-discoveries, finding a place in the world, friendship, and love. So if you didn’t start this series yet, I can only encourage you to do so.” – *Bewitched Bookworms*
“TAKEN AT DUSK starts off with action and never loses momentum. C.C. Hunter takes readers on a supernatural thrill ride, full of suspense, drama, laughter and intense emotions from page one all the way through the last page, ending in one of the biggest cliffhangers I've read.” --Guilty Pleasures Book Reviews
“Ms. Hunter handles this series with such deftness, crafting a wonderful tale that speaks to the adolescent in me. I highly recommend this series filled with darkness and light, hope and danger, friendship and romance.” – *Night Owl Reviews* (Top Pick)  

“ *Taken At Dusk* has even more drama and answers for Kylie. Jam-packed with action and romance from the very beginning, Hunter’s lifelike characters and paranormal creatures populate a plot that will keep you guessing till the very end. A perfect mesh of mystery, thriller, and romance. Vampires, weres and fae, oh my!” – *Romantic Times*
“ *Awake At Dawn* was an enjoyable read with a refreshing cast of teenagers with a unique take on the paranormal… The ending took me totally by surprise and I am anxious to see what the next book holds!” – *Night Owl Teen Reviews*
“AWAKE AT DAWN is an emotional thrill ride full of suspense, action, laughter, multiple love stories and an intriguing variety of paranormal species. I could not put this book down and can't wait to start TAKEN AT DUSK as soon as I finish this review.” – *Guilty Pleasures Book Reviews*
“Recommended this book to people who like the House of Night series, Hush, hush, Nightshade, Fallen and Hex Hall.” – *Flamingnet Book Reviews*
“ *Awake At Dawn* is the second book in the Shadow Falls series and it is easily as awesome as the first! There is almost always something new or exciting going on…and readers will easily connect to Kylie and some of the secondary characters.” -- *Live To Read Blog*
“ *Awake at Dawn* is addicting. Somewhere close to the middle, I knew I had to finish that day or I would not be able to sleep. I needed my answers and I just knew if I waited a little longer I would get some Lucas action….You are going to love *Awake At Dawn*!” – *Awesome Sauce Book Club*
“ *Born at Midnight* is addicting. Kylie’s journey of self-discovery and friendship is so full of honesty, it’s impossible not to fall in love with her and Shadow Falls..and with two sexy males vying for her attention, the romance is scorching. *Born at Midnight* has me begging for more, and I love, love, love it!” – *Verb Vixen*
“The evolving, not-always-easy relationships among Kylie and her cabin mates Della and Miranda are rendered as engagingly as Kylie's angst over dangerous Lucas and appealing Derek. Just enough plot threads are tied up to make a satisfying stand-alone tale while whetting appetites for sequels to come” – *Publishers Weekly*
 *“* This book has it all, and readers wont’ ant to put it down. Hunter packs on the twists, and then leaves you handing with an amazing hook ending, just waiting for more.” -- *Romantic Times*
“With intricate plotting and characters so vivid you’d swear they are real, BORN AT MIDNIGHT is an addictive treawt. Funny, poignant, romantic and downright scary in places, it hits all the right notes. Hightly recommended.” – *Houston* *Lifestyles and Homes Magazine*
“I laughed and cried so much while reading this…I LOVED this book. I read it every chance I could get because I didn't want to put it down. The characters were well developed and I felt like I knew them from the beginning. The storyline and mystery that went along with it kept me glued to my couch not wanting to do anything else but find out what the heck was going on.” – *Urban Fantasy Investigations Blog*
“This has everything a YA reader would want…I read it over a week ago and I am still thinking about it. I can't get it out of my head. I can't wait to read more. This series is going to be a hit!” – *Awesome Sauce Book Club*
“The newest in the super-popular teen paranormal genre, this book is one of the best. Kylie is funny and vulnerable, struggling to deal with her real-world life and her life in a fantastical world she's not sure she wants to be a part of. Peppered throughout with humor and teen angst, *Born At Midnight* is a laugh-out-loud page-turner. This one is going on the keeper shelf next to my Armstrong and Meyer collections!” – *Fresh Fiction*
“Seriously loved this book! This is definitely a series you will want to watch out for. C.C. Hunter has created a world of hot paranormals that I didn't want to leave.” -- *Looksie Lovitz Book Blog*
“ *Born at Midnight* has a bit of everything…a strong unique voice from a feisty female lead, a myriad of supporting Supernatural characters, a fiery romance with two intriguing guys - mixed all together with a bit of mystery – making *Born at Midnight* a sure fire hit!” -- *A Life Bound By Books*
“Very exciting, taking twists and turns I never expected. The main character grows very well throughout the story, overcoming obstacles and realizing things she never thought possible. And the author masterfully ended it just right.” – *Flamingnet Book Reviews*
 **
******
### ***About the Author***
 * **C.C. HUNTER is a pseudonym for award-winning romance author Christie Craig. She lives in Spring, Texas, where she's at work on the next Shadow Falls novel.***
","D:\story_books\C. C. Hunter\Whispers at Moonrise (905)\cover.jpg","2025-07-04T21:20:35+05:30","epub","9781250011923","905","amazon:1250011914,isbn:9781250011923","eng","story_books","2012-10-02T12:30:00+05:30","St. Martin's Griffin","","Shadow Falls","4.0","370229","","Whispers at Moonrise","Whispers at Moonrise","d487c724-b1e5-4222-b013-d506d9651148"
"Hunter, C. C.","C. C. Hunter","","D:\story_books\C. C. Hunter\Midnight Hour (906)\cover.jpg","2025-07-04T21:20:35+05:30","epub","","906","","eng","story_books","0101-01-01T05:30:00+05:30","St. Martin’s Press","","","1.0","1488556","","Midnight Hour","Midnight Hour","43b9516e-c01d-44c2-a8cb-d38b9d81d34f"
"Hunter, C. C.","C. C. Hunter","","D:\story_books\C. C. Hunter\Saved at Sunrise (907)\cover.jpg","2025-07-04T21:20:36+05:30","epub","9781466835566","907","isbn:9781466835566","eng","story_books","0101-01-01T05:30:00+05:30","St. Martin’s Griffin","","","1.0","496935","","Saved at Sunrise","Saved at Sunrise","dff7d4f0-336c-489a-b5ab-44cfc431bc18"
"Hunter, C. C.","C. C. Hunter","***Unspoken truths will be revealed-and they will change everything--in this dazzling*** ** *final chapter of the Shadow Falls: After Dark trilogy!***  
***** *  
******Della Tsang is facing the toughest fight of her life-and the most personal. In her new role as an elite paranormal investigator, she's assigned a twenty year old murder case...and the accused killer is none other than her own father. 
Making matters worse, since she was reborn, she's been bound to the mysterious and infuriatingly gorgeous Chase Tallman-a vampire with his own hidden agenda. Della still feels betrayed by all the secrets he's kept from her, but she'll need his help to find out the truth about her father. But what about Steve, the hunky shape-shifter who she can't seem to forget?
The quest for answers will lead them into the darkest, ugliest supernatural gangs in town... and into the scariest reaches of their hearts.
","D:\story_books\C. C. Hunter\Unspoken (908)\cover.jpg","2025-07-04T21:20:36+05:30","epub","9781466875036","908","google:wHLhBQAAQBAJ,mobi-asin:B00R6DRZP2,goodreads:23941406,isbn:9781466875036,amazon:B00R6DRZP2,barnesnoble:w/unspoken-c-c-hunter/1120790359","eng","story_books","2015-10-26T21:30:00+05:30","St. Martin's Press","4","Shadow Falls: After Dark","3.0","560227","vampires, Young Adult, fantasy, Romance, Juvenile Fiction, Fantasy & Magic, Love & Romance, Thrillers & Suspense","Unspoken","Unspoken","c3bef8c2-a1e3-4f09-b619-50058b347a11"
"C., Hunter, C.","Hunter, C. C.","","D:\story_books\Hunter, C. C_\Taken at Dusk (909)\cover.jpg","2025-07-04T21:20:36+05:30","epub","","909","epubbud:http://www.epubbud.com/temploc/epubs/6UC28QBY/final/Taken_at_Dusk.epub","eng","story_books","2012-05-03T00:00:00+05:30","ePub Bud (www.epubbud.com)","","","1.0","420260","","Taken at Dusk","Taken at Dusk","fb75be7b-8e32-4505-9a46-12e13ca363df"
"Hunter, C. C.","C. C. Hunter","","D:\story_books\C. C. Hunter\Almost Midnight (910)\cover.jpg","2025-07-04T21:20:36+05:30","epub","9781466892859","910","isbn:9781466892859","eng","story_books","0101-01-01T05:30:00+05:30","St. Martin’s Press","","","1.0","1420104","","Almost Midnight","Almost Midnight","c220716e-d7d5-46af-805a-8383eb24d513"
"Hunter, C. C.","C. C. Hunter","""Spectacular! I love Della's sarcastic and yet deeply sensitive perspective and can't wait to see how things unfold for her.""— *Fresh Fiction*  
**  
* Just when Della feels like she's starting to figure out her life, she finds herself *reborn *…and her new existence comes with a whole different rulebook.*  
Della's secret powers always made her feel like an outsider in the human world. Now, just when she's starting to feel like she belongs—at Shadow Falls, a camp for teens with paranormal powers—her life is turned upside down all over again. Attacked by a deadly virus, she must make the difficult choice to be *reborn*. It's her only chance at survival, but it comes with a price: It irreparably bonds her to Chase, a tall, dark and mesmerizing vampire who makes her laugh one minute and infuriates her the next.  
Chase already knows too many of Della's secrets, and being eternally bonded to him is the last thing she wants. Even worse, she doesn't fully understand what their bond means. Is the attraction she's started feeling for Chase real—or does fate have something else in store? And what does that mean for Steve, the hot shapeshifter whose kisses make her weak in the knees? Now Della's battered heart is about to take another hit. While investigating her latest case, she discovers shocking evidence about her father's dark past, making her question everything she believes to be true…and her place in the world she loves.
Read More
","D:\story_books\C. C. Hunter\Eternal (911)\cover.jpg","2025-07-04T21:20:37+05:30","epub","9781466843066","911","isbn:9781466843066,goodreads:20944615,google:Na9zAwAAQBAJ,barnesnoble:w/eternal-c-c-hunter/1119919991,mobi-asin:691e646a-e849-4d79-af52-4a58069544bb","eng","story_books","2014-10-27T21:30:00+05:30","St. Martin's Press","4","Shadow Falls: After Dark","2.0","820909","Juvenile Fiction, Fantasy & Magic, Love & Romance, Thrillers & Suspense","Eternal","Eternal","8305c6ba-13c7-482e-ac99-2643c037e81f"
"Hunter, C. C.","C. C. Hunter","","D:\story_books\C. C. Hunter\Awake at Dawn (912)\cover.jpg","2025-07-04T21:20:38+05:30","epub","","912","","eng","story_books","0101-01-01T05:30:00+05:30","","","","1.0","518563","","Awake at Dawn","Awake at Dawn","08988cd7-b58f-4741-96e4-17e7bcb0a076"
"C. C. Hunter","C. C. Hunter","When magic, romance and family secrets collide, the result is spellbinding!Miranda Kane has always felt like a screw up--at least when it comes to her ability to wield magic. Her only sanctuary is Shadow Falls camp, where she's learning to harness her powers as a witch. But thanks to her shapeshifter boyfriend who called it quits and ran off to Paris, both her heart and powers feel broken. When she unexpectedly lands a top spot in a spell casting competition in France, she flies out with her best friends Kylie and Della. But her trip takes her straight into the heart of a dangerous supernatural mystery--and a heated romance. What Miranda doesn't expect is for her investigation to unleash shocking revelations...about herself, her family, and her arch enemy. Now Miranda must step up and show everyone that she's a witch to be reckoned with....before it's too late.
","D:\story_books\C. C. Hunter\Spellbinder (913)\cover.jpg","2025-07-04T21:20:39+05:30","epub","9781466891326","913","mobi-asin:B00VE732LC,isbn:9781466891326","eng","story_books","2015-06-30T09:30:00+05:30","St. Martin's Griffin","","","1.0","368672","","Spellbinder","Spellbinder","1cb2ab90-3c4d-4c3e-8db3-c392d6d4f208"
"Hunter, C. C.","C. C. Hunter","Enter Shadow Falls: After Dark *and meet a vampire named Della, who's about to discover what her own story is meant to be. . . .*  
**Della had the perfect life-the family, a boyfriend, and a bright future-until she was turned, and abandoned by everyone she loves. She takes refuge at Shadow Falls, a camp for teens with paranormal powers. It's where she and her best friends, Kylie and Miranda, heal their heartbreak with laughter, and where Della is training to be a paranormal investigator-and she refuses to be distracted. That means there's no time for romance with Steve, a gorgeous shapeshifter whose kisses melt her heart. When a new vampire named Chase shows up at camp, Della's world is thrown into even more chaos. Arrogant and annoyingly sexy, Chase is a mystery . . . and the only mystery Della likes is one she can solve. She can't solve Chase, at least not while she's dealing with ghostly hauntings, vampire gangs and a web of family secrets. Can she prove herself as an investigator and keep her life-and her heart-intact? From bestselling author C. C. Hunter comes* Reborn*, the first book in a new series set once more in the world of Shadow Falls.
Read More
","D:\story_books\C. C. Hunter\Reborn (914)\cover.jpg","2025-07-04T21:20:39+05:30","epub","9781250035929","914","barnesnoble:w/reborn-c-c-hunter/1115480203,ff:h/c-c-hunter/reborn,google:6oa7ngEACAAJ,isbn:9781250035929,goodreads:18633912","eng","story_books","2014-05-19T21:30:00+05:30","St. Martin's Press","4","Shadow Falls: After Dark","1.0","408084","vampires, Young Adult, fantasy, Romance, Teen Paranormal","Reborn","Reborn","38f16bb3-8c07-4724-b9b3-bc5655ac51bb"
"Hunter, C. C.","C. C. Hunter","<p>He isn't everything he says he is.&#12288; He's even more<I>...</P></I>Who is Chase Tallman, the newest member of Shadow Falls? What made him into the sexy, mysterious vampire he is today? And what led him to Della Tsang?</P>Step back in time and unearth the secrets that haunt him. &#12288;The secret of how he became a vampire&#8212;and how he knows so much about being reborn.&#12288; Secrets about his first love, his family&#8212;and what steers him toward Della, the beautiful, complicated girl he just can't seem to stay away from. The one who makes him want things he thought he'd given up on long ago. </P>It all began with a research study, a palm reader, and a plane crash that sent him on a quest...for a love that's <I>unbreakable</I>.","D:\story_books\C. C. Hunter\Unbreakable (915)\cover.jpg","2025-07-04T21:20:39+05:30","epub","","915","","eng","story_books","2014-09-12T05:30:00+05:30","St. Martin's Press","","","1.0","2105588","","Unbreakable","Unbreakable","bd8bd74c-e36b-471a-8735-cdca5d006bc4"
"Hunter, C. C.","C. C. Hunter","Turned at dark A Bonus Shadow Falls Short Story
Independent and strong-willed Della Tsang did not believe in ghosts, until she sees her dead cousin in a dark alley. She did not believe in vampires, until she turns into one. Should she follow her vampire cousin’s lead and walk away from everything she knows, or join Shadow Falls, a camp for *special* teens.
Don’t miss the first book in the Shadow Falls series, *Born at Midnight* , on sale March 2011. 
","D:\story_books\C. C. Hunter\Turned at Dark (916)\cover.jpg","2025-07-04T21:20:39+05:30","epub","9781429996471","916","isbn:9781429996471","eng","story_books","2011-03-01T05:30:00+05:30","St. Martin's Press","3.5","","1.0","67475","vampires, Paranormal, Juvenile Fiction, Short Story, Fantasy & Magic","Turned at Dark","Turned at Dark","0b1fcf48-ec7b-4ccc-ae90-1e1195e7d94d"
"Chan, Lan","Lan Chan","","D:\story_books\Lan Chan\Bloodline Sorcery_ A Young Adult Ur (917)\cover.jpg","2025-07-04T21:20:40+05:30","epub","","917","mobi-asin:B082Y5XY8Q","eng","story_books","2019-12-19T03:30:00+05:30","","","","1.0","250619","","Bloodline Sorcery: A Young Adult Urban Fantasy Academy Novel (Bloodline Academy Book 0)","Bloodline Sorcery: A Young Adult Urban Fantasy Academy Novel (Bloodline Academy Book 0)","370f339e-9dcc-430c-bd89-ed71c3ef64f1"
"Chan, Lan","Lan Chan","","D:\story_books\Lan Chan\Bloodline Secrecy_ A Young Adult Ur (918)\cover.jpg","2025-07-04T21:20:40+05:30","epub","","918","mobi-asin:B081GBPNF5","eng","story_books","2020-01-10T11:30:00+05:30","","","","1.0","385816","","Bloodline Secrecy: A Young Adult Urban Fantasy Academy Novel (Bloodline Academy Book 2)","Bloodline Secrecy: A Young Adult Urban Fantasy Academy Novel (Bloodline Academy Book 2)","24c08458-e133-4151-baf5-1c69f7934f37"
"Chan, Lan","Lan Chan","","D:\story_books\Lan Chan\Bloodline Legacy_ A Young Adult Urb (919)\cover.jpg","2025-07-04T21:20:40+05:30","epub","","919","mobi-asin:B08BK99GK6","eng","story_books","2020-07-16T21:30:00+05:30","","","","1.0","493951","","Bloodline Legacy: A Young Adult Urban Fantasy Academy Novel (Bloodline Academy Book 4)","Bloodline Legacy: A Young Adult Urban Fantasy Academy Novel (Bloodline Academy Book 4)","07cc4e95-da1a-41c6-8bec-3c74634d6957"
"Chan, Lan","Lan Chan","","D:\story_books\Lan Chan\Bloodline Fallacy_ A Young Adult Ur (920)\cover.jpg","2025-07-04T21:20:41+05:30","epub","","920","mobi-asin:B08CMMPBL5","eng","story_books","2020-11-26T21:30:00+05:30","","","","1.0","528228","","Bloodline Fallacy: A Young Adult Urban Fantasy Academy Novel (Bloodline Academy Book 5)","Bloodline Fallacy: A Young Adult Urban Fantasy Academy Novel (Bloodline Academy Book 5)","8a9c1566-5f1e-4eaf-8688-fdac183d1c58"
"Chan, Lan","Lan Chan","","D:\story_books\Lan Chan\Bloodline Diplomacy_ A Young Adult (921)\cover.jpg","2025-07-04T21:20:41+05:30","epub","","921","mobi-asin:B083GH6SNJ","eng","story_books","2020-02-21T11:30:00+05:30","","","","1.0","380305","","Bloodline Diplomacy: A Young Adult Urban Fantasy Academy Novel (Bloodline Academy Book 3)","Bloodline Diplomacy: A Young Adult Urban Fantasy Academy Novel (Bloodline Academy Book 3)","7db50ce0-d59b-4524-b08c-a41fa6a4e3ce"
"Trivedi, Ahava","Ahava Trivedi","","D:\story_books\Ahava Trivedi\Sanguine Spell (922)\cover.jpg","2025-07-04T21:20:41+05:30","epub","","922","","eng","story_books","2020-06-20T09:30:00+05:30","","","Bloodline Academy","3.0","613952","","Sanguine Spell","Sanguine Spell","7f93896c-12f1-4346-addc-78ff5a14c250"
"Chan, Lan","Lan Chan","","D:\story_books\Lan Chan\Bloodline Academy_ A Young Adult Ur (923)\cover.jpg","2025-07-04T21:20:41+05:30","epub","","923","mobi-asin:B07ZLQYSYP","eng","story_books","2019-11-21T21:30:00+05:30","","","","1.0","453204","","Bloodline Academy: A Young Adult Urban Fantasy Academy Novel (Bloodline Academy Book 1)","Bloodline Academy: A Young Adult Urban Fantasy Academy Novel (Bloodline Academy Book 1)","771f1341-e72e-4be3-95e7-f78c68a0122e"
"Trivedi, Ahava","Ahava Trivedi","","D:\story_books\Ahava Trivedi\Magic Within_ A Young Adult Urban F (924)\cover.jpg","2025-07-04T21:20:42+05:30","epub","","924","mobi-asin:B07Z2WHZDM","eng","story_books","2019-12-20T11:30:00+05:30","","","","1.0","480488","","Magic Within: A Young Adult Urban Fantasy Novel (Bloodline Academy Book 1)","Magic Within: A Young Adult Urban Fantasy Novel (Bloodline Academy Book 1)","5e1ade8e-0326-464d-b0d3-7cbf02cd4ccb"
"Trivedi, Ahava","Ahava Trivedi","","D:\story_books\Ahava Trivedi\Dark Spark_ A Young Adult Urban Fan (925)\cover.jpg","2025-07-04T21:20:42+05:30","epub","","925","mobi-asin:B083GBKB34","eng","story_books","2020-02-14T11:30:00+05:30","","","","1.0","473802","","Dark Spark: A Young Adult Urban Fantasy Novel (Bloodline Academy Book 2)","Dark Spark: A Young Adult Urban Fantasy Novel (Bloodline Academy Book 2)","1997ec2c-32b0-4836-9101-43f93c95c6ae"
"Annett, Danielle","Danielle Annett","","D:\story_books\Danielle Annett\Cursed by Fire (Blood & Magic Book (926)\cover.jpg","2025-07-04T21:20:43+05:30","epub","","926","mobi-asin:B00QKYB57M","eng","story_books","2015-01-28T10:30:00+05:30","","","","1.0","391525","","Cursed by Fire (Blood & Magic Book 1)","Cursed by Fire (Blood & Magic Book 1)","acf4bac1-e416-40a0-9b53-4ab20d793d34"
"annett, danielle","annett, danielle","","D:\story_books\annett, danielle\blood and magic 02 - kissed by fire (927)\cover.jpg","2025-07-04T21:20:44+05:30","epub","","927","mobi-asin:dd1a64c5-8f69-44c0-aede-7344fe5c02f7","eng","story_books","2015-09-15T09:30:00+05:30","","","","1.0","440780","","blood and magic 02 - kissed by fire","blood and magic 02 - kissed by fire","a3a43d95-2cff-4678-8bdf-c6a1a662b049"
"Annett, Danielle","Danielle Annett","","D:\story_books\Danielle Annett\Burned by Fire (Blood & Magic Book (928)\cover.jpg","2025-07-04T21:20:44+05:30","epub","","928","mobi-asin:B01I21RRW2","eng","story_books","2016-09-29T21:30:00+05:30","UNKNOWN","","","1.0","443788","","Burned by Fire (Blood & Magic Book 3)","Burned by Fire (Blood & Magic Book 3)","72497a5f-e314-4e4e-81de-3b2cbcff5742"
"Annett, Danielle","Danielle Annett","","D:\story_books\Danielle Annett\Branded by Fire_ A Paranormal Urban (929)\cover.jpg","2025-07-04T21:20:45+05:30","epub","","929","mobi-asin:B0743JH23R","eng","story_books","2017-10-17T08:30:00+05:30","Coffee and Characters LLC","","","1.0","199010","","Branded by Fire: A Paranormal Urban Fantasy Series (Blood & Magic Book 4)","Branded by Fire: A Paranormal Urban Fantasy Series (Blood & Magic Book 4)","78005e85-5e43-4216-8c67-bde6fc30ce06"
"Annett, Danielle","Danielle Annett","","D:\story_books\Danielle Annett\Forged by Fire_ An Urban Fantasy No (930)\cover.jpg","2025-07-04T21:20:46+05:30","epub","","930","mobi-asin:B07Y23B3R9","eng","story_books","2019-11-02T21:30:00+05:30","","","","1.0","339201","","Forged by Fire: An Urban Fantasy Novel (Blood and Magic Book 6)","Forged by Fire: An Urban Fantasy Novel (Blood and Magic Book 6)","0eb100af-225e-4312-8a2b-59558684c306"
"Annett, Danielle","Danielle Annett","","D:\story_books\Danielle Annett\Consumed by Fire_ An Urban Fantasy (931)\cover.jpg","2025-07-04T21:20:46+05:30","epub","","931","mobi-asin:B07DCG71HK","eng","story_books","2018-09-24T21:30:00+05:30","Coffee and Characters","","","1.0","185647","","Consumed by Fire: An Urban Fantasy Novel (Blood and Magic Book 5)","Consumed by Fire: An Urban Fantasy Novel (Blood and Magic Book 5)","8e395e9e-984a-4059-a2f8-5b013556fae6"
"Estep, Jennifer","Jennifer Estep","","D:\story_books\Jennifer Estep\Bright Blaze of Magic (932)\cover.jpg","2025-07-04T21:20:47+05:30","epub","","932","","eng","story_books","2016-02-26T00:00:00+05:30","Kensington","","","1.0","330888","","Bright Blaze of Magic","Bright Blaze of Magic","0cb1bb88-8d53-4380-921a-af9aacf7d2a5"
"Hunter, C. C.","C. C. Hunter","","D:\story_books\C. C. Hunter\Born At Midnight (933)\cover.jpg","2025-07-04T21:20:47+05:30","epub","","933","","eng","story_books","0101-01-01T05:30:00+05:30","","","","1.0","352821","","Born At Midnight","Born At Midnight","47f98b93-c498-4e2c-9d6f-319a41f45b28"
"Estep, Jennifer","Jennifer Estep","""Jennifer Estep is a genius!"" --Simply Nerdy<br><br><b>Something Wicked This Way Comes .  .  .</b><br><br>As a thief, I stick to the shadows as much as possible. But when the head of the Sinclair Family picks me to compete in the Tournament of Blades, there's no escaping the spotlight--or the danger. <br><br>Even though he's my competition, Devon Sinclair thinks I have the best shot at winning what's supposed to be a friendly contest. But when the competitors start having mysterious ""accidents,"" it looks like someone will do anything to win--no matter who they hurt. <br><br>As if I didn't have enough to worry about, mobster Victor Draconi is plotting against Devon and the rest of my friends, and someone's going around Cloudburst Falls murdering monsters. One thing's for sure. Sometimes, humans can be more monstrous than anything else...","D:\story_books\Jennifer Estep\Dark Heart of Magic (934)\cover.jpg","2025-07-04T21:20:48+05:30","epub","9781617738265","934","isbn:9781617738265","eng","story_books","2015-09-15T00:00:00+05:30","Kensington","","","1.0","344393","","Dark Heart of Magic","Dark Heart of Magic","89e6b602-891e-4c38-99a2-45e280af38ed"
"Jeen, Shian","Shian Jeen","","D:\story_books\Shian Jeen\Asura Sovereign XV (935)\cover.jpg","2025-07-04T21:20:48+05:30","epub","","935","mobi-asin:B082DJ8XWP","eng","story_books","2019-12-04T10:30:00+05:30","","","Asura Sovereign","15.0","189158","","Asura Sovereign XV","Asura Sovereign XV","9899b6da-a49b-4be4-aff3-d911504ded39"
"Jeen, Shian","Shian Jeen","","D:\story_books\Shian Jeen\Asura Sovereign XIV (936)\cover.jpg","2025-07-04T21:20:48+05:30","epub","","936","mobi-asin:B082B2KYVL","eng","story_books","2019-12-03T10:30:00+05:30","","","Asura Sovereign","14.0","189732","","Asura Sovereign XIV","Asura Sovereign XIV","d536d185-fb34-4641-990d-abbb56c8080b"
"Estep, Jennifer","Jennifer Estep","**There Be Monsters Here...**
It's not as great as you'd think, living in a tourist town that's known as ""the most magical place in America."" Same boring high school, just twice as many monsters under the bridges and rival Families killing each other for power. 
I try to keep out of it. I've got my mom's bloodiron sword and my slightly illegal home in the basement of the municipal library. And a couple of Talents I try to keep quiet, including very light fingers and a way with a lock pick. 
But then some nasty characters bring their Family feud into my friend's pawn shop, and I have to make a call--get involved, or watch a cute guy die because I didn't. I guess I made the wrong choice, because now I'm stuck putting everything on the line for Devon Sinclair. My mom was murdered because of the Families, and it looks like I'm going to end up just like her...
","D:\story_books\Jennifer Estep\Cold Burn of Magic (937)\cover.jpg","2025-07-04T21:20:49+05:30","epub","9781617738258","937","google:UW0XBAAAQBAJ,amazon:B00M4ASUO2,barnesnoble:w/cold-burn-of-magic-jennifer-estep/1119949585,goodreads:22715908,isbn:9781617738258","eng","story_books","2015-04-27T00:00:00+05:30","K-Teen","4","Black Blade","1.0","1803917","Young Adult, fantasy, Romance, Mystery","Cold Burn of Magic","Cold Burn of Magic","a5a98715-e9c1-4c19-a33a-b987e260e647"
"Jeen, Shian","Shian Jeen","","D:\story_books\Shian Jeen\Asura Sovereign XIII (938)\cover.jpg","2025-07-04T21:20:50+05:30","epub","","938","mobi-asin:B081P8XN3Z","eng","story_books","2019-11-17T10:30:00+05:30","","","Asura Sovereign","13.0","328185","","Asura Sovereign XIII","Asura Sovereign XIII","5be2da71-a889-4424-b630-a4f9acb8e572"
"Jeen, Shian","Shian Jeen","","D:\story_books\Shian Jeen\Asura Sovereign XI (939)\cover.jpg","2025-07-04T21:20:50+05:30","epub","","939","mobi-asin:B081J8JT88","eng","story_books","2019-11-13T10:30:00+05:30","","","Asura Sovereign","11.0","342628","","Asura Sovereign XI","Asura Sovereign XI","9760e533-70ea-476e-a0d8-f63b9969e3e5"
"Jeen, Shian","Shian Jeen","","D:\story_books\Shian Jeen\Asura Sovereign XII (940)\cover.jpg","2025-07-04T21:20:51+05:30","epub","","940","mobi-asin:B081FGM3CK","eng","story_books","2019-11-12T10:30:00+05:30","","","Asura Sovereign","12.0","323460","","Asura Sovereign XII","Asura Sovereign XII","68deb4df-40eb-4caf-82f3-9e52f97a8961"
"Jeen, Shian","Shian Jeen","","D:\story_books\Shian Jeen\Asura Sovereign X (941)\cover.jpg","2025-07-04T21:20:51+05:30","epub","","941","mobi-asin:B081FDHF1H","eng","story_books","2019-11-12T10:30:00+05:30","","","Asura Sovereign","10.0","341547","","Asura Sovereign X","Asura Sovereign X","54392959-8938-44e4-8a7b-3ab5f90eee75"
"Jeen, Shian","Shian Jeen","","D:\story_books\Shian Jeen\Asura Sovereign VIII (942)\cover.jpg","2025-07-04T21:20:52+05:30","epub","","942","mobi-asin:B08192VSGM","eng","story_books","2019-11-09T10:30:00+05:30","","","Asura Sovereign","8.0","338635","","Asura Sovereign VIII","Asura Sovereign VIII","12e4af6e-e075-4625-8122-ff20796f4273"
"Jeen, Shian","Shian Jeen","","D:\story_books\Shian Jeen\Asura Sovereign VII (943)\cover.jpg","2025-07-04T21:20:52+05:30","epub","","943","mobi-asin:B081D6YGBS","eng","story_books","2019-11-11T10:30:00+05:30","","","Asura Sovereign","7.0","351219","","Asura Sovereign VII","Asura Sovereign VII","a3cf3c19-1ce2-4614-8ee7-d4a2947c7b35"
"Jeen, Shian","Shian Jeen","","D:\story_books\Shian Jeen\Asura Sovereign IX (944)\cover.jpg","2025-07-04T21:20:53+05:30","epub","","944","mobi-asin:B081947FJ3","eng","story_books","2019-11-09T10:30:00+05:30","","","Asura Sovereign","9.0","342303","","Asura Sovereign IX","Asura Sovereign IX","12c39d0c-e137-43ec-a570-a6272aefdbcf"
"Jeen, Shian","Shian Jeen","","D:\story_books\Shian Jeen\Asura Sovereign VI (945)\cover.jpg","2025-07-04T21:20:53+05:30","epub","","945","mobi-asin:B0818P5B2L","eng","story_books","2019-11-09T10:30:00+05:30","","","Asura Sovereign","6.0","330360","","Asura Sovereign VI","Asura Sovereign VI","0c1ef998-3fa5-46b6-bd33-165b9ee3c113"
"Jeen, Shian","Shian Jeen","","D:\story_books\Shian Jeen\Asura Sovereign 5 (946)\cover.jpg","2025-07-04T21:20:54+05:30","epub","","946","mobi-asin:B0818Z53ZT","eng","story_books","2019-11-09T10:30:00+05:30","","","Asura Sovereign","5.0","337422","","Asura Sovereign 5","Asura Sovereign 5","edf96a9f-8558-40d6-85f5-aecb412989fc"
"Jeen, Shian","Shian Jeen","","D:\story_books\Shian Jeen\Asura Sovereign 4 (947)\cover.jpg","2025-07-04T21:20:54+05:30","epub","","947","mobi-asin:B0818ZLPHN","eng","story_books","2019-11-09T10:30:00+05:30","","","Asura Sovereign","4.0","335988","","Asura Sovereign 4","Asura Sovereign 4","c0484c87-7e85-4e01-a0c1-88c0928eb1af"
"Jeen, Shian","Shian Jeen","","D:\story_books\Shian Jeen\Asura Sovereign 3 (948)\cover.jpg","2025-07-04T21:20:55+05:30","epub","","948","mobi-asin:B0817BWCGZ","eng","story_books","2019-11-08T10:30:00+05:30","","","Asura Sovereign","3.0","394018","","Asura Sovereign 3","Asura Sovereign 3","330f3a4e-038d-4d14-b646-e51ef9481088"
"Jeen, Shian","Shian Jeen","","D:\story_books\Shian Jeen\Asura Sovereign 2 (949)\cover.jpg","2025-07-04T21:20:55+05:30","epub","","949","mobi-asin:B08179C347","eng","story_books","2019-11-07T10:30:00+05:30","","","Asura Sovereign","2.0","319227","","Asura Sovereign 2","Asura Sovereign 2","eb89f556-bb39-48e2-afd6-175a3e13487b"
"Jeen, Shian","Shian Jeen","","D:\story_books\Shian Jeen\Asura Sovereign 1 (950)\cover.jpg","2025-07-04T21:20:57+05:30","epub","","950","mobi-asin:B08178RC15","eng","story_books","2019-11-07T10:30:00+05:30","","","Asura Sovereign","1.0","327358","","Asura Sovereign 1","Asura Sovereign 1","8ec69fef-9369-472a-a863-0a469e125f3d"
"Flynn, Erin R","Erin R Flynn","","D:\story_books\Erin R Flynn\Necessary Respite (Artemis Universi (951)\cover.jpg","2025-07-04T21:20:57+05:30","epub","","951","mobi-asin:B09V4V1L7V","eng","story_books","2022-03-17T21:30:00+05:30","Supernatural Script Inc.","","","1.0","392093","","Necessary Respite (Artemis University Book 14)","Necessary Respite (Artemis University Book 14)","0124640b-3010-4ded-960e-fd68361fee59"
"Edmonds, Lisa","Lisa Edmonds","","D:\story_books\Lisa Edmonds\Heart of Shadows (Alice Worth Book (952)\cover.jpg","2025-07-04T21:20:57+05:30","epub","9781949090765","952","mobi-asin:B0852SS98Q,isbn:9781949090765","eng","story_books","2020-03-16T21:30:00+05:30","City Owl Press","","","1.0","709759","","Heart of Shadows (Alice Worth Book 5)","Heart of Shadows (Alice Worth Book 5)","86a1259f-b949-49b9-8e93-8423bb9f8a66"
"Edmonds, Lisa","Lisa Edmonds","","D:\story_books\Lisa Edmonds\From the Ashes (An Alice Worth Stor (953)\cover.jpg","2025-07-04T21:20:58+05:30","mobi","","953","mobi-asin:0123-3hxjfr9t5j-llhplgtxdo","eng","story_books","0101-01-01T05:30:00+05:30","Lisa Edmonds and City Owl Press","","","1.0","946938","","From the Ashes (An Alice Worth Story)","From the Ashes (An Alice Worth Story)","844d9a2f-99fb-4edc-a169-dd2ee299c94a"
"Edmonds, Lisa","Lisa Edmonds","","D:\story_books\Lisa Edmonds\Heart of Vengeance (Alice Worth Boo (954)\cover.jpg","2025-07-04T21:20:58+05:30","epub","9781648980190","954","mobi-asin:B08HR73VFN,isbn:9781648980190","eng","story_books","2020-10-13T00:00:00+05:30","City Owl Press","","","1.0","682945","","Heart of Vengeance (Alice Worth Book 6)","Heart of Vengeance (Alice Worth Book 6)","2ca56e90-1861-4e94-a0eb-1e3a080cb7b7"
"Edmonds, Lisa","Lisa Edmonds","","D:\story_books\Lisa Edmonds\Heart of Stone (Alice Worth Book 4) (955)\cover.jpg","2025-07-04T21:20:59+05:30","epub","9781949090376","955","isbn:9781949090376,mobi-asin:B07RTLLZ7H","eng","story_books","2019-06-17T21:30:00+05:30","City Owl Press","","","1.0","651272","","Heart of Stone (Alice Worth Book 4)","Heart of Stone (Alice Worth Book 4)","f67410af-df66-43e4-8d0a-2efed851ad49"
"Edmonds, Lisa","Lisa Edmonds","","D:\story_books\Lisa Edmonds\Heart of Ice (Alice Worth Book 3) (956)\cover.jpg","2025-07-04T21:20:59+05:30","epub","","956","mobi-asin:B07H9RPFKC","eng","story_books","2018-10-23T00:00:00+05:30","City Owl Press","","","1.0","596925","","Heart of Ice (Alice Worth Book 3)","Heart of Ice (Alice Worth Book 3)","87095984-daf5-40e2-beb1-ffcc3cd8c378"
"Edmonds, Lisa","Lisa Edmonds","The first time Moses Murphy’s granddaughter killed on his orders, she was six years old.  For twenty years, she was a prisoner of an organized crime syndicate, forced to use her magic to make Moses the most powerful and feared man on the East Coast. To escape his cruelty, she faked her own death and started a new life as Alice Worth. As a private investigator specializing in cases involving the supernatural, Alice walks a precarious line between atoning for the sins of her grandfather’s cabal and keeping her true identity hidden.   Hired to investigate the disappearance of a mysterious object of power, Alice enlists the help of Malcolm, a ghost running from a past as nightmarish as her own. It soon becomes clear the missing object was taken by someone with a dangerous secret and an unknown agenda. When her client is kidnapped, Alice must find her and the object of power before a vengeful killer destroys the city and slaughters thousands—starting with Alice.","D:\story_books\Lisa Edmonds\Heart of Malice (Alice Worth Book 1 (957)\cover.jpg","2025-07-04T21:21:00+05:30","epub","","957","mobi-asin:B071QZ6K3N","eng","story_books","2017-06-27T10:30:00+05:30","City Owl Press","","","1.0","692132","urban fantasy","Heart of Malice (Alice Worth Book 1)","Heart of Malice (Alice Worth Book 1)","a2da124a-04f1-4b7f-828e-64398a44f3f4"
"Edmonds, Lisa","Lisa Edmonds","","D:\story_books\Lisa Edmonds\Heart of Fire (958)\cover.jpg","2025-07-04T21:21:01+05:30","epub","","958","mobi-asin:B07B77GNVT","eng","story_books","2018-05-28T21:30:00+05:30","City Owl Press","","Alice Worth","2.0","569664","","Heart of Fire","Heart of Fire","68e33bd9-c117-4476-a05f-7e7e6e57c4d1"
"Price, Kalayna","Price, Kalayna","","D:\story_books\Price, Kalayna\Grave War (959)\cover.jpg","2025-07-04T21:21:01+05:30","epub","","959","","eng","story_books","2020-11-24T00:00:00+05:30","Penguin Publishing Group","","","1.0","607819","","Grave War","Grave War","4b4f3c79-0010-4ca2-b367-a0e827265474"
"Price, Kalayna","Kalayna Price","Grave witch Alex Craft can speak to the dead, but that doesn’t mean she likes what they have to say . . . As a private investigator and consultant for the police, Alex Craft has seen a lot of dark magic. But even though she’s on good terms with Death himself—who happens to look fantastic in a pair of jeans—nothing has prepared her for her latest case. Alex is investigating a high profile murder when she’s attacked by the ‘shade’ she’s raising, which should be impossible. To top off her day, someone makes a serious attempt on her life, but Death saves her. Guess he likes having her around . . . To solve this case Alex will have to team up with tough homicide detective Falin Andrews. Falin seems to be hiding something—though it’s certainly not his dislike of Alex—but Alex knows she needs his help to navigate the tangled webs of mortal and paranormal politics, and to track down a killer wielding a magic so malevolent, it may cost Alex her life . . . and her soul.
","D:\story_books\Kalayna Price\Grave Witch (960)\cover.jpg","2025-07-04T21:21:02+05:30","epub","9781101464540","960","isbn:9781101464540,goodreads:9323761","eng","story_books","2010-10-05T03:30:00+05:30","Penguin Group (USA)","4","Alex Craft","1.0","663780","","Grave Witch","Grave Witch","2ac2ebc5-34a4-4e09-beb5-ae82e93ebffe"
"Price, Kalayna","Kalayna Price","<b>In the thrilling new novel from <i>USA Today</i> bestselling author Kalayna Price, Alex Craft comes face-to-face with the walking dead...</b><br> <i>From the Mass Market edition</i>","D:\story_books\Kalayna Price\Grave Ransom (961)\cover.jpg","2025-07-04T21:21:02+05:30","epub","","961","","eng","story_books","2017-07-04T05:30:00+05:30","Penguin Publishing Group","","","1.0","1393510","","Grave Ransom","Grave Ransom","5b309164-b861-4401-b2fc-49b6c5cda042"
"Price, Kalayna","Kalayna Price","**The *USA Today* bestselling author of *Grave Memory* and *Grave Dance* returns with her bewitching heroine Alex Craft in a new novel of twisting urban fantasy where the secrets of the dead can wreak havoc on the living.**  
  
If you want to hear voices from the dead in Nekros City, you call Alex Craft. She’s a grave witch with reasonable rates and extraordinary powers who specializes in revealing the secrets of the dead. But she has her own secrets. She’s not human—and her newly discovered heritage is causing havoc for her both in the human realm and in Faerie.   
  
Fae can’t survive without a tie to Faerie, and now that Alex’s true nature has awoken, she’s no exception. She must align herself to a court and soon. To retain as much freedom as possible, she makes a deal to track the source of a new glamour-infused street drug which causes hallucinations that kill—and not just the user. Her investigation entangles Alex in a conflict brewing in Faerie, and she must find answers before she’s dragged so deep that she loses not only her freedom, but her life. 
*From the Paperback edition.*
**
### Review
**Praise for the Alex Craft novels**  
  
“Fascinating magic, a delicious heartthrob, and a fresh, inventive world.”— *New York Times* bestselling author Chloe Neill  
  
“A rare treat, intriguing and original. Don’t miss this one.”—#1 *New York Times* bestselling author Patricia Briggs  
  
“An incredible urban fantasy….This is a series I love!”—Nocturne Romance Reads  
  
“An action-packed roller-coaster ride that will keep you enthralled from the very start. An absolute must read!”—A Book Obsession   
  
“I have totally become a fan of Alex Craft and Kalayna’s writing.”—The Reading Cafe 
### About the Author
**Kalayna Price** is the *USA Today* bestselling author of the Alex Craft novels including *Grave Memory* , *Grave Dance* , and *Grave Witch*. Ms. Price draws her ideas from the world around her, her studies into ancient mythologies, and her obsession with classic folklore. Her stories contain not only the mystical elements of fantasy but also a dash of romance, a bit of gritty horror, some humor, and a large serving of mystery. Kalayna is a member of SFWA and RWA and is an avid hula-hoop dancer who has been known to light her hoop on fire. 
","D:\story_books\Kalayna Price\Grave Visions_ An Alex Craft Novel (962)\cover.jpg","2025-07-04T21:21:03+05:30","epub","1405911689","962","isbn:1405911689,mobi-asin:B009GSFS5Y,amazon:B009GSFS5Y","eng","story_books","2016-02-02T13:30:00+05:30","Roc","5","","1.0","519186","Science Fiction & Fantasy, fantasy, Paranormal & Urban, Literature & Fiction, Contemporary Fiction","Grave Visions: An Alex Craft Novel (Alex Craft Series Book 4)","Grave Visions: An Alex Craft Novel (Alex Craft Series Book 4)","ac4ab355-cabc-4e85-baeb-1e41848a9e99"
"Price, Kalayna","Kalayna Price","When the dead need to talk, Alex Craft is always ready to listen...   
As a Grave Witch, Alex solves murders by raising the dead--an ability that comes at a cost, and after her last few cases, that cost is compounding. But her magic isn't the only thing causing havoc in her life. While she's always been on friendly terms with Death himself, things have recently become a whole lot more close and personal. Then there's her sometime partner, agent Falin Andrews, who is under the glamour of the Winter Queen. To top everything off, her best friend has been forever changed by her time spent captive in Faerie.   
But the personal takes a backseat to the professional when a string of suicides occur in Nekros City and Alex is hired to investigate. The shades have no memory of the days leading up to their brutal endings, so despite the very public apparent suicides, this is murder. But what kind of magic can overcome the human will to survive? And why do the shades lack the memory of their deaths? Searching for the answer might mean Alex won't have a life to remember at all...  

","D:\story_books\Kalayna Price\Grave Memory (963)\cover.jpg","2025-07-04T21:21:04+05:30","epub","9781101587041","963","isbn:9781101587041,goodreads:13633743,amazon:B0073XV38U","eng","story_books","2012-07-03T03:30:00+05:30","Penguin Group (USA)","3","Alex Craft","3.0","1337905","","Grave Memory","Grave Memory","4541b904-4075-4e5f-b45c-23c784c44cd5"
"Price, Kalayna","Kalayna Price","","D:\story_books\Kalayna Price\Grave Destiny (964)\cover.jpg","2025-07-04T21:21:04+05:30","epub","","964","mobi-asin:B07FJMNKFC","eng","story_books","2019-04-01T21:30:00+05:30","Penguin Publishing Group","","Alex Craft","6.0","414478","","Grave Destiny","Grave Destiny","a40637fd-a082-4f39-b4b3-2fcef861e341"
"Price, Kalayna","Kalayna Price","Whoever said dead men tell no tales obviously never met Alex Craft. After a month spent recovering from a vicious fight with a sorcerer, grave witch Alex Craft is ready to get back to solving murders by raising the dead. With her love life in turmoil thanks to the disappearance of Fae Investigation Bureau agent Falin Andrews and a shocking “L” word confession from Death himself, Alex is eager for the distractions of work. But her new case turns out to be a deadly challenge. The police hire Alex to consult on a particularly strange investigation in the nature preserve south of Nekros City. The strange part: There are no corpses, only fragments of them. A serial killer is potentially on the loose, and Alex has no way to raise a shade without a body, so she’ll have to rely on the magic of others to find leads. But as she begins investigating, a creature born of the darkest magic comes after her. Someone very powerful wants to make sure the only thing she finds is a dead end—her own.
","D:\story_books\Kalayna Price\Grave Dance (965)\cover.jpg","2025-07-04T21:21:05+05:30","epub","9781101516515","965","goodreads:11314403,isbn:9781101516515","eng","story_books","2011-07-05T03:30:00+05:30","Penguin Group (USA)","4","Alex Craft","2.0","734487","","Grave Dance","Grave Dance","95e706ab-b1c4-460b-b574-2b83eaac5850"
"Harkness, Deborah","Deborah Harkness","[Time's Convert](https://www.goodreads.com/book/show/38453812-time-s-convert)
  

 **From the #1 *New York Times* bestselling author of *A Discovery of Witches* , a novel about what it takes to become a vampire.**  
  
Set in contemporary Paris and London, and the American colonies during the upheaval and unrest that exploded into the Revolutionary War, a sweeping story that braids together the past and present.   
  
On the battlefields of the American Revolution, Matthew de Clermont meets Marcus MacNeil, a young surgeon from Massachusetts, during a moment of political awakening when it seems that the world is on the brink of a brighter future. When Matthew offers him a chance at immortality and a new life, free from the restraints of his puritanical upbringing, Marcus seizes the opportunity to become a vampire. But his transformation is not an easy one and the ancient traditions and responsibilities of the de Clermont family clash with Marcus's deeply-held beliefs in liberty, equality, and brotherhood.  
  
Fast forward to contemporary London, where Marcus has fallen for Phoebe Taylor, a young employee at Sotheby's. She decides to become a vampire, too, and though the process at first seems uncomplicated, the couple discovers that the challenges facing a human who wishes to be a vampire are no less formidable in the modern world than they were in the 18th century. The shadows that Marcus believed he'd escaped centuries ago may return to haunt them both--forever.  
  
A passionate love story and a fascinating exploration of the power of tradition and the possibilities for change, *Time's Convert* will delight fans of the All Souls trilogy and all readers of magic, the supernatural, and romance.
","D:\story_books\Deborah Harkness\Time's Convert_ A Novel (966)\cover.jpg","2025-07-04T21:21:05+05:30","epub","9780399564529","966","isbn:9780399564529","eng","story_books","2018-09-18T05:30:00+05:30","Penguin Publishing Group","","","1.0","1847560","Fiction, fantasy, Paranormal, Romance","Time's Convert: A Novel","Time's Convert","3f201aff-6558-4a1d-8a59-0e9cd494bfff"
"GetTruyen.com, Generated by","Generated by GetTruyen.com","","D:\story_books\Generated by GetTruyen.com\Nine Star Hegemon Body Art #1 - #23 (967)\cover.jpg","2025-07-04T21:21:06+05:30","epub","","967","","vie","story_books","0101-01-01T05:30:00+05:30","","","","1.0","11562535","","Nine Star Hegemon Body Art #1 - #2306","Nine Star Hegemon Body Art #1 - #2306","111ba01c-316b-4d9c-9dca-76dd64e06eea"
"NovelGet.com, Generated by","Generated by NovelGet.com","","D:\story_books\Generated by NovelGet.com\The Human Emperor #1 - #2466 (968)\cover.jpg","2025-07-04T21:21:06+05:30","epub","","968","","vie","story_books","0101-01-01T05:30:00+05:30","","","","1.0","11975652","","The Human Emperor #1 - #2466","Human Emperor #1 - #2466, The","edad79a2-0187-401a-871d-29260824dc88"
"Basu, Debashis","Basu, Debashis & Dalal, Sucheta","","D:\story_books\Basu, Debashis\THE SCAM_ from Harshad Mehta to Ket (969)\cover.jpg","2025-07-04T21:21:07+05:30","epub","","969","asin:B00M8XSXWY","eng","story_books","2014-07-29T00:00:00+05:30","KENSOURCE INFORMATION SERVICES PRIVATE LIMITED","","","1.0","979690","","THE SCAM: from Harshad Mehta to Ketan Parekh Also includes JPC FIASCO & Global Trust Bank Scam","SCAM: from Harshad Mehta to Ketan Parekh Also includes JPC FIASCO & Global Trust Bank Scam, THE","b5a2547f-ee73-4d20-b3b3-032712cb3056"
"Black, Holly","Holly Black","<b>Sometimes the difference between a love story and a horror story is where the ending comes...</b><p><b><br></b><p>While Jude fought for power in the Court of Elfhame against the cruel Prince Cardan, her sister Taryn began to fall in love with the trickster, Locke.<p><br><p>Half-apology and half-explanation, it turns out that Taryn has some secrets of her own to reveal.<p><br><p><i>The Lost Sisters </i>is a companion e-novella to the <i>New York Times </i>bestselling novel <i>The Cruel Prince</i>, by master writer Holly Black.","D:\story_books\Holly Black\The Lost Sisters (970)\cover.jpg","2025-07-04T21:21:07+05:30","epub","","970","","eng","story_books","2018-10-05T05:30:00+05:30","Little, Brown Books for Young Readers","","The Folk of Air","1.5","4615118","","The Lost Sisters","Lost Sisters, The","b907cb73-70ab-4d45-bd05-935bbb4cad6e"
"Eve, Jaymin","Jaymin Eve","","D:\story_books\Jaymin Eve\Secret Keepers_ The Complete Series (971)\cover.jpg","2025-07-04T21:21:08+05:30","epub","","971","mobi-asin:B082Z431NS","eng","story_books","2019-12-20T10:30:00+05:30","","","","1.0","967640","","Secret Keepers: The Complete Series","Secret Keepers: The Complete Series","c38d46a4-ceb6-4acb-b0c1-16eb57854b7b"
"十二翼黑暗炽天使, Twelve Winged Dark Burning Angel","十二翼黑暗炽天使, Twelve Winged Dark Burning Angel","","D:\story_books\Shi Er Yi Hei An Chi Tian Shi , Twe\Super Gene c1-3065 (972)\cover.jpg","2025-07-04T21:21:08+05:30","epub","","972","","eng","story_books","0101-01-01T05:30:00+05:30","","","","1.0","10546288","","Super Gene c1-3065","Super Gene c1-3065","e3b108a5-d940-4b08-b551-00778d5a195d"
"Gu Zhen Ren, 蛊真人","Gu Zhen Ren, 蛊真人","","D:\story_books\Gu Zhen Ren, Gu Zhen Ren\Reverend Insanity c1-2327 (973)\cover.jpg","2025-07-04T21:21:09+05:30","epub","","973","","eng","story_books","0101-01-01T05:30:00+05:30","","","","1.0","12534055","","Reverend Insanity c1-2327","Reverend Insanity c1-2327","dfc7d8ff-8d65-4e03-869b-41987b9c68c0"
"Fengling Tianxia","Fengling Tianxia","","D:\story_books\Fengling Tianxia\Otherworldly Evil Monarch (974)\cover.jpg","2025-07-04T21:21:09+05:30","epub","","974","","eng","story_books","2021-04-14T00:00:00+05:30","","","","1.0","7791203","","Otherworldly Evil Monarch","Otherworldly Evil Monarch","7b4928f6-1774-4bdd-939e-2fb50f94a24a"
"I Love Mermaid","I Love Mermaid","","D:\story_books\I Love Mermaid\My Cold and Elegant CEO Wife (975)\cover.jpg","2025-07-04T21:21:10+05:30","epub","","975","","","story_books","0101-01-01T05:30:00+05:30","","","","1.0","8917247","","My Cold and Elegant CEO Wife","My Cold and Elegant CEO Wife","98767a95-9b90-45f5-a06a-3615e4ef4a1c"
"Mayer, Shannon","Shannon Mayer","","D:\story_books\Shannon Mayer\Midlife Fairy Hunter_ A Paranormal (976)\cover.jpg","2025-07-04T21:21:11+05:30","epub","","976","mobi-asin:B084TRBSW5","eng","story_books","2020-04-23T00:00:00+05:30","Hijinks Ink Publishing","","","1.0","393480","","Midlife Fairy Hunter: A Paranormal Women's Fiction Novel (The Forty Proof Series Book 2)","Midlife Fairy Hunter: A Paranormal Women's Fiction Novel (The Forty Proof Series Book 2)","d26fb2ab-6057-4490-a5eb-c429c4239544"
"Mayer, Shannon","Shannon Mayer","**Goblins and ghouls and magic, oh my! Hang tight to your britches, this laugh out loud adventure is about to light you up!** Ousted from the Hollows Group, the shadow world has officially taken notice of me. With loan sharks sniffing around and knocking on my door, I need to figure out how my ex-husband pushed all his debt onto me, because it stinks of black magic and back alley dealings. Until I can get some answers there, I distract myself with a new job—working for a goblin. The job is as simple as hiding some paperwork for him. Only . . . someone else wants what he gave me. And they are playing dangerously dirty to get what they want. Throw in a lovesick bigfoot, a siren going through menopause, a demon next door, and two hot guys vying for my attention, and you’ve got my life in a nutshell. Well, that is if you don’t count on Robert showing up and saving my bacon again. Which he has to, because this time . . .this time I’ve really put my foot in it.
","D:\story_books\Shannon Mayer\Midlife Demon Hunter (977)\cover.jpg","2025-07-04T21:21:12+05:30","epub","","977","mobi-asin:B0854H5GX1","eng","story_books","2020-07-14T03:30:00+05:30","Hijinks Ink Publishing","","","1.0","367839","","Midlife Demon Hunter","Midlife Demon Hunter: A Paranormal Women's Fiction Novel (The Forty Proof Series Book 3)","3d887a1c-feca-40ff-9b3d-4bf8df4ede10"
"Mayer, Shannon","Shannon Mayer","","D:\story_books\Shannon Mayer\Midlife Bounty Hunter_ A Paranormal (978)\cover.jpg","2025-07-04T21:21:12+05:30","epub","","978","mobi-asin:B084VT2NYC","eng","story_books","2020-02-16T00:00:00+05:30","Hijinks Ink Publishing","","","1.0","461965","","Midlife Bounty Hunter: A Paranormal Women's Fiction Novel (The Forty Proof Series Book 1)","Midlife Bounty Hunter: A Paranormal Women's Fiction Novel (The Forty Proof Series Book 1)","8d71f8b9-b8c4-4711-95e7-7b66e1d4fdd1"
"Ashta, Lucia","Lucia Ashta","","D:\story_books\Lucia Ashta\First Spell (Magical Arts Academy B (979)\cover.jpg","2025-07-04T21:21:12+05:30","epub","","979","mobi-asin:B07D4LPMZV","eng","story_books","2018-06-06T21:30:00+05:30","Awaken to Peace Press","","","1.0","378979","","First Spell (Magical Arts Academy Book 1)","First Spell (Magical Arts Academy Book 1)","afe390e3-4490-4e04-8c4f-9e19dbc90f9d"
"Craven, Melissa A.","Melissa A. Craven","This boxset includes the first five books of the award winning Emerge series plus over 200 pages of bonus content. The series will continue with Emerge: The Heir, coming 5/28/2018 
* * *
From Emerge: The Assignment 
She has devoted her life to training with the elite Immortals of Soma. 
For nearly a decade, Tessa St. James has sacrificed her life with her family to live, train and work behind the safety of Sterling Tower, waiting for the day when she will receive her first assignment.   
With Soma at her back, her days of working the Amrita circuit are numbered. As soon as her trainer deems her ready for an assignment, Tess will be one step closer to a world-class career within the Soma agency.   
When a casual flirtation at an anonymous Amrita event becomes not so anonymous, Tess is left with images of Dean McBrien to haunt her when she returns to life at Sterling Tower where nothing is as it seems. For the first time Tessa questions the world she lives in and is no longer able to look the other way when Soma’s actions don’t add up.  
What will happen when Tessa finally realizes her position at Soma isn’t all she dreamed it would be? 
Fans of Emerge will not want to miss the explosive ending when Allie and Tessa's stories collide. Get a taste of what's coming next for Allie in Emerge: The Heir, in Emerge: The Assignment, exclusive to this boxset. 
* * *
From Emerge: The Awakening (book 1) 
She’s an orphan, an outcast, and … Immortal.  
Allie Carmichael has never known true friendship. Even those closest to her can't stand to be near her. When she learns her family will be moving from Australia to the United States, Allie prepares for life as a loner on the other side of the world…  
Except the warm welcome from a new group of friends changes everything. Especially Aidan McBrien, the only guy who’s ever dared to get to know her. But her new normal life—the one she’s always wanted—shatters when a painful transformation awakens the power within her and Allie discovers what it means to be Immortal.   
Aidan is her equal and their friendship could mend the hurt of their lonely pasts … or it could tear them apart.   
Allie must deal with the loss of her normal life amidst brutal training, her feelings for Aidan, and an ominous prophecy that threatens his future. 
* * *
""This series is going to rock!"" Amazon reviewer ★★★★★   
""OMGGGGGG....WHAT DID I JUST READ?!!??!!?"" Amazon reviewer ★★★★★  
""I loved the fact that Emerge wasn’t the usual vampires, shifters and werewolves but an entirely new concept."" Amazon reviewer ★★★★★  
""10/10, would read Emerge again in a heartbeat!"" Amazon reviewer ★★★★★  
""One hellava series!"" Amazon reviewer ★★★★★  
""Do yourself a favor and read this book! Craven will take you on a journey that starts quietly with a young girl who seems a little mysterious at first, and even more so when unexpected events set you on edge by the end of the first chapter. Just when you think Allie's journey is coming to an end…Craven shows you just how wrong you were. You should NOT miss the end of this book."" Amazon reviewer ★★★★★ 
* * *
What are you waiting for? Scroll up and one click now to join readers all over the world who have fallen in love with the Immortals of Indriell! For a limited time, get the boxset for just $4.99! The price will increase to $7.99 soon, so grab it now during this special deal. 
Boxset includes:  
Emerge: The Awakening (Book 1)  
Emerge: The Edge (Book 1.5)  
Emerge: The Judgment (Book 2)  
Emerge: The Captive (Book 3)  
Emerge: The Scholar (companion novel)  
Emerge: The Volunteer (short story)  
Emerge: The Catalyst (short story)  
Emerge: The Assignment (Exclusive novella) 
* * *
Emerge: The Heir (Book 4) available for preorder now.   
Releasing directly to your kindle device on 5/28/2018 
**
","D:\story_books\Melissa A. Craven\Emerge_ Immortals of Indriell Boxse (980)\cover.jpg","2025-07-04T21:21:13+05:30","epub","","980","mobi-asin:B077WSHFR3,amazon:B077WSHFR3","eng","story_books","2018-01-24T11:30:00+05:30","Midnight Hour Studio","4","Immortals of Indriell Series","0.0","5819639","urban fantasy, Young Adult, paranormal romance, Coming of Age, action adventure, Series Companion","Emerge: Immortals of Indriell Boxset","Emerge: Immortals of Indriell Boxset","3abc3353-5716-4fb9-925e-390368d1e35a"
"Unknown","Unknown","","D:\story_books\Unknown\PROVISIONAL SEAT ALLOTMENT LETTER (981)\cover.jpg","2025-07-04T21:21:13+05:30","pdf","","981","","","story_books","0101-01-01T05:30:00+05:30","","","","1.0","2816","","PROVISIONAL SEAT ALLOTMENT LETTER","PROVISIONAL SEAT ALLOTMENT LETTER","c0dda734-b0d7-4b2d-97a7-febff010e536"
"S. Amore, Elisa","Elisa S. Amore & Kiera Legend","","D:\story_books\Elisa S. Amore\Demigods Academy - Book 6_ The Day (982)\cover.jpg","2025-07-04T21:21:14+05:30","epub","","982","mobi-asin:B08GBLWGX3","eng","story_books","2020-11-29T21:30:00+05:30","Amore Publishing","","","1.0","315898","","Demigods Academy - Book 6: The Day Of Darkness (Demigods academy series)","Demigods Academy - Book 6: The Day Of Darkness (Demigods academy series)","d2799592-e154-435a-b8b5-9d4e0ac65a1c"
"Xin Xing Xiao Yao","Xin Xing Xiao Yao","","D:\story_books\Xin Xing Xiao Yao\Chaotic Sword God (983)\cover.jpg","2025-07-04T21:21:14+05:30","epub","","983","","eng","story_books","0101-01-01T05:30:00+05:30","","","","1.0","12500890","","Chaotic Sword God","Chaotic Sword God","60208381-e6a0-4d7b-b57f-f40c7699df7a"
"Unknown","Unknown","","D:\story_books\Unknown\9781406381320 (984)\cover.jpg","2025-07-04T21:21:15+05:30","epub","","984","","eng","story_books","0101-01-01T05:30:00+05:30","","","","1.0","307230","","9781406381320","9781406381320","65fdd319-d48a-4c78-822e-d018bf839ade"
"Andrews, Ilona","Andrews, Ilona","","D:\story_books\Andrews, Ilona\Blood Heir (985)\cover.jpg","2025-07-04T21:21:15+05:30","epub","9781641971584","985","isbn:9781641971584","eng","story_books","2021-01-12T00:00:00+05:30","NYLA","","","1.0","504562","","Blood Heir","Blood Heir","a10c53c6-e87f-4eb6-a00d-29bda68267cd"
"Heavenly Silkworm Potato","Heavenly Silkworm Potato","","D:\story_books\Heavenly Silkworm Potato\Battle Through the Heavens (986)\cover.jpg","2025-07-04T21:21:15+05:30","epub","","986","","","story_books","0101-01-01T05:30:00+05:30","","","","1.0","9182333","","Battle Through the Heavens","Battle Through the Heavens","0ef7b608-026a-47e9-8163-fdf7c61e29cc"
"Scheuerer, Helen","Helen Scheuerer","","D:\story_books\Helen Scheuerer\War of Mist_ Book III_ The Oremere (987)\cover.jpg","2025-07-04T21:21:16+05:30","epub","9780994165589","987","mobi-asin:B07VKKXJJV,isbn:9780994165589","eng","story_books","2019-07-22T03:30:00+05:30","Talem Press","","","1.0","619585","","War of Mist: Book III: The Oremere Chronicles","War of Mist: Book III: The Oremere Chronicles","3fe71832-e9fb-474c-950e-464821f24a4f"
"Black, Holly","Holly Black","","D:\story_books\Holly Black\The Queen of Nothing (The Folk of t (988)\cover.jpg","2025-07-04T21:21:17+05:30","epub","","988","mobi-asin:B07PX3GHJT","eng","story_books","2019-11-18T19:30:00+05:30","Bonnier Publishing Fiction","","","1.0","1198112","","The Queen of Nothing (The Folk of the Air #3)","Queen of Nothing (The Folk of the Air #3), The","71aa3bec-d4df-4330-8822-3ecc29535f43"
"Black, Holly","Holly Black","**The enchanting and bloodthirsty sequel to the *New York Times* bestselling novel *The Cruel Prince.***
 *You must be strong enough to strike and strike and strike again without tiring.*
  * *


*The first lesson is to make yourself strong.*
  * *


After the jaw-dropping revelation that Oak is the heir to Faerie, Jude must keep her younger brother safe. To do so, she has bound the wicked king, Cardan, to her, and made herself the power behind the throne. Navigating the constantly shifting political alliances of Faerie would be difficult enough if Cardan were easy to control. But he does everything in his power to humiliate and undermine her even as his fascination with her remains undiminished.
When it becomes all too clear that someone close to Jude means to betray her, threatening her own life and the lives of everyone she loves, Jude must uncover the traitor and fight her own complicated feelings for Cardan to maintain control as a mortal in a Faerie world.
**
","D:\story_books\Holly Black\The Wicked King (The Folk of the Ai (989)\cover.jpg","2025-07-04T21:21:17+05:30","epub","9780316310338","989","isbn:9780316310338","eng","story_books","2019-01-08T13:30:00+05:30","Little, Brown Books for Young Readers","","","1.0","2207706","","The Wicked King (The Folk of the Air #2)","Wicked King (The Folk of the Air #2), The","1389905d-8cd5-44ee-a227-4158a89f50e5"
"Scheuerer, Helen","Helen Scheuerer","**The realm’s darkest secret is out.**
The cruelty of the capital and the power-hungry King Arden have scattered Bleak and her companions across the continents. 
On the run in a foreign land, Bleak finds herself tied to some unexpected strangers. When the answers she yearns for are finally within reach, she must face the hard truths of her past, and take her fate into her own hands before it’s too late. 
Meanwhile, secrets and magic unravel as a dark power corrupts the realm. Bleak’s friends are forced to decide where their loyalties lie, and who, if anyone, they can trust. 
But one thing is certain: war is coming, and they must all be ready when it does. 
Intriguing and action-packed, *Reign of Mist* is the second instalment in Helen Scheuerer’s epic YA fantasy series, *The Oremere Chronicles*. 
★★★★★ *“This indie reads like a blockbuster and a for-sure bestseller.” - Book Series Recaps 
★★★★★ “Chapter after chapter, thrilling action scenes come at you that will leave you shaking and breathless.” - Queen of Midnight 
★★★★★ “Full of adventure and gripping landscapes… I seriously fell in love with this series."" - Throne of Shattered Books 
★★★★★ ""Whirlwind adventure, strong friendships, beautiful landscapes, and lots of plot twists... REIGN OF MIST lures you in... You won’t be able to put it down."" - A Bookish Peach 
★★★★★ ""Reign of Mist is outstanding in every way. There isn’t a moment that doesn’t compel you to keep reading – it’s simply riveting and astonishing. A brilliant sequel and an absolute must-read!"" — Alexandra Nahlous 
★★★★★ ""Helen’s writing style is an entirely different form of sorcery altogether. She weaves words together so beautifully, describes the world she’s built so vividly, and creates lush, compelling narratives so phenomenally... Her gift with the fine-tipped pen is even more apparent in her second book."" - That Bookshelf Bitch 
★★★★★ “Reign of Mist doesn’t meet the high bar set by Heart of Mist, it hurtles over it with room to spare. It has everything I want in a book: badass female characters, despicable villains, political intrigue and natural world-building, and this book has all of those things turned up to 11.” - Mikayla’s Bookshelf 
★★★★★ ""Fabulous characters, brilliant world-building and gorgeous writing. What’s not to love?"" — Beautiful Bookland 
  * 

**Available in digital and print. Audiobook coming soon.**
**
### From the Author
To get your complete *Heart of Mist* fix, get SIX **free** prequel stories by subscribing to my mailing list at helenscheuerer.com, or simply copy and paste this link into your browser: bit.ly/2G0zgIT. 
I absolutely love talking to my readers, so feel free to email me at hello@helenscheuerer.com - I try to respond to everyone. 
Happy reading!
### About the Author
Helen Scheuerer is a novelist from Sydney, and the Founding Editor of Writer's Edit (writersedit.com). She has a Bachelor of Creative Arts from the University of Wollongong and a Masters in Publishing from The University of Sydney. She chronicles her writing process and current work over at helenscheuerer.com.
","D:\story_books\Helen Scheuerer\Reign of Mist (990)\cover.jpg","2025-07-04T21:21:18+05:30","epub","9780994165572","990","amazon:B07H7997S9,isbn:9780994165572,mobi-asin:B07H7997S9","eng","story_books","2018-09-09T04:30:00+05:30","Talem Press","5","The Oremere Chronicles","2.0","639334","","Reign of Mist","Reign of Mist","52c0b39b-08e2-4fd9-b045-789704264a52"
"Black, Holly","Holly Black","","D:\story_books\Holly Black\The Cruel Prince (The Folk of the A (991)\cover.jpg","2025-07-04T21:21:18+05:30","epub","","991","mobi-asin:B071XQ6H38","eng","story_books","2018-01-02T05:30:00+05:30","Bonnier Publishing Fiction","","","1.0","1817348","","The Cruel Prince (The Folk of the Air)","Cruel Prince (The Folk of the Air), The","a9121081-7685-46be-b786-5be7533e67e5"
"Scheuerer, Helen","Helen Scheuerer","In a realm where toxic mist sweeps the lands and magic is forbidden, all Bleak wants is a cure for her power.
Still grieving the death of her guardian and dangerously self-medicating with alcohol, Bleak is snatched from her home by the Commander of the King’s Army, and summoned to the capital.
But the king isn’t the only one interested in Bleak's powers.
The leader of an infamous society of warriors, the Valia Kindred, lays claim to her as well, and Bleak finds herself in the middle of a much bigger battle than she anticipated.
*Heart of Mist* is the gripping first book in *The Oremere Chronicles* , a fantasy series of epic proportions.
","D:\story_books\Helen Scheuerer\Heart of Mist (992)\cover.jpg","2025-07-04T21:21:19+05:30","epub","9780994165541","992","isbn:9780994165541,amazon:0994165544,mobi-asin:B07556VD4Y","eng","story_books","2017-08-28T04:30:00+05:30","Talem Press","5","The Oremere Chronicles","1.0","686052","fantasy, Fiction, Magic, Supernatural, Young Adult","Heart of Mist","Heart of Mist","82551037-d0a5-40d8-9dee-740223d73fbb"
"Hunter, McKenzie","Hunter, McKenzie","","D:\story_books\Hunter, McKenzie\SKY BROOKS SERIES BOXED SET_ (BOOKS (993)\cover.jpg","2025-07-04T21:21:19+05:30","epub","","993","","eng","story_books","2017-11-26T00:00:00+05:30","Sky Publishing LLC","","","1.0","2209111","","SKY BROOKS SERIES BOXED SET: (BOOKS 1-4)","SKY BROOKS SERIES BOXED SET: (BOOKS 1-4)","0176a265-8646-42fa-866e-2148f18ebfe0"
"Hunter, McKenzie","McKenzie Hunter","**Death should be the end of your life- not the beginning.**
Sky Brooks's life started with a death-her own. Sky's spent the first twenty-three years of her life unaware of this, among other things. She always thought she was *just* a shapeshifter until she wakes up in a strange house in rural Illinois-battered, bruised, and with only vague memories of her mother's death at the hands of vampires. 
At the request of a powerful witch, Sky is put under the protection of the Midwest Pack. But she isn't sure she can trust them, especially after she meets the dangerously sexy Ethan, a pack member, who's known for being more ruthless than altruistic. After she's attacked by a necromancer, a mercenary, and the vampires who killed her mother, she has no choice but to accept the pack's help. 
The Midwest Pack aren't quite what they seem-but then again, neither is Sky. As they form an uneasy alliance to search for the reason behind the vampires' vicious attacks, it becomes clear that Sky possesses magic no one has ever seen-and it all started with what happened at her birth.
","D:\story_books\McKenzie Hunter\Moon Tortured (994)\cover.jpg","2025-07-04T21:21:20+05:30","epub","9781946457905","994","mobi-asin:B00K9W0F9A,google:qYHjnAAACAAJ,isbn:9781946457905,goodreads:33947410,amazon_uk:B00K9W0F9A","eng","story_books","2014-05-11T05:30:00+05:30","Sky Publishing LLC","4","Sky Brooks","1.0","317900","fantasy, vampires","Moon Tortured","Moon Tortured","5b829d97-f92b-4da7-82de-f81711891a5b"
"Unchained, Darkness","Darkness Unchained","","D:\story_books\Darkness Unchained\(eng) McKenzie Hunter - Sky Brooks (995)\cover.jpg","2025-07-04T21:21:20+05:30","epub","","995","","eng","story_books","0101-01-01T05:30:00+05:30","","","","1.0","330401","","(eng) McKenzie Hunter - Sky Brooks 02","(eng) McKenzie Hunter - Sky Brooks 02","38faa1fd-1010-497c-a163-c4c83853b2ef"
"Hunter, McKenzie","McKenzie Hunter","","D:\story_books\McKenzie Hunter\Lunar Marked (Sky Brooks Series Boo (996)\cover.jpg","2025-07-04T21:21:21+05:30","epub","9780990344162","996","isbn:9780990344162,mobi-asin:B01H9RX896","eng","story_books","2016-06-18T11:30:00+05:30","","","","1.0","365179","","Lunar Marked (Sky Brooks Series Book 4)","Lunar Marked (Sky Brooks Series Book 4)","2fa2b0f8-1257-4c2a-8129-cb07b6a4c9f6"
"Hunter, McKenzie","McKenzie Hunter","","D:\story_books\McKenzie Hunter\Moon Cursed (Sky Brooks Series Book (997)\cover.jpg","2025-07-04T21:21:21+05:30","epub","9781946457943","997","isbn:9781946457943,mobi-asin:B0719WW77P","eng","story_books","2017-06-07T21:30:00+05:30","Sky Publishing LLC","","","1.0","401286","","Moon Cursed (Sky Brooks Series Book 5)","Moon Cursed (Sky Brooks Series Book 5)","ad61f380-b73a-4b7e-8310-83b3219208fe"
"Hunter, McKenzie","McKenzie Hunter","","D:\story_books\McKenzie Hunter\Darkness Unleashed (Sky Brooks Seri (998)\cover.jpg","2025-07-04T21:21:22+05:30","epub","9781946457844","998","isbn:9781946457844,mobi-asin:B07BVWR479","eng","story_books","2018-03-31T21:30:00+05:30","Sky Publishing LLC","","","1.0","381166","","Darkness Unleashed (Sky Brooks Series Book 6)","Darkness Unleashed (Sky Brooks Series Book 6)","1d617851-fce5-4fcb-a89c-0a4fcf55ec8d"
"Hunter, McKenzie","McKenzie Hunter","","D:\story_books\McKenzie Hunter\Midnight Sky (Sky Brooks Series Boo (999)\cover.jpg","2025-07-04T21:21:23+05:30","epub","9781946457899","999","isbn:9781946457899,mobi-asin:B07NPC7QCJ","eng","story_books","2019-03-22T03:30:00+05:30","Sky Publishing LLC","","","1.0","678388","","Midnight Sky (Sky Brooks Series Book 7)","Midnight Sky (Sky Brooks Series Book 7)","670725fb-39a8-4533-8920-a4e0d81b2082"
"Hunter, McKenzie","McKenzie Hunter","","D:\story_books\McKenzie Hunter\Moon Tortured (Sky Brooks Series Bo (1000)\cover.jpg","2025-07-04T21:21:24+05:30","mobi","","1000","mobi-asin:f13a975e-4a4b-4fdc-955e-9baad790ec3d","eng","story_books","2014-05-11T09:30:00+05:30","","","","1.0","508282","","Moon Tortured (Sky Brooks Series Book 1)","Moon Tortured (Sky Brooks Series Book 1)","66047c9b-b8a8-426c-b4cb-294aa4d9aead"
"Chaney, J.N.","J.N. Chaney & Jonathan Brazee","","D:\story_books\J.N. Chaney\Sentenced to War (1001)\cover.jpg","2025-07-04T21:21:24+05:30","epub","","1001","mobi-asin:B08VHNNG5W","eng","story_books","2021-02-27T21:30:00+05:30","Variant Publications","","","1.0","411871","","Sentenced to War","Sentenced to War","877aabe9-b39d-470b-ab55-60eba26d18ef"
"Chaney, J.N.","J.N. Chaney & Jonathan P. Brazze","","D:\story_books\J.N. Chaney\First Kill (Sentenced to War) (1002)\cover.jpg","2025-07-04T21:21:24+05:30","epub","","1002","mobi-asin:B0B242N3LP","eng","story_books","2022-06-11T21:30:00+05:30","Variant Publications","","","1.0","162073","","First Kill (Sentenced to War)","First Kill (Sentenced to War)","e8d58613-75ff-482b-a6b5-50a15434cfc4"
"Chaney, J.N. & Brazee, Jonathan P.","J.N. Chaney & Jonathan P. Brazee","","D:\story_books\J.N. Chaney\Brave New Dawn (Sentenced to War Bo (1003)\cover.jpg","2025-07-04T21:21:25+05:30","epub","","1003","mobi-asin:B0C4M8XHH7","eng","story_books","2023-07-09T04:30:00+05:30","Variant Publications","","","1.0","632344","","Brave New Dawn (Sentenced to War Book 15)","Brave New Dawn (Sentenced to War Book 15)","3c38e0b5-db66-44ef-9787-cd06c1292f50"
"Chaney, J.N. & Brazee, Jonathan P.","J.N. Chaney & Jonathan P. Brazee","","D:\story_books\J.N. Chaney\Into the Void (Sentenced to War Boo (1004)\cover.jpg","2025-07-04T21:21:25+05:30","epub","","1004","mobi-asin:B0BYCZF3R4","eng","story_books","2023-05-13T21:30:00+05:30","Variant Publications","","","1.0","583939","","Into the Void (Sentenced to War Book 14)","Into the Void (Sentenced to War Book 14)","68529cfb-6347-4af8-8360-17d8eda4621f"
"Chaney, J.N. & Brazee, Jonathan P.","J.N. Chaney & Jonathan P. Brazee","","D:\story_books\J.N. Chaney\Exiled to Perdition (Sentenced to W (1005)\cover.jpg","2025-07-04T21:21:26+05:30","epub","","1005","mobi-asin:B0BS1Y2WYQ","eng","story_books","2023-03-18T21:30:00+05:30","Variant Publications","","","1.0","560449","","Exiled to Perdition (Sentenced to War Book 13)","Exiled to Perdition (Sentenced to War Book 13)","1f5a0e23-8289-48e7-9ed4-77dcc22894aa"
"Chaney, J.N. & Brazee, Jonathan P.","J.N. Chaney & Jonathan P. Brazee","","D:\story_books\J.N. Chaney\Nexus of Chaos (Sentenced to War Bo (1006)\cover.jpg","2025-07-04T21:21:26+05:30","epub","","1006","mobi-asin:B0BL232RYG","eng","story_books","2023-01-14T18:30:00+05:30","Variant Publications","","","1.0","1134167","","Nexus of Chaos (Sentenced to War Book 12)","Nexus of Chaos (Sentenced to War Book 12)","0513eef3-b7e9-4476-95a9-8fdc26b60b91"
"Chaney, J.N.","J.N. Chaney & Jonathan P. Brazee","","D:\story_books\J.N. Chaney\United We Kill (Sentenced to War Bo (1007)\cover.jpg","2025-07-04T21:21:27+05:30","epub","","1007","mobi-asin:B0B4GV6R85","eng","story_books","2022-09-03T21:30:00+05:30","Variant Publications","","","1.0","461795","","United We Kill (Sentenced to War Book 10)","United We Kill (Sentenced to War Book 10)","fcff7d47-9f98-4181-b90c-a1afcbc17907"
"Chaney, J.N.","J.N. Chaney & Jonathan P. Brazee","","D:\story_books\J.N. Chaney\Marines Never Die (Sentenced to War (1008)\cover.jpg","2025-07-04T21:21:29+05:30","epub","","1008","mobi-asin:B0B98TZRR8","eng","story_books","2022-11-05T21:30:00+05:30","Variant Publications","","","1.0","472730","","Marines Never Die (Sentenced to War Book 11)","Marines Never Die (Sentenced to War Book 11)","9cd6df54-67f8-4da1-9f97-d45ba959f53c"
"Chaney, J.N.","J.N. Chaney & Jonathan P. Brazee","","D:\story_books\J.N. Chaney\Gods of War (Sentenced to War Book (1009)\cover.jpg","2025-07-04T21:21:29+05:30","epub","","1009","mobi-asin:B09Y88GZ1P","eng","story_books","2022-06-25T21:30:00+05:30","Variant Publications","","","1.0","455146","","Gods of War (Sentenced to War Book 9)","Gods of War (Sentenced to War Book 9)","1338f010-067a-4432-8074-a9e0623b1eb5"
"Chaney, J.N.","J.N. Chaney & Jonathan P. Brazee","","D:\story_books\J.N. Chaney\What Lies Behind (Sentenced to War (1010)\cover.jpg","2025-07-04T21:21:30+05:30","epub","","1010","mobi-asin:B09RVMWMQT","eng","story_books","2022-04-23T21:30:00+05:30","Variant Publications","","","1.0","474893","","What Lies Behind (Sentenced to War Book 8)","What Lies Behind (Sentenced to War Book 8)","562dd620-cfb4-457b-a858-bd53aa2c309b"
"Chaney, J.N. & Brazee, Jonathan P.","J.N. Chaney & Jonathan P. Brazee","","D:\story_books\J.N. Chaney\When Words Fail (Sentenced to War B (1011)\cover.jpg","2025-07-04T21:21:30+05:30","epub","","1011","mobi-asin:B09L5D2J65","eng","story_books","2022-02-13T11:30:00+05:30","Variant Publications","","","1.0","526584","","When Words Fail (Sentenced to War Book 7)","When Words Fail (Sentenced to War Book 7)","f8c46ccb-b417-42fc-b327-f4989f66c095"
"Chaney, J.N. & Brazee, Jonathan P.","J.N. Chaney & Jonathan P. Brazee","","D:\story_books\J.N. Chaney\An Alliance Reforged (Sentenced to (1012)\cover.jpg","2025-07-04T21:21:30+05:30","epub","","1012","mobi-asin:B09CYC13DW","eng","story_books","2021-11-17T05:30:00+05:30","Variant Publications","","","1.0","562481","","An Alliance Reforged (Sentenced to War Book 6)","Alliance Reforged (Sentenced to War Book 6), An","ec09d411-f1a5-47e4-8370-15e7d8d60765"
"Chaney, J.N. & Brazee, Jonathan P.","Chaney, J.N. & Brazee, Jonathan P.","","D:\story_books\Chaney, J.N_\An Uneasy Alliance_ Book 4 of the S (1013)\cover.jpg","2025-07-04T21:21:31+05:30","epub","","1013","","eng","story_books","2021-07-18T09:30:00+05:30","Variant Publications","","","1.0","628685","sort1","An Uneasy Alliance: Book 4 of the Sentenced to War Series","Uneasy Alliance: Book 4 of the Sentenced to War Series, An","b60b81b7-b9cf-49ea-85a4-6fda391949ff"
"Chaney, J.N. & Brazee, Jonathan P.","J.N. Chaney & Jonathan P. Brazee","","D:\story_books\J.N. Chaney\A Broken Alliance (Sentenced to War (1014)\cover.jpg","2025-07-04T21:21:31+05:30","epub","","1014","mobi-asin:B0981KDWRX","eng","story_books","2021-08-31T10:30:00+05:30","Variant Publications","","","1.0","512263","","A Broken Alliance (Sentenced to War Book 5)","Broken Alliance (Sentenced to War Book 5), A","fba627d1-5c8b-41c3-b3b5-6fbf25dbd63f"
"Chaney, J.N.","J.N. Chaney & Jonathan P. Brazee","","D:\story_books\J.N. Chaney\Children of Angels (Sentenced to Wa (1015)\cover.jpg","2025-07-04T21:21:32+05:30","epub","","1015","mobi-asin:B08X439S4N","eng","story_books","2021-03-27T21:30:00+05:30","Variant Publications","","Sentenced to War","2.0","415258","LitRPG","Children of Angels (Sentenced to War Book 2)","Children of Angels (Sentenced to War Book 2)","b77bf9df-bf2c-4c84-85cd-28388fe68df5"
"Chaney, J.N.","J.N. Chaney & Jonathan P. Brazee","","D:\story_books\J.N. Chaney\Song of Redemption (Sentenced to Wa (1016)\cover.jpg","2025-07-04T21:21:32+05:30","epub","","1016","mobi-asin:B08ZK25BCJ","eng","story_books","2021-06-15T21:30:00+05:30","Variant Publications","","","1.0","520488","","Song of Redemption (Sentenced to War Book 3)","Song of Redemption (Sentenced to War Book 3)","bd1b562c-c316-4481-83f4-92734e3aeb73"
"Kennedy, JS","JS Kennedy","","D:\story_books\JS Kennedy\Green Gryphon_ Mackenzie Green Book (1017)\cover.jpg","2025-07-04T21:21:34+05:30","epub","","1017","mobi-asin:B095KNPBHF","eng","story_books","2021-06-16T11:30:00+05:30","","","","1.0","1254081","","Green Gryphon: Mackenzie Green Book 1 (Mackenzie Green Series)","Green Gryphon: Mackenzie Green Book 1 (Mackenzie Green Series)","8f53c0e4-ec6a-4ac6-b5a4-b2bfe0795f43"
"Kennedy, JS","JS Kennedy","","D:\story_books\JS Kennedy\Green Mage_ Mackenzie Green Book 2 (1018)\cover.jpg","2025-07-04T21:21:34+05:30","epub","","1018","mobi-asin:B09CWL1HXN","eng","story_books","2022-02-28T21:30:00+05:30","","","","1.0","533088","","Green Mage: Mackenzie Green Book 2 (Mackenzie Green Series)","Green Mage: Mackenzie Green Book 2 (Mackenzie Green Series)","013b6faf-7b67-44c6-86d2-cfb679720bb2"
"Kennedy, JS","Kennedy, JS","","D:\story_books\Kennedy, JS\Green Shadow (1019)\cover.jpg","2025-07-04T21:21:35+05:30","epub","","1019","","eng","story_books","2022-12-16T00:00:00+05:30","anonymous","","","1.0","3078111","","Green Shadow","Green Shadow","e651b793-e3e6-4892-ae7b-2bcad4d38de3"
"Haskell, Jeffery H.","Jeffery H. Haskell","Kindle Edition, 448 pages 
Published: 2022
Against All Odds: A Military Sci-Fi Series
The wrong crew. The wrong ship. The right Captain.
Idealistic navy lieutenant Jacob Grimm just wanted to honor his mother’s sacrifice in the last great war. When he’s forced to return fire and destroy a squadron of ships to save his own, he thinks he’s the hero…
Until they discover the ships are full of children.
Disgraced and denied promotion, Jacob’s career is over. That is until the head of ONI needs a disposable officer to command a battered destroyer on the rim.
There’s just one problem, Interceptor hasn’t had a CO in months and the ship is a mess. Worse, the system he’s assigned to is corrupt and on the verge of all-out civil war with the Alliance. However, no one told Jacob he was disposable.
Pirates, smugglers, and Caliphate spies complicate the situation and one captain with an old ship can’t enforce the law, let alone stop anyone.m The single greatest discovery of all time is about to change intergalactic politics forever. If Jacob doesn’t find a way to succeed, then it won’t just be the end of the Alliance, it will be the end of freedom for humanity.
From USA Today bestselling author Jeffery H. Haskell comes a military science fiction epic in the tradition of Honor Harrington and Star Trek. If you love heroes and starships, you will love to stand with Commander Jacob T. Grimm Against all Odds. You’re in the Navy now!
""Against All Odds is classic space fleet military science fiction in the tradition of David Weber, with memorable characters and thrilling action. Haskell is a new shining star in the genre."" --Rick Partlow, author of Contact Front 
","D:\story_books\Jeffery H. Haskell\Against All Odds (1022)\cover.jpg","2025-07-04T21:21:36+05:30","epub","","1022","ebook:0,asin:B09MZLQSXY","eng","story_books","2022-04-18T21:30:00+05:30","Aethon Books","","Grimm's War","1.0","976681","Science Fiction","Against All Odds","Against All Odds","b9cfe455-f17d-46cd-8a3a-067539d199bf"
"Moriarty, Andrew","Andrew Moriarty","Jake is the first belter ever to study at the TGI Orbital station to be a merchant officer. He&#x2019;s quiet, hard-working, conscientious, and a good student. In other words, boring, and he&#x2019;s so poor he can&#x2019;t afford to buy beer. That doesn&#x2019;t matter - his scholarship pays for all his schooling, room and board, and he just wants to keep his head down and graduate. When he finds out that he needs more money to graduate, he gets a new plan, and a new job. Things are looking up. But life is full of surprises. Suddenly he&#x2019;s expelled, and on the run from the planetary militia, and there is a bounty on his head. He&#x2019;s just a student with limited skills- how will he survive when it seems like the whole ring system is out to get him?","D:\story_books\Andrew Moriarty\Trans Galactic Insurance_ Adventure (1024)\cover.jpg","2025-07-04T21:21:37+05:30","epub","","1024","mobi-asin:B072JNXNCM","eng","story_books","2017-06-01T11:30:00+05:30","Andrew Moriarty","","","1.0","339000","jump drive, Galactic Empire, rebels, Space Exploration, Dystopian, Space Opera, science fiction adventure, imperial space, space adventure, space empire","Trans Galactic Insurance: Adventures of a Jump Space Accountant","Trans Galactic Insurance: Adventures of a Jump Space Accountant","7be74339-0d33-4c0d-96fa-8bc3390c2157"
"James, Anthony","Anthony James","","D:\story_books\Anthony James\Recker's Chance (1025)\cover.jpg","2025-07-04T21:21:38+05:30","epub","","1025","mobi-asin:B08QDP8GWX","eng","story_books","2020-12-10T03:30:00+05:30","","","","1.0","345369","","Recker's Chance","Recker's Chance","e8c80cc6-970b-46cf-bf69-886c7c7e3743"
"James, Anthony","Anthony James","","D:\story_books\Anthony James\Empires in Ruin (1026)\cover.jpg","2025-07-04T21:21:38+05:30","epub","","1026","mobi-asin:B08N6NPFMY","eng","story_books","2020-11-10T03:30:00+05:30","","","","1.0","336943","","Empires in Ruin","Empires in Ruin","26f40cd0-38b7-44c0-bfb2-f0b307985607"
"James, Anthony","Anthony James","","D:\story_books\Anthony James\Laws of Ancidium (Savage Stars Book (1027)\cover.jpg","2025-07-04T21:21:40+05:30","epub","","1027","mobi-asin:B08KTMG17S","eng","story_books","2020-10-06T03:30:00+05:30","","","","1.0","341437","","Laws of Ancidium (Savage Stars Book 5)","Laws of Ancidium (Savage Stars Book 5)","82f20cb4-0d9b-4523-89b1-ce15ba4da7d2"
"James, Anthony","Anthony James","","D:\story_books\Anthony James\Fulcrum Gun (Savage Stars Book 4) (1028)\cover.jpg","2025-07-04T21:21:40+05:30","epub","","1028","mobi-asin:B08HM22H73","eng","story_books","2020-09-06T03:30:00+05:30","","","","1.0","324033","","Fulcrum Gun (Savage Stars Book 4)","Fulcrum Gun (Savage Stars Book 4)","19fca2d8-e567-4a6f-af98-887c0d95a9f0"
"James, Anthony","Anthony James","","D:\story_books\Anthony James\Galactar (Savage Stars Book 3) (1029)\cover.jpg","2025-07-04T21:21:41+05:30","epub","","1029","mobi-asin:B08DL5GTJW","eng","story_books","2020-07-23T03:30:00+05:30","","","","1.0","337443","","Galactar (Savage Stars Book 3)","Galactar (Savage Stars Book 3)","bcf32917-6c9a-4d9f-bf37-e5d6e706e1aa"
"James, Anthony","Anthony James","","D:\story_books\Anthony James\Fractured Horizons (Savage Stars Bo (1030)\cover.jpg","2025-07-04T21:21:41+05:30","epub","","1030","mobi-asin:B08BLVK5C5","eng","story_books","2020-06-21T03:30:00+05:30","","","","1.0","343887","","Fractured Horizons (Savage Stars Book 2)","Fractured Horizons (Savage Stars Book 2)","3b29f3eb-efbb-4fec-9164-87f937ae6702"
"James, Anthony","Anthony James","","D:\story_books\Anthony James\War from a Distant Sun (Savage Star (1031)\cover.jpg","2025-07-04T21:21:42+05:30","epub","","1031","mobi-asin:B088TWHJKN","eng","story_books","2020-05-18T03:30:00+05:30","","","","1.0","344097","","War from a Distant Sun (Savage Stars Book 1)","War from a Distant Sun (Savage Stars Book 1)","11451169-7a3a-4521-8824-9e6de220d9b0"
"Rosone, James","James Rosone","","D:\story_books\James Rosone\Into the Stars (Rise of the Republi (1032)\cover.jpg","2025-07-04T21:21:42+05:30","epub","","1032","mobi-asin:B0893L2LKP","eng","story_books","2020-08-09T09:30:00+05:30","Front Line Publishing Inc.","","","1.0","398301","","Into the Stars (Rise of the Republic Book 1)","Into the Stars (Rise of the Republic Book 1)","4009c30f-f6ac-4057-8be7-b885f3cc9ee8"
"Benton, Jack","Jack Benton","","D:\story_books\Jack Benton\The Clockmaker's Secret_ The Slim H (1033)\cover.jpg","2025-07-04T21:21:43+05:30","epub","","1033","","eng","story_books","0101-01-01T05:30:00+05:30","AMMFA Publishing","","","1.0","614002","","The Clockmaker’s Secret: The Slim Hardy Mysteries #2","Clockmaker’s Secret: The Slim Hardy Mysteries #2, The","021d6d4f-cc44-4f74-b8cf-f3b28251d2ba"
"Benton, Jack","Jack Benton","","D:\story_books\Jack Benton\The Man by the Sea (1034)\cover.jpg","2025-07-04T21:21:43+05:30","epub","","1034","","eng","story_books","0101-01-01T05:30:00+05:30","AMMFA Publishing","","","1.0","746874","","The Man by the Sea","Man by the Sea, The","6c5ace43-caeb-4bc6-9903-77022f82a981"
"Benton, Jack","Jack Benton","","D:\story_books\Jack Benton\Eight Days (1035)\cover.jpg","2025-07-04T21:21:43+05:30","epub","","1035","","eng","story_books","0101-01-01T05:30:00+05:30","AMMFA Publishing","","","1.0","449435","","Eight Days","Eight Days","f0a61fac-9f6c-403e-b918-fdb7034fc9b2"
"Benton, Jack","Jack Benton","","D:\story_books\Jack Benton\The Angler's Tale (1036)\cover.jpg","2025-07-04T21:21:44+05:30","epub","","1036","","eng","story_books","0101-01-01T05:30:00+05:30","AMMFA Publishing","","","1.0","493901","","The Angler’s Tale","Angler’s Tale, The","04a6fbaa-f264-4dbc-a0fe-ec0dc3b75187"
"Benton, Jack","Jack Benton","","D:\story_books\Jack Benton\Slow Train_ The Slim Hardy Mysterie (1037)\cover.jpg","2025-07-04T21:21:45+05:30","epub","","1037","","eng","story_books","0101-01-01T05:30:00+05:30","AMMFA Publishing","","","1.0","635131","","Slow Train: The Slim Hardy Mysteries #4","Slow Train: The Slim Hardy Mysteries #4","9271652a-77f6-4fef-80db-5fc6cff6fbc8"
"Benton, Jack","Jack Benton","","D:\story_books\Jack Benton\The Games Keeper_ The Slim Hardy My (1038)\cover.jpg","2025-07-04T21:21:46+05:30","epub","","1038","","eng","story_books","0101-01-01T05:30:00+05:30","AMMFA Publishing","","","1.0","562081","","The Games Keeper: The Slim Hardy Mysteries #3","Games Keeper: The Slim Hardy Mysteries #3, The","4a7d51a4-76ab-4945-a562-6ba980d9b8c2"
"Benton, Jack","Jack Benton","","D:\story_books\Jack Benton\Broken_ The Tokyo Lost Series #1 (1039)\cover.jpg","2025-07-04T21:21:46+05:30","epub","","1039","","eng","story_books","0101-01-01T05:30:00+05:30","AMMFA Publishing","","","1.0","1082051","","Broken: The Tokyo Lost Series #1","Broken: The Tokyo Lost Series #1","2eb9b587-8bf3-490f-982f-e6615e7ca265"
"Dunbar, Debra","Debra Dunbar","Imps just wanna have fun. 
All Samantha Martin wants to do is drink beer by the pool, play mischievous pranks on the humans, and get her hot neighbor in the sack—oh, and avoid the angels who won’t hesitate to execute her on sight. 
But when her naughty hellhound lands her in trouble and she’s blackmailed into catching a killer, Sam finds herself in the crosshairs of the very beings that want her dead. Run to Hel and give up all the earthly pleasures she’s learned to love? Stay and face a certain death? Or use her impish wiles to and hope to survive? 
WARNING: This completed series has laugh-out loud antics, an OCD werewolf, and a sexy angel. Get ready to binge read! 
A Reading Order for all the Imp Series and Imp World Novels 
Imp (a prequel novella)  
A Suburban Summoning (short story)  
A Demon Bound (Imp 1)  
Satan’s Sword (Imp 2)  
No Man’s Land (Jaq and Kelly’s story)  
Elven Blood (Imp 3)  
Devil’s Paw (Imp 4)  
Imp Forsaken (Imp 5)  
Stolen Souls (Nyalla’s story)  
Demons of Desire (Half-breed 1)  
Angel of Chaos (Imp 6)  
Three Wishes (Dar’s story)  
Sins of the Flesh (Half-breed 2)  
Kingdom of Lies (Imp 7)  
The Naughty List (short story)  
Northern Lights (Rafi’s story)  
Juneau to Kenai (Northern Wolves 1)  
Exodus (Imp 8)  
Liberation (Short story – Nyalla)  
Cornucopia (Half-breed 3)  
RumpleIMPskin (short story)  
Far From Center (Gabe’s story)  
Unholy Pleasures (Half-Breed 4)  
Rogue (Northern Wolves 2)  
Winter Fae (Northern Wolves 3)  
Bad Seed (Northern Wolves 4)  
City of Lust (Half-breed 5)  
Queen of the Damned (Imp 9)  
Penance (Uriel’s story)  
The Morning Star (Imp 10)  
Down the Chimney (Imp X-mas novella)
**
### Review
What readers are saying about the Imp Series and A Demon Bound:
""Funny as hell.""
""The Imp Series is now in my top ten favorite series.""
""Laughs galore!""
""This series is excellent and truly one of my favorites of all times.""
""Dunbar has created one of my favorite characters in Sam, the imp.""
""The character growth, the signature laugh out loud moments, the impy antics....This series... is truly in the top three of my favorite series ever.""
""Debra's Imp Series is a must read for any Urban Fantasy fan.""
### About the Author
After majoring in English Literature with a concentration in Medieval and Folklore studies, Debra promptly sold out to the corporate world, occasionally dabbling in writing marketing copy and op/ed articles for a local city paper. By day, she designs compensation programs, after dark she stuffs her nose into obscure mythology, and feverishly writes her novels. A DEMON BOUND is her debut novel. Debra lives on a farm in Maryland with Sweetie, three sons, and a Noah’s ark of four legged family members. Unlike her protagonist, she drives an old PT Cruiser, couldn’t carry a tune if you duct taped it to her back, and enjoys an occasional cosmopolitan (heavy on the vodka). On a good day, she jogs and horseback rides, hopefully managing to keep the horse between herself and the ground. Her only known super power is ‘Identify Roadkill’. 
","D:\story_books\Debra Dunbar\A Demon Bound (1040)\cover.jpg","2025-07-04T21:21:46+05:30","epub","","1040","amazon:B008MOP308,mobi-asin:B008MOP308,google:gXPPDQAAQBAJ","eng","story_books","2014-01-15T02:56:57+05:30","Anessa Books","4","Imp","1.0","447306","fantasy, Dark Fantasy, Romance","A Demon Bound","Demon Bound, A","1c56586d-10ca-4615-9da9-8bb97c23b21d"
"Dunbar, Debra","Debra Dunbar","","D:\story_books\Debra Dunbar\A Suburban Summoning_ An Imp Series (1041)\cover.jpg","2025-07-04T21:21:47+05:30","epub","","1041","mobi-asin:B01LXQ2DMZ","eng","story_books","2016-09-29T21:30:00+05:30","","","Imp","0.9","145788","","A Suburban Summoning: An Imp Series Story","Suburban Summoning: An Imp Series Story, A","05213159-d31d-449e-a115-fe121c2e8f58"
"Dunbar, Debra","Debra Dunbar","","D:\story_books\Debra Dunbar\No Man's Land_ An Imp World Novel (1042)\cover.jpg","2025-07-04T21:21:47+05:30","epub","","1042","mobi-asin:B00IA6JCXM","eng","story_books","2014-02-05T13:30:00+05:30","Anessa Books","","","1.0","349509","paranormal romance, lesbian romance, vampire, fantasy humor, werewolf, contemporary fantasy, urban fantasy","No Man's Land: An Imp World Novel","No Man's Land: An Imp World Novel","4405007e-5a5d-4ff9-bb24-33c2bb6e673d"
"Dunbar, Debra","Dunbar, Debra","","D:\story_books\Dunbar, Debra\Imp Series Books 4-6_ Devil's Paw, (1043)\cover.jpg","2025-07-04T21:21:48+05:30","epub","","1043","","eng","story_books","2021-10-10T00:00:00+05:30","","","","1.0","1327392","","Imp Series Books 4-6: Devil’s Paw, Imp Forsaken, Angel of Chaos","Imp Series Books 4-6: Devil’s Paw, Imp Forsaken, Angel of Chaos","b133eecd-9075-47da-a97e-79ff2dff009e"
"Dunbar, Debra","Debra Dunbar","### Product Description
Demon young are cruel, especially to little imps like Az. No matter where she hides, even deep in the swamplands, her siblings eventually find her and hurt her, ripping off her scales and slicing her wings. Many demons don’t live to adulthood. Only the strong survive. And the clever.  
Survival isn’t looking probable for Az, with eldest brother, Paquit, determined to rip her to shreds at every opportunity. When her other brother, Dar, proposes a trip through the angelic gates into the land of the humans, she jumps at the chance. Finally, a fun adventure safe from Paquit’s cruelty and attacks. Or maybe not.  
Imp is a prequel novella to the Imp Series. It features the demon Samantha Martin as a juvenile, before she became Sam – a kind of young adult story for demons. The first book in the series, A Demon Bound, and the second, Satan’s Sword, are available in both paperback and a variety of e-formats.
### Review
A Reading Order for all the Imp Series and Imp World NovelsImp (a prequel novella)A Suburban Summoning (short story)A Demon Bound (Imp 1)Satan's Sword (Imp 2)No Man's Land (Jaq and Kelly's story)Elven Blood (Imp 3)Devil's Paw (Imp 4)Imp Forsaken (Imp 5)Stolen Souls (Nyalla's story)Demons of Desire (Half-breed 1)Angel of Chaos (Imp 6)Three Wishes (Dar's story)Sins of the Flesh (Half-breed 2)Kingdom of Lies (Imp 7)The Naughty List (short story)Northern Lights (Rafi's story)Juneau to Kenai (Northern Wolves 1)Exodus (Imp 8)Liberation (Short story - Nyalla)Cornucopia (Half-breed 3)RumpleIMPskin (short story)Far From Center (Gabe's story)Unholy Pleasures (Half-Breed 4)Rogue (Northern Wolves 2)Winter Fae (Northern Wolves 3)Bad Seed (Northern Wolves 4)City of Lust (Half-breed 5)Ten Lows A-Leaping (Short story - Beatrix)Queen of the Damned (Imp 9)Penance (Uriel's story)The Morning Star (Imp 10)Down the Chimney (Imp X-mas novella)
","D:\story_books\Debra Dunbar\Imp (1044)\cover.jpg","2025-07-04T21:21:48+05:30","epub","","1044","goodreads:17979824,amazon:B00ARLLI6M,asin:B00ARLLI6M","eng","story_books","2012-12-19T18:30:00+05:30","Debra Dunbar LLC","4","Imp World","0.5","534313","fantasy, Demons, Angels, Paranormal, Supernatural, Magic, Romance, paranormal romance, urban fantasy, Fiction, Novella, Short Stories","Imp","Imp","46a03e66-5449-4572-bd9e-2656470fcab8"
"Dunbar, Debra","Debra Dunbar","","D:\story_books\Debra Dunbar\Imp Series Books 1-3 (1045)\cover.jpg","2025-07-04T21:21:49+05:30","epub","","1045","mobi-asin:B00PV4K8HK","eng","story_books","2014-11-18T12:30:00+05:30","Anessa Books","","","1.0","879135","contemporary fantasy, urban fantasy, new orleans, paranormal romance, fantasy humor, Demons, succubi, succubus","Imp Series Books 1-3","Imp Series Books 1-3","0a9a1429-6aea-4ad8-bf48-3307cb00a675"
"Bateman, Sonya","Sonya Bateman","“ *The dead can’t lie. At least, not to me.”*
With the dangerous Milus Dei cult collapsed, Gideon Black is trying to get used to his new life as a half-Fae and the DeathSpeaker—a legendary Other with the ability to compel the dead to speak. But when freshly murdered bodies turn up in New York with ankh-and-sword tattoos identifying them as cult members, Gideon realizes his battle with Milus Dei is far from over.
While dealing with a singing dead man and a powerful Seelie noble out for revenge, Gideon discovers that the remaining cult survivors have skipped town. Their new target: his werewolf friend Sadie’s estranged pack in the Appalachian Mountains.
Then Sadie’s younger sister is abducted, and Gideon and his newfound brother Taeral offer to help get her back. But the rescue mission soon turns deadly as they uncover Milus Dei’s true target—and find that the cult is not only far bigger than the New York branch, but also developing a biological weapon to turn their soldiers into unstoppable killing machines, capable of taking down any Other.
And Sadie’s blood holds the key to perfecting that weapon.
","D:\story_books\Sonya Bateman\Fields of Blood (The DeathSpeaker C (1046)\cover.jpg","2025-07-04T21:21:50+05:30","epub","","1046","mobi-asin:B01CKNI5YM","eng","story_books","2016-03-03T10:30:00+05:30","","","DeathSpeaker Codex, The","2.0","303853","Humor, Fae, Coming of Age, shapeshifter, thriller, witch, dark urban paranormal werewolf elf fairies moon magic spells supernatural female werewolf pack alpha seelie unseelie conspiracy manhattan new york city evil ancient cult murder hunter police detective reluctant hero journey brother family","Fields of Blood (The DeathSpeaker Codex Book 2)","Fields of Blood (The DeathSpeaker Codex Book 2)","bcb41439-c78d-4bdb-b7b8-2c50ee47993a"
"Bateman, Sonya","Sonya Bateman","***“The dead never bothered me. That honor was reserved for the living.”***
Hauling dead people around Manhattan is all in a day’s work for body mover Gideon Black. He lives in his van, talks to corpses, and occasionally helps the police solve murders. His life may not be normal, but it’s simple enough.
Until the corpses start talking back.
When Gideon accidently rescues a werewolf in Central Park, he’s drawn into the secret world of the Others. Fae, were-shifters, magic-users and more, all playing a deadly cat-and-mouse game with Milus Dei, a massive and powerful cult dedicated to hunting them down for experimentation and torture—and ultimately, extinction.
Then a dead man speaks to him, saying that Milus Dei wants him more than any Other. They’ll stop at nothing to capture him and control the abilities he never knew he had.
He is the DeathSpeaker. He is the key. And he’s not as human as he thought…
Life was a whole lot easier when the dead stayed dead.
  

","D:\story_books\Sonya Bateman\Wrong Side of Hell (The DeathSpeake (1047)\cover.jpg","2025-07-04T21:21:51+05:30","epub","","1047","mobi-asin:B01B00Y74I","eng","story_books","2016-01-23T13:30:00+05:30","","","","1.0","363100","Fae, shapeshifter, thriller, dark urban paranormal werewolf elf fairies moon magic spells supernatural female werewolf seelie unseelie manhattan new york city evil ancient cult murder hunter police detective reluctant hero journey, witch, Coming of Age, Humor","Wrong Side of Hell (The DeathSpeaker Codex Book 1)","Wrong Side of Hell (The DeathSpeaker Codex Book 1)","6376a554-1a14-46d2-842e-515fdb02f08e"
"Hagenus, Petra","Petra Hagenus","","","2025-07-04T21:21:51+05:30","epub","","1048","","eng","story_books","0101-01-01T05:30:00+05:30","","","","1.0","233198","","179479b2bfd066dbbeafcb736edee315","179479b2bfd066dbbeafcb736edee315","8b2cc7ca-38c4-46b2-a58f-048787c8bd5a"
"Bateman, Sonya","Sonya Bateman","The DeathSpeaker Codex: Books 1 – 3 (DeathSpeaker Series Box Set) 
This omnibus includes the first three books in The DeathSpeaker Codex urban fantasy series: Wrong Side of Hell, Fields of Blood, and Realm of Mirrors. 
WRONG SIDE OF HELL (Book 1) 
***""The dead never bothered me. That honor was reserved for the living.""* **
I thought I was human. Apparently, I was wrong. 
I didn't even know there were non-humans. Others, they're called. Fairies, vampires, even the bogeyman -- they're all real. At least, that's what the werewolf told me when I saved her from the cops. 
Did I mention that I saved a werewolf? And those weren't just cops trying to kill her -- they're a deadly cult with the sole purpose of capturing and exterminating Others. Especially me. 
My name is Gideon Black, and I'm not human. I am the DeathSpeaker. 
And I am so screwed. 
FIELDS OF BLOOD (Book 2) 
***""The dead can't lie. At least, not to me.""* **
With the dangerous Milus Dei cult collapsed, Gideon Black is trying to get used to his new life as a half-Fae, and the DeathSpeaker -- a legendary Other with the ability to compel the dead to speak. But when freshly murdered bodies turn up in New York with ankh-and-sword tattoos identifying them as cult members, Gideon realizes the battle is far from over. 
REALM OF MIRRORS (Book 3) 
***""The dead must answer to you, and no one else. Remember that, Gideon.""* **
He may be the DeathSpeaker, but Gideon Black has no idea what he's doing. The job didn't come with an instruction manual. That's why his half-brother Taeral plans to bring him across the Veil to the Fae realm of Arcadia, to consult with an ancient Fae who knew the previous DeathSpeaker personally. 
Those plans are violently interrupted when the royal Unseelie Guard invade their home, dragging Taeral and their father, Daoin, to Arcadia ahead of schedule. And Gideon will do anything to get them back. 
","D:\story_books\Sonya Bateman\The DeathSpeaker Codex_ Books 1 - 3 (1049)\cover.jpg","2025-07-04T21:21:51+05:30","epub","","1049","asin:B01N6VU7NT,amazon:B01N6VU7NT,goodreads:34063488","eng","story_books","2017-01-27T05:30:00+05:30","#PrB.rating#4.43","4","The DeathSpeaker Codex","1.0","573304","","The DeathSpeaker Codex: Books 1 - 3","DeathSpeaker Codex: Books 1 - 3, The","2bf56bcc-7af0-4781-9acd-2be7fd27ad9f"
"Bateman, Sonya","Sonya Bateman","**My past came with sharp teeth, and I didn't enjoy letting it bite me.**
Return to the world of the DeathSpeaker with Gideon Black and friends in this three-book collection that includes books four, five, and six in The DeathSpeaker Codex series. 
**Return of the Hunters:** Gideon may have a stronger grip on his abilities after returning from a grueling visit to the Fae realm, but none of that prepared him to be kidnapped and dragged into a fight against a god. 
**City of Secrets:** A violent and clearly non-human killer is targeting Milus Dei members, and Gideon isn't sure he should stop it. But when he learns they have a common enemy, an uneasy alliance forms -- and with the help of a thief, a genie, and a beautiful, strangely familiar Milus Dei agent, Gideon takes on a whole new challenge: saving the world. 
**Prison of Horrors:** It was supposed to be a break. A few days in scenic small-town Maine, and a chance to get to know a certain special agent better. Just a routine check-in with no magic ... and no monsters. But even before the first dead body won't talk to him, Gideon realizes that nothing and no one is what it seems in this place. Including his escort. 
*What readers are saying about The DeathSpeaker Codex:*
""An explosive series!"" 
""Smart, fun, funny, sweet, tough. I'm in love..."" 
""This [series] is a breath of fresh air for an avid reader."" 
""Just grabs you from page one and doesn't let go."" 
""One of the best series out there!"" 
""An awesome series with an amazing voice.""
","D:\story_books\Sonya Bateman\The DeathSpeaker Codex_ Books 4 - 6 (1050)\cover.jpg","2025-07-04T21:21:52+05:30","epub","","1050","goodreads:51150354,amazon:B084D9W5JV,asin:B084D9W5JV","eng","story_books","2020-01-30T05:30:00+05:30","#PrB.rating#4.33","4","The DeathSpeaker Codex","4.0","594694","","The DeathSpeaker Codex: Books 4 - 6","DeathSpeaker Codex: Books 4 - 6, The","5ade7b67-dd19-4f7c-be54-10a760c5e1fc"
"Bateman, Sonya","Sonya Bateman","***""The dead must answer to you, and no one else. Remember that, Gideon.""***
He may be the DeathSpeaker, but Gideon Black has no idea what he's doing. The job didn't come with an instruction manual. That's why his half-brother Taeral plans to bring him across the Veil to the Fae realm of Arcadia, to consult with an ancient Fae who knew the previous DeathSpeaker personally. 
Those plans are violently interrupted when the royal Unseelie Guard invade their home, dragging Taeral and their father, Daoin, to Arcadia ahead of schedule. And Gideon will do anything to get them back. 
But the concrete jungles of Manhattan are nothing compared to the threats waiting in Arcadia. Facing deadly wildlife, even deadlier enemies, and magic he never imagined possible, Gideon must learn quickly to wield his power as both a Fae and the DeathSpeaker -- before the vengeful Unseelie Queen can exact a cost higher than death from his family, and everyone he holds dear.
**
### From the Author
**MORE BOOKS BY SONYA BATEMAN 
Urban Fantasy** 
WRONG SIDE OF HELL  
The DeathSpeaker Codex -- Book 1 
FIELDS OF BLOOD  
The DeathSpeaker Codex -- Book 2 
Master of None  
Master and Apprentice 
**Paranormal Romance**
The Devil Went Down  
Demon's Song 
**Fairy Tale Retellings**
Red  
Ember** 
Coming Soon: *RETURN OF THE HUNTERS, book four of The DeathSpeaker Codex. Join my mailing list or follow me on Amazon to be among the first notified when this book is released!* **
### About the Author
Sonya Bateman lives in ""scenic"" Central New York, with its two glorious seasons: winter and road construction. She is the author of the Gavyn Donatti urban fantasy series (Master of None / Master and Apprentice) from Simon & Schuster. Under the pseudonym S.W. Vaughn, she's the author of the Skin Deep paranormal M/M erotic romance series (Loose Id) and the House Phoenix thriller series. 
","D:\story_books\Sonya Bateman\DeathSpeaker Codex - 03 Realm of Mi (1051)\cover.jpg","2025-07-04T21:21:52+05:30","epub","","1051","amazon:B01EQL8LA4,goodreads:29994042,mobi-asin:B01EQL8LA4","eng","story_books","2016-04-23T09:30:00+05:30","","5","The DeathSpeaker Codex","3.0","353430","Mystery; Thriller & Suspense, Thrillers & Suspense, Crime, Murder, Supernatural, Ghosts, Psychics, Werewolves & Shifters, Witches & Wizards, Science Fiction & Fantasy, fantasy, Paranormal & Urban, Suspense, Paranormal, ghost, shapeshifter, Coming of Age, psychic, witch, werewolf dark urban thriller paranormal elf fairies fae realm full moon magic spells supernatural seelie unseelie humor manhattan new york city arcadia evil ancient cult murder hunter reluctant hero journey banshee myths, Fae","DeathSpeaker Codex - 03 Realm of Mirrors","DeathSpeaker Codex - 03 Realm of Mirrors","0c966939-36a9-472d-a9e6-3b628ae0c04b"
"BokGen.com, Generated by","Generated by BokGen.com","","D:\story_books\Generated by BokGen.com\Divine Emperor of Death #3206 (1052)\cover.jpg","2025-07-04T21:21:52+05:30","epub","","1052","","vie","story_books","0101-01-01T05:30:00+05:30","","","","1.0","13898408","","Divine Emperor of Death #3206","Divine Emperor of Death #3206","569a52da-7142-4318-b11c-f95d2d69f6ba"
"BokGen.com, Generated by","Generated by BokGen.com","","D:\story_books\Generated by BokGen.com\HOT Reincarnation Of The Strongest (1053)\cover.jpg","2025-07-04T21:21:53+05:30","epub","","1053","","vie","story_books","0101-01-01T05:30:00+05:30","","","","1.0","16800713","","HOT Reincarnation Of The Strongest Sword God #3817","HOT Reincarnation Of The Strongest Sword God #3817","7dc600ef-1fea-4cd5-a9c5-96f56b868bda"
"Longing Washes Red Beans","Longing Washes Red Beans","","D:\story_books\Longing Washes Red Beans\Absolute Great Teacher (1054)\cover.jpg","2025-07-04T21:21:53+05:30","epub","","1054","uri:https://libread.com/libread/absolute-great-teacher-60636","eng","story_books","2024-04-17T08:48:27+05:30","","","","1.0","8601969","","Absolute Great Teacher","Absolute Great Teacher","a1eac9c6-afd7-43d5-b849-7b5d4fbe51a7"
"明月地上霜","明月地上霜","","D:\story_books\Ming Yue Di Shang Shuang\I Might Be A Fake Cultivator (1055)\cover.jpg","2025-07-04T21:21:53+05:30","epub","","1055","uri:https://libread.com/libread/i-might-be-a-fake-cultivator-novel-120840","eng","story_books","2024-04-03T14:16:12+05:30","","","","1.0","1469863","","I Might Be A Fake Cultivator","I Might Be A Fake Cultivator","646cb27e-50b6-4dad-8f4f-46f3bd251604"
"Awespec","Awespec","","D:\story_books\Awespec\Rebirth of the Nameless Immortal Go (1056)\cover.jpg","2025-07-04T21:21:54+05:30","epub","","1056","uri:https://bednovel.com/bednovel/rebirth-of-the-nameless-immortal-god-11860","eng","story_books","2024-01-19T11:10:11+05:30","","","","1.0","7373612","","Rebirth of the Nameless Immortal God","Rebirth of the Nameless Immortal God","d23473d0-af73-4535-a65a-a49b51fd2fa4"
"育","育","","D:\story_books\Yu\Nine Star Burden (1057)\cover.jpg","2025-07-04T21:21:54+05:30","epub","","1057","uri:https://libread.com/libread/nine-star-burden-261402","eng","story_books","2024-04-03T14:40:18+05:30","","","","1.0","1504005","","Nine Star Burden","Nine Star Burden","68534acd-c1ef-4540-be40-24f55c3169f7"
"善良的蜜蜂","善良的蜜蜂","<p>Anthology containing:</p>Martial God Asura_1<br/>Martial God Asura_2<br/>Martial God Asura_3","D:\story_books\Shan Liang De Mi Feng\Martial God Asura_1 Anthology (1058)\cover.jpg","2025-07-04T21:21:54+05:30","epub","","1058","url:https://img.libread.com/0/356/356s.jpg","eng","story_books","0101-01-01T05:30:00+05:30","","","","1.0","24094908","","Martial God Asura_1 Anthology","Martial God Asura_1 Anthology","16f77782-314a-4ad1-bcfc-efc17ab275de"
"<unknown>","<unknown>","","D:\story_books\_unknown_\Supreme Crazy Wife (1059)\cover.jpg","2025-07-04T21:21:55+05:30","epub","","1059","uri:https://libread.org/libread/supreme-crazy-wife-311782","eng","story_books","2024-03-31T12:47:33+05:30","","","","1.0","3349627","","Supreme Crazy Wife","Supreme Crazy Wife","000149b1-c36f-4f0d-97d6-f9286ff5441a"
"Heng Sao Tian Ya","Heng Sao Tian Ya","","D:\story_books\Heng Sao Tian Ya\Library of Heaven's Path (1060)\cover.jpg","2025-07-04T21:21:55+05:30","epub","","1060","uri:https://libread.com/libread/library-of-heavens-path-22758","eng","story_books","2024-04-03T13:35:57+05:30","","","","1.0","13629741","","Library of Heaven's Path","Library of Heaven's Path","9ad29d95-2ca7-47e2-9751-9145ea932d20"
"小教主","小教主","","D:\story_books\Xiao Jiao Zhu\Red Envelope Group of the Three Rea (1061)\cover.jpg","2025-07-04T21:21:56+05:30","epub","","1061","uri:https://libread.com/libread/red-envelope-group-of-the-three-realms-214506","eng","story_books","2024-04-04T14:30:46+05:30","","","","1.0","12502906","","Red Envelope Group of the Three Realms","Red Envelope Group of the Three Realms","16d186db-3ac7-4abe-b7e7-0678f50c62c3"
"直上青云","直上青云","","D:\story_books\Zhi Shang Qing Yun\Reborn at Boot Camp_ General, Don't (1062)\cover.jpg","2025-07-04T21:21:57+05:30","epub","","1062","uri:https://libread.com/libread/reborn-at-boot-camp-general-dont-mess-around-280719","eng","story_books","2024-04-03T00:39:43+05:30","","","","1.0","7988316","","Reborn at Boot Camp: General, Don't Mess Around!","Reborn at Boot Camp: General, Don't Mess Around!","92688966-5491-4128-8b44-0c0baff31e40"
"厌笔萧生","厌笔萧生","","D:\story_books\Yan Bi Xiao Sheng\Emperor's Domination (1063)\cover.jpg","2025-07-04T21:21:57+05:30","epub","","1063","uri:https://libread.com/libread/emperors-domination-131952","eng","story_books","2024-03-31T11:05:04+05:30","","","","1.0","1299534","","Emperor's Domination","Emperor's Domination","f2cc9f54-d899-4656-8470-7431334b9e4e"
"Shao, Tang Jia San","Tang Jia San Shao (唐家三少)","","D:\story_books\Tang Jia San Shao (Tang Jia San Sha\The Legend of the Dragon King c1-19 (1064)\cover.jpg","2025-07-04T21:21:58+05:30","epub","","1064","","eng","story_books","0101-01-01T05:30:00+05:30","","","","1.0","9125975","","The Legend of the Dragon King c1-1982","Legend of the Dragon King c1-1982, The","76f3a7f1-f116-4fb8-a2b0-453bf5427d37"
"한중월야","한중월야","","D:\story_books\hanjungweolya\Nano Machine (Retranslated Version) (1065)\cover.jpg","2025-07-04T21:21:58+05:30","epub","","1065","uri:https://libread.com/libread/nano-machine-retranslated-version-192081","eng","story_books","2024-03-11T18:29:16+05:30","","","","1.0","2090600","","Nano Machine (Retranslated Version)","Nano Machine (Retranslated Version)","96a7aa1e-13ec-4cf5-8e5f-b4ffca3d77b7"
"BokGen.com, Generated by","Generated by BokGen.com","","D:\story_books\Generated by BokGen.com\The Unrivaled Tang Sect #1586 (1066)\cover.jpg","2025-07-04T21:21:58+05:30","epub","","1066","","vie","story_books","0101-01-01T05:30:00+05:30","","","","1.0","8538982","","The Unrivaled Tang Sect #1586","Unrivaled Tang Sect #1586, The","0ac0f6aa-2893-4fca-86d0-ac40e647598f"
"Tang Jia San Shao","Tang Jia San Shao","","D:\story_books\Tang Jia San Shao\Skyfire Avenue (1067)\cover.jpg","2025-07-04T21:21:59+05:30","epub","","1067","uri:https://libread.com/libread/skyfire-avenue-42312","eng","story_books","2024-03-06T01:15:20+05:30","","","","1.0","4480763","","Skyfire Avenue","Skyfire Avenue","33d5a627-ee46-4d10-9aa9-7e3ec9e79254"
"唐家三少","唐家三少","","D:\story_books\Tang Jia San Shao\Child of Light (1068)\cover.jpg","2025-07-04T21:21:59+05:30","epub","","1068","uri:https://libread.com/libread/child-of-light-263295","eng","story_books","2024-02-23T09:31:13+05:30","","","","1.0","1409337","","Child of Light","Child of Light","2137dda2-b233-4b87-9fce-7b0064298c66"
"The Enlightened Master Crouching Cow, 卧牛真人","The Enlightened Master Crouching Cow, 卧牛真人","","D:\story_books\The Enlightened Master Crouching Co\Forty Millenniums of Cultivation c1 (1069)\cover.jpg","2025-07-04T21:21:59+05:30","epub","","1069","","eng","story_books","0101-01-01T05:30:00+05:30","","","","1.0","12903578","","Forty Millenniums of Cultivation c1-2387","Forty Millenniums of Cultivation c1-2387","9d21bf58-de58-4c6d-b3a3-689c5a0faec1"
"Cuttlefish That Loves Diving","Cuttlefish That Loves Diving","","D:\story_books\Cuttlefish That Loves Diving\Lord of the Mysteries (1070)\cover.jpg","2025-07-04T21:22:00+05:30","epub","","1070","uri:https://bednovel.com/bednovel/lord-of-the-mysteries-264345","eng","story_books","2024-02-05T08:50:10+05:30","","","","1.0","8133670","","Lord of the Mysteries","Lord of the Mysteries","15fe4a3c-9ed3-4194-a529-fbe1c8e51dd2"
"9 lightyears per second","9 lightyears per second","","D:\story_books\9 lightyears per second\Super Gene Optimization Fluid (1071)\cover.jpg","2025-07-04T21:22:00+05:30","epub","","1071","uri:https://libread.com/libread/super-gene-optimization-fluid-275352","eng","story_books","2024-01-31T14:01:44+05:30","","","","1.0","9933082","","Super Gene Optimization Fluid","Super Gene Optimization Fluid","938e3224-8343-4f21-9aaf-b2fab874a765"
"Diving, Cuttlefish That Loves","Cuttlefish That Loves Diving","With the rising tide of steam power and machinery, who can come close to being a Beyonder? Shrouded in the fog of history and darkness, who or what is the lurking evil that murmurs into our ears? Waking up to be faced with a string of mysteries, Zhou Mingrui finds himself reincarnated as Klein Moretti in an alternate Victorian era world where he sees a world filled with machinery, cannons, dreadnoughts, airships, difference machines, as well as Potions, Divination, Hexes, Tarot Cards, Sealed Artifacts… The Light continues to shine but mystery has never gone far. Follow Klein as he finds himself entangled with the Churches of the world—both orthodox and unorthodox—while he slowly develops newfound powers thanks to the Beyonder potions. Like the corresponding tarot card, The Fool, which is numbered 0—a number of unlimited potential—this is the legend of “The Fool”.","D:\story_books\Cuttlefish That Loves Diving\Lord of the Mysteries_ A Compilatio (1072)\cover.jpg","2025-07-04T21:22:00+05:30","epub","","1072","","eng","story_books","0101-01-01T05:30:00+05:30","","","Lord of the Mysteries","0.0","7880116","Action, Adventure, fantasy, Historical, Horror, Mature, Mystery, Supernatural","Lord of the Mysteries: A Compilation","Lord of the Mysteries: A Compilation","b59dcac4-10ff-4558-b9f1-880a1a112af7"
"Drunken Tiger","Drunken Tiger","","D:\story_books\Drunken Tiger\Castle of Black Iron (1073)\cover.jpg","2025-07-04T21:22:01+05:30","epub","","1073","","","story_books","0101-01-01T05:30:00+05:30","","","","1.0","10051669","","Castle of Black Iron","Castle of Black Iron","1741c4fc-b61a-42ad-a096-563ed2f1ea07"
"Jksmanga","Jksmanga","","D:\story_books\Jksmanga\My Vampire System (1074)\cover.jpg","2025-07-04T21:22:03+05:30","epub","","1074","uri:https://libread.com/libread/my-vampire-system-109209","eng","story_books","2024-01-31T21:41:05+05:30","","","","1.0","10869578","","My Vampire System","My Vampire System","698825dc-2f2a-4630-a709-72868aea9bb4"
"Midgard","Midgard","","D:\story_books\Midgard\Supremacy Games (1075)\cover.jpg","2025-07-04T21:22:04+05:30","epub","","1075","uri:https://libread.com/libread/supremacy-games-291381","eng","story_books","2024-01-07T14:06:09+05:30","","","","1.0","8223764","","Supremacy Games","Supremacy Games","3f452ead-4ab9-4e31-8984-5f2d42673226"
"卧牛真人","卧牛真人","","D:\story_books\Wo Niu Zhen Ren\Forty Millenniums of Cultivation (1076)\cover.jpg","2025-07-04T21:22:04+05:30","epub","","1076","uri:https://libread.com/libread/forty-millenniums-of-cultivation-novel-258744","eng","story_books","2024-02-05T02:01:49+05:30","","","","1.0","18916640","","Forty Millenniums of Cultivation","Forty Millenniums of Cultivation","e40ca9bc-4e6e-4895-89e6-106041480c4b"
"Awespec","Awespec","","D:\story_books\Awespec\Dimensional Descent (1077)\cover.jpg","2025-07-04T21:22:05+05:30","epub","","1077","uri:https://bednovel.com/bednovel/dimensional-descent-12944","eng","story_books","2024-01-18T18:06:44+05:30","","","","1.0","8864634","","Dimensional Descent","Dimensional Descent","6aef1fac-4b1c-4600-aec1-a4bf859fd5ff"
"BokGen.com, Generated by","Generated by BokGen.com","","D:\story_books\Generated by BokGen.com\Marvel_ I'm a Symbiote #168 (1078)\cover.jpg","2025-07-04T21:22:05+05:30","epub","","1078","","vie","story_books","0101-01-01T05:30:00+05:30","","","","1.0","857756","","Marvel: I'm a Symbiote #168","Marvel: I'm a Symbiote #168","26258e0d-da1d-47ca-9963-22884f32f19a"
"BokGen.com, Generated by","Generated by BokGen.com","","D:\story_books\Generated by BokGen.com\Death Guns In Another World #1495 (1079)\cover.jpg","2025-07-04T21:22:05+05:30","epub","","1079","","vie","story_books","0101-01-01T05:30:00+05:30","","","","1.0","6013359","","Death Guns In Another World #1495","Death Guns In Another World #1495","5c5ea0da-3649-4bae-a1c2-366b62ab942f"
"<unknown>","<unknown>","","D:\story_books\_unknown_\Supreme Magus (1080)\cover.jpg","2025-07-04T21:22:06+05:30","epub","","1080","uri:https://libread.com/libread/supreme-magus-novel-219468","eng","story_books","2024-01-01T17:47:30+05:30","","","","1.0","12113475","","Supreme Magus","Supreme Magus","1e1173c5-c8a7-4057-bf53-9e6e7757b956"
"On Azure Phoenix Peak","On Azure Phoenix Peak","","D:\story_books\On Azure Phoenix Peak\Almighty Sword Domain (1081)\cover.jpg","2025-07-04T21:22:06+05:30","epub","","1081","uri:https://libread.com/libread/almighty-sword-domain-68964","eng","story_books","2024-01-04T16:43:05+05:30","","","","1.0","14235335","","Almighty Sword Domain","Almighty Sword Domain","c0457ea7-aeeb-4e1b-8641-62256cfd6c78"
"Unknown","Unknown","Description Bai Xiaochun, a rascal from a normal village decided to set off on his journey to seek immortality. With the help of an Immortal cultivator, Bai Xiaochun was accepted in a place called Spirit Stream Sect, in the Ovens. Follow the story of Fatty Bai as he embarked on a journey to become the greatest Chicken Thie- No, to become the peerless Little Turtl- No, to become the strongest of his Era.","D:\story_books\Unknown\A Will Eternal (1082)\cover.jpg","2025-07-04T21:22:06+05:30","epub","","1082","","zho","story_books","2022-03-08T00:00:00+05:30","Legado","","","1.0","6404026","","A Will Eternal","Will Eternal, A","4d1dbaf8-d92a-4c59-ab53-413ab408cf72"
"BokGen.com, Generated by","Generated by BokGen.com","","D:\story_books\Generated by BokGen.com\Death_. And Me #2386 (1083)\cover.jpg","2025-07-04T21:22:07+05:30","epub","","1083","","vie","story_books","0101-01-01T05:30:00+05:30","","","","1.0","8346490","","Death… And Me #2386","Death… And Me #2386","5412c235-38e9-4712-b989-6fedc1fed574"
"Er Gen, Deathblade","Er Gen, Deathblade","","D:\story_books\Er Gen, Deathblade\I Shall Seal the Heavens (1084)\cover.jpg","2025-07-04T21:22:07+05:30","epub","","1084","","eng","story_books","2017-02-07T00:00:00+05:30","Wuxiaworld","","","1.0","10071096","","I Shall Seal the Heavens","I Shall Seal the Heavens","db61e95a-3dc2-4c5e-98a5-6d3b724d15ac"
"Er Gen","Er Gen","","D:\story_books\Er Gen\Renegade Immortal (1085)\cover.jpg","2025-07-04T21:22:07+05:30","epub","","1085","","eng","story_books","2020-09-13T01:11:59+05:30","","","","1.0","9700860","","Renegade Immortal","Renegade Immortal","0a8ed231-426b-49b8-9592-4b92a2f539f4"
"Er Gen,耳根,","Er Gen,耳根","An eternal prison, a soulless body, a sealed spirit, everything lost. To resign before merciless fate, or to become destiny! “I lived in an illusion, I was lost, I could not find my home, I did not have a home… but why does it matter?! Between bowing to the threat of death and a spine that would never bend, I will choose the latter!” __________________________________ You’re reading Chinese web Novel “Pursuit of the Truth” on BOXNOVEL . Thanks!","D:\story_books\Er Gen,Er Gen\Pursuit of the Truth (1086)\cover.jpg","2025-07-04T21:22:08+05:30","epub","","1086","","eng","story_books","0101-01-01T05:30:00+05:30","","","","1.0","8298102","Action, Adventure, fantasy, Harem, Martial Arts, Mystery, Tragedy, Xianxia","Pursuit of the Truth","Pursuit of the Truth","9fb1e673-65b6-4bd2-8db7-52bb581ab345"
"BokGen.com, Generated by","Generated by BokGen.com","","D:\story_books\Generated by BokGen.com\Walker Of The Worlds #1881 (1087)\cover.jpg","2025-07-04T21:22:08+05:30","epub","","1087","","vie","story_books","0101-01-01T05:30:00+05:30","","","","1.0","6277071","","Walker Of The Worlds #1881","Walker Of The Worlds #1881","e93a28b7-48f6-4f6c-98e0-8804ae14d6af"
"BokGen.com, Generated by","Generated by BokGen.com","","D:\story_books\Generated by BokGen.com\Necropolis Immortal #2368 (1088)\cover.jpg","2025-07-04T21:22:08+05:30","epub","","1088","","vie","story_books","0101-01-01T05:30:00+05:30","","","","1.0","9778277","","Necropolis Immortal #2368","Necropolis Immortal #2368","4add5cde-b2fc-4301-b041-0e00c49a371b"
"Divine Dreamwalker","Divine Dreamwalker","","D:\story_books\Divine Dreamwalker\Sage Monarch (1089)\cover.jpg","2025-07-04T21:22:09+05:30","epub","","1089","uri:https://allnovel.org/sage-monarch.html","eng","story_books","2021-06-25T16:15:08+05:30","","","","1.0","8283131","","Sage Monarch","Sage Monarch","c3bac658-d75e-4e46-b2aa-cd68d9aa9a97"
"BokGen.com, Generated by","Generated by BokGen.com","","D:\story_books\Generated by BokGen.com\Reincarnation Of The Strongest Swor (1090)\cover.jpg","2025-07-04T21:22:10+05:30","epub","","1090","","vie","story_books","0101-01-01T05:30:00+05:30","","","","1.0","16279718","","Reincarnation Of The Strongest Sword God #3614","Reincarnation Of The Strongest Sword God #3614","a3b7c96e-1dfa-4b93-bad5-9e2bc8ab5528"
"BokGen.com, Generated by","Generated by BokGen.com","","D:\story_books\Generated by BokGen.com\The Long-awaited Mr Han #3588 (1091)\cover.jpg","2025-07-04T21:22:10+05:30","epub","","1091","","vie","story_books","0101-01-01T05:30:00+05:30","","","","1.0","9611678","","The Long-awaited Mr Han #3588","Long-awaited Mr Han #3588, The","ff6043a3-fe12-4f3d-92b5-7ec37cbe9739"
"BokGen.com, Generated by","Generated by BokGen.com","","D:\story_books\Generated by BokGen.com\Star Odyssey #1893 (1092)\cover.jpg","2025-07-04T21:22:11+05:30","epub","","1092","","vie","story_books","0101-01-01T05:30:00+05:30","","","","1.0","11634109","","Star Odyssey #1893","Star Odyssey #1893","13de90f9-cc5f-45be-bdce-05e8a6e48792"
"BokGen.com, Generated by","Generated by BokGen.com","","D:\story_books\Generated by BokGen.com\The Eternal Supreme #1972 (1093)\cover.jpg","2025-07-04T21:22:12+05:30","epub","","1093","","vie","story_books","0101-01-01T05:30:00+05:30","","","","1.0","10973354","","The Eternal Supreme #1972","Eternal Supreme #1972, The","f873ad9e-1306-4028-98db-ae92175c92c4"
"BokGen.com, Generated by","Generated by BokGen.com","","D:\story_books\Generated by BokGen.com\Rebirth of the Best Businesswoman a (1094)\cover.jpg","2025-07-04T21:22:13+05:30","epub","","1094","","vie","story_books","0101-01-01T05:30:00+05:30","","","","1.0","3950919","","Rebirth of the Best Businesswoman at School #1456","Rebirth of the Best Businesswoman at School #1456","98cb9e60-7a84-4cbd-b5bc-ed1fc08a3608"
"Flow, Twenty-Two Knife","Twenty-Two Knife Flow","In less than an instant the world as we knew it was at its end. That’s right. The Apocalypse. In a single blink Zombies appeared and mutated monsters began to rampage all throughout the world. Now it was the human species turn to fight for survival and planetary dominance! On the same day that the world descends into chaos we meet Yue Zhong. Initially only hoping to get to his friends and escape to a refugee camp our protagonist sets out, inadvertently building a team along the way. After a series of fortuitous events and a few serious hunches our hero decides it’s time to do more than just survive! Yue Zhong begins to form the foundations of an enormous survival plan… before he suddenly discovers that he has only gotten over the first hurdle….","D:\story_books\Twenty-Two Knife Flow\God and Devil World_ A Compilation (1095)\cover.jpg","2025-07-04T21:22:13+05:30","epub","","1095","","eng","story_books","0101-01-01T05:30:00+05:30","","","God and Devil World","0.0","6168176","Action, Adventure, Drama, Ecchi, fantasy, Harem, Martial Arts, Mature, Sci-Fi, Seinen, Tragedy, Xuanhuan","God and Devil World: A Compilation","God and Devil World: A Compilation","f5d93bbb-568c-431f-90bb-b2d5465eec6c"
"Zi Chan Bao Zeng, 资产暴增, Assets Exploding","Zi Chan Bao Zeng, 资产暴增, Assets Exploding","","D:\story_books\Zi Chan Bao Zeng, Zi Chan Bao Zeng\Mechanical God Emperor c1-1569 (1096)\cover.jpg","2025-07-04T21:22:14+05:30","epub","","1096","c:\Users\User\Desktop\Github\lightnovel-crawler\lncrawl\Lightnovels\freewebnovel-com\Mechanical God Emperorc1-1569","eng","story_books","0101-01-01T05:30:00+05:30","","","","1.0","18580855","","Mechanical God Emperor c1-1569","Mechanical God Emperor c1-1569","61831a50-e6b6-48ae-b8b2-6d4acbfb4227"
"BokGen.com, Generated by","Generated by BokGen.com","","D:\story_books\Generated by BokGen.com\Emperor's Domination #5328 (1097)\cover.jpg","2025-07-04T21:22:15+05:30","epub","","1097","","vie","story_books","0101-01-01T05:30:00+05:30","","","","1.0","19763696","","Emperor's Domination #5328","Emperor's Domination #5328","749555ca-1f67-4495-a681-12814047f0e0"
"剑游太墟, Jian You Tai Xu","剑游太墟, Jian You Tai Xu","","D:\story_books\Jian You Tai Xu , Jian You Tai Xu\Eternal Reverence c1-1016 (1098)\cover.jpg","2025-07-04T21:22:15+05:30","epub","","1098","c:\Users\User\Desktop\Github\lightnovel-crawler\lncrawl\Lightnovels\freewebnovel-com\Eternal Reverencec1-1016","eng","story_books","0101-01-01T05:30:00+05:30","","","","1.0","12657010","","Eternal Reverence c1-1016","Eternal Reverence c1-1016","93c9b2b8-35e4-4823-9e72-cd34694357d5"
"BokGen.com, Generated by","Generated by BokGen.com","","D:\story_books\Generated by BokGen.com\Perfect World #2015 (1099)\cover.jpg","2025-07-04T21:22:16+05:30","epub","","1099","","vie","story_books","0101-01-01T05:30:00+05:30","","","","1.0","13043172","","Perfect World #2015","Perfect World #2015","d9a7155a-f185-4400-af1c-3dc1487addf6"
"BokGen.com, Generated by","Generated by BokGen.com","","D:\story_books\Generated by BokGen.com\Reincarnation Of The Businesswoman (1100)\cover.jpg","2025-07-04T21:22:16+05:30","epub","","1100","","vie","story_books","0101-01-01T05:30:00+05:30","","","","1.0","10177714","","Reincarnation Of The Businesswoman At School #3279","Reincarnation Of The Businesswoman At School #3279","721b7623-d76b-4657-82d2-04e362fae676"
"BokGen.com, Generated by","Generated by BokGen.com","","D:\story_books\Generated by BokGen.com\Forgotten Legend of the Bloodied Fl (1101)\cover.jpg","2025-07-04T21:22:17+05:30","epub","","1101","","vie","story_books","0101-01-01T05:30:00+05:30","","","","1.0","3972168","","Forgotten Legend of the Bloodied Flower #1241","Forgotten Legend of the Bloodied Flower #1241","e1b6bf2a-3dd3-4e09-8563-cd01d882ea20"
"BokGen.com, Generated by","Generated by BokGen.com","","D:\story_books\Generated by BokGen.com\Almighty Daughter Runs The World #2 (1102)\cover.jpg","2025-07-04T21:22:18+05:30","epub","","1102","","vie","story_books","0101-01-01T05:30:00+05:30","","","","1.0","8388277","","Almighty Daughter Runs The World #2714","Almighty Daughter Runs The World #2714","b7cf53ad-240e-4321-b0cd-a72f166edf2c"
"BokGen.com, Generated by","Generated by BokGen.com","","D:\story_books\Generated by BokGen.com\Myth Beyond Heaven #1332 (1103)\cover.jpg","2025-07-04T21:22:19+05:30","epub","","1103","","vie","story_books","0101-01-01T05:30:00+05:30","","","","1.0","4573217","","Myth Beyond Heaven #1332","Myth Beyond Heaven #1332","b2dc1e10-1bc2-496b-aa23-44db6e10588a"
"<unknown>","<unknown>","","D:\story_books\_unknown_\Is that a Wisp_ (1104)\cover.jpg","2025-07-04T21:22:20+05:30","epub","","1104","","eng","story_books","2023-12-20T16:24:10+05:30","","","","1.0","1151735","","Is that a Wisp?","Is that a Wisp?","7c9a610b-d9d5-4167-a892-db6eb9eac3d1"
"Dawn, As If","As If Dawn (恍若晨曦)","","D:\story_books\As If Dawn (Huang Ruo Chen Xi )\The Long-awaited Mr Han c1-1501 (1105)\cover.jpg","2025-07-04T21:22:20+05:30","epub","","1105","c:\Users\User\Downloads\Lightnovels\boxnovel-com\The Long awaited Mr Hanc1-1501","eng","story_books","0101-01-01T05:30:00+05:30","","","","1.0","4532710","","The Long-awaited Mr Han c1-1501","Long-awaited Mr Han c1-1501, The","6e00d39c-2cba-4f72-9b05-29f080e72996"
"DustyDream","DustyDream","","D:\story_books\DustyDream\The Villainess With A Heroine Harem (1106)\cover.jpg","2025-07-04T21:22:21+05:30","epub","","1106","uri:https://noveltop.net/novel/the-villainess-with-a-heroine-harem/","eng","story_books","2023-06-18T19:01:13+05:30","","","","1.0","451359","","The Villainess With A Heroine Harem 1-100","Villainess With A Heroine Harem 1-100, The","990f588d-4257-4226-9db1-06a4d24d9283"
"Taylor, Nicole R.","Nicole R. Taylor","","D:\story_books\Nicole R. Taylor\Dark Crucible (1107)\cover.jpg","2025-07-04T21:22:21+05:30","epub","","1107","","eng","story_books","0101-01-01T05:30:00+05:30","","","Arondight Codex","5.0","277460","","Dark Crucible","Dark Crucible","3bf8034c-20ce-4b2c-b0d0-404ab1c10283"
"Taylor, Nicole R.","Nicole R. Taylor","","D:\story_books\Nicole R. Taylor\Dark Genesis (1108)\cover.jpg","2025-07-04T21:22:21+05:30","epub","","1108","mobi-asin:B07QLCGDN6","eng","story_books","2019-04-17T03:30:00+05:30","","","Arondight Codex","4.0","298024","","Dark Genesis","Dark Genesis","d137b408-835e-4fb1-806d-626dc04382b3"
"R Taylor, Nicole","Nicole R Taylor","","D:\story_books\Nicole R Taylor\Dark Illusion (The Arondight Codex (1109)\cover.jpg","2025-07-04T21:22:22+05:30","epub","","1109","mobi-asin:B07NH9PSLC","eng","story_books","2019-02-21T21:30:00+05:30","","","","1.0","251290","","Dark Illusion (The Arondight Codex Book 2)","Dark Illusion (The Arondight Codex Book 2)","200d420d-3bc4-4883-8adb-ef66353045fe"
"Taylor, Nicole R.","Nicole R. Taylor","","D:\story_books\Nicole R. Taylor\Dark Abandon (1110)\cover.jpg","2025-07-04T21:22:23+05:30","epub","","1110","mobi-asin:B07NY3W7LR","eng","story_books","2019-03-21T21:30:00+05:30","","","Arondight Codex","3.0","250633","","Dark Abandon","Dark Abandon","33a9779d-19be-48f5-9241-53decc8d748e"
"R Taylor, Nicole","Nicole R Taylor","","D:\story_books\Nicole R Taylor\Dark Descent (The Arondight Codex B (1111)\cover.jpg","2025-07-04T21:22:23+05:30","epub","","1111","mobi-asin:B07NGQCCYR","eng","story_books","2019-02-21T21:30:00+05:30","","","","1.0","267571","","Dark Descent (The Arondight Codex Book 1)","Dark Descent (The Arondight Codex Book 1)","73d29be4-34a2-4846-8557-ff37a8281328"
"Martin, George R.R.","George R.R. Martin","","D:\story_books\George R.R. Martin\George R. R. Martin's A Game of Thr (1112)\cover.jpg","2025-07-04T21:22:24+05:30","epub","9780345535535","1112","mobi-asin:B00957T6X6,isbn:9780345535535","eng","story_books","2012-09-09T21:30:00+05:30","蓝星出版社_31","","","1.0","9054883","","George R. R. Martin's A Game of Thrones 5-Book Boxed Set (Song of Ice and Fire Series): A Game of Thrones, A Clash of Kings, A Storm of Swords, A Feast for Crows, and A Dance with Dragons","George R. R. Martin's A Game of Thrones 5-Book Boxed Set (Song of Ice and Fire Series): A Game of Thrones, A Clash of Kings, A Storm of Swords, A Feast for Crows, and A Dance with Dragons","1f542d41-6008-4886-bb6a-8624cd29d797"
"Martin, George R. R.","George R. R. Martin","In a time long forgotten, a preternatural event threw the seasons off balance. In a land where summers can last decades and winters a lifetime, trouble is brewing. As the cold returns, sinister forces are massing beyond the protective wall of the kingdom of Winterfell. To the south, the king's powers are failing - his most trusted advisor mysteriously dead and enemies emerging from the throne's shadow. At the center of the conflict, the Starks of Winterfell hold the key: a reluctant Lord Eddard is summoned to serve as the king's Hand.","D:\story_books\George R. R. Martin\A Game of Thrones (1113)\cover.jpg","2025-07-04T21:22:25+05:30","epub","9780553103540","1113","isbn:9780553103540","nld","story_books","1996-08-01T11:30:00+05:30","Bantam Books","","A Song of Ice and Fire","1.0","1347063","","A Game of Thrones","A Game of Thrones","0d665e9d-8849-4979-9ad8-c17722f07e78"
"Sanderson, Brandon","Brandon Sanderson","### From Publishers Weekly
Sanderson's eerie second fantasy (after 2005's *Elantris* ), set in a mist-haunted, ash-ridden world, pits Kelsier, ""the Survivor of Hathsin,"" against the immortal Lord Ruler's 1,000-year domination of both the Great Houses and their serflike ""skaa."" Through Allomancy acquired in the Ruler's most hellish prison, Kelsier can ""burn"" 10 metals internally, fueling superhuman powers he uses to assemble rebels in a loose plan to destroy the nobility, the empire and the Lord Ruler himself. Kelsier uses Vin, a street urchin with the same Mistborn powers Kelsier possesses, to infiltrate the Great Houses' society, where she falls in love with philosopher prince Elend Venture. This mystico-metallurgical fantasy combines Vin's coming-of-age-in-magic and its well-worn theme of revolt against oppression with copious mutilations, a large-scale cast of thieves, cutthroats, conniving nobles and exotic mutants. The fast-paced action scenes temper Vin's interminable ballroom intrigues, while the characters, though not profoundly drawn, have a raw stereotypic appeal. *(July)*   
Copyright © Reed Business Information, a division of Reed Elsevier Inc. All rights reserved. 
### From
The Sliver of Infinity, the Lord Ruler, is the locus of religious and temporal order in a world in which the skaa are slaves or worse. Half-skaa erstwhile thief Kelsior is the only person to survive and escape the Lord Ruler's most brutal prison, in which, however, he discovered he has the powers of the Mistborn, which are based on the internal ""burning"" of certain metals, all of which the Mistborn can use, while most others can burn only one. Now Kelsior plans his most daring raid ever, into the center of the palace to discover the secret of the Lord Ruler's power. Beforehand, his band finds the half-skaa orphan Vin in another thieving crew, where she's useful because she brings good luck. She is also Mistborn and, if she can master and learn to trust her powers, will enable Kelsior's crew to infiltrate the nobility and possibly overthrow the status quo. Intrigue, politics, and conspiracies mesh complexly in a world Sanderson realizes in satisfying depth and peoples with impressive characters. *Regina Schroeder*  
 *Copyright © American Library Association. All rights reserved*
","D:\story_books\Brandon Sanderson\Mistborn #01 - The Final Empire (1114)\cover.jpg","2025-07-04T21:22:25+05:30","epub","9780765350381","1114","isbn:9780765350381","eng","story_books","2008-01-15T10:30:00+05:30","Macmillan","4","Mistborn Trilogy","1.0","1105876","fantasy, Epic, Fiction, General, Fantasy fiction, Imaginary Places, Magic, Thieves","Mistborn #01 - The Final Empire","Mistborn #01 - The Final Empire","9ec41248-2489-4c95-905c-735751c67313"
"Sanderson, Brandon","Brandon Sanderson","<p><p>The impossible has been accomplished. The Lord Ruler - the man who claimed to be god incarnate and brutally ruled the world for a thousand years - has been vanquished. But Kelsier, the hero who masterminded that triumph, is dead too, and now the awesome task of building a new world has been left to his young protégé, Vin, the former street urchin who is now the most powerful Mistborn in the land, and to the idealistic young nobleman she loves. <p>As Kelsier's protégé and slayer of the Lord Ruler she is now venerated by a budding new religion, a distinction that makes her intensely uncomfortable. Even more worrying, the mists have begun behaving strangely since the Lord Ruler died, and seem to harbor a strange vaporous entity that haunts her.<br><p>Stopping assassins may keep Vin's Mistborn skills sharp, but it's the least of her problems. Luthadel, the largest city of the former empire, doesn't run itself, and Vin and the other members of Kelsier's crew, who lead the...","D:\story_books\Brandon Sanderson\The Well of Ascension (1115)\cover.jpg","2025-07-04T21:22:26+05:30","epub","9781429961813","1115","isbn:9781429961813","eng","story_books","2007-11-14T21:30:00+05:30","Tom Doherty Associates","","Mistborn","2.0","2046654","","The Well of Ascension","Well of Ascension, The","6f42f228-a34a-42f4-ac8d-397615edc650"
"Weeks, Brent","Brent Weeks","EDITORIAL REVIEW: For Durzo Blint, assassination is an art-and he is the city's most accomplished artist. For Azoth, survival is precarious. Something you never take for granted. As a guild rat, he's grown up in the slums, and learned to judge people quickly - and to take risks. Risks like apprenticing himself to Durzo Blint. But to be accepted, Azoth must turn his back on his old life and embrace a new identity and name. As Kylar Stern, he must learn to navigate the assassins' world of dangerous politics and strange magics - and cultivate a flair for death.","D:\story_books\Brent Weeks\The Way of Shadows (1116)\cover.jpg","2025-07-04T21:22:26+05:30","epub","9780316033671","1116","isbn:9780316033671","nld","story_books","2008-09-30T12:30:00+05:30","Orbit","","","1.0","594367","General, fantasy, Fiction, Fantasy - Epic, Fiction - Fantasy, Epic, Fantasy - General, American Science Fiction And Fantasy, Action & Adventure, Assassins","The Way of Shadows","The Way of Shadows","d78ac631-92dd-4e93-8334-a8b10db72a51"
"Trigili, Vincent","Vincent Trigili","Everything seemed to be going Vydor’s way, until the Dragon Claw was sent on a rather unusual assignment to investigate a minor incident deep within the Empire’s space. That would send Vydor down a path filled with fantastically powerful enemies and extraordinary friends that would obliterate everything he ever understood to be true and threaten the very foundations of the Empire itself.","D:\story_books\Vincent Trigili\Lost Tales of Power_ Volume One_ Th (1117)\cover.jpg","2025-07-04T21:22:27+05:30","epub","","1117","","eng","story_books","0101-01-01T05:30:00+05:30","Vincent Trigili","","","1.0","329598","Science Fiction, space, sci fi, scifi adventure, scifi action, scifi fantasy, fantasy action","Lost Tales of Power: Volume One: The Enemy of an Enemy","Lost Tales of Power: Volume One: The Enemy of an Enemy","cefa12b1-4819-40d9-9321-3a513fbec37b"
"Green, TJ","TJ Green","","D:\story_books\TJ Green\White Haven Witches Box Set_ Books (1118)\cover.jpg","2025-07-04T21:22:27+05:30","epub","","1118","mobi-asin:B07Z5YW341","eng","story_books","2019-12-05T03:30:00+05:30","Mountolive Publishing","","","1.0","970639","","White Haven Witches Box Set: Books 1 -3","White Haven Witches Box Set: Books 1 -3","fefdc283-9ff1-40e1-a3b6-988c7c4a7c06"
"Moeller, Jonathan","Jonathan Moeller","","D:\story_books\Jonathan Moeller\Silent Order_ Iron Hand (1119)\cover.jpg","2025-07-04T21:22:28+05:30","epub","","1119","mobi-asin:B075X3LXW8","eng","story_books","2017-09-24T04:30:00+05:30","Azure Flame Media, LLC","","","1.0","239249","","Silent Order: Iron Hand","Silent Order: Iron Hand","3da2b302-311b-4ca0-9fa8-99e97a0f909d"
"https://novelnext.com/","https://novelnext.com/","","D:\story_books\https___novelnext.com_\Eternal Sacred King c1-2009 (1120)\cover.jpg","2025-07-04T21:22:28+05:30","epub","","1120","c:\Users\User\Desktop\Github\lightnovel-crawler\lncrawl\Lightnovels\novelnext-com\Eternal Sacred Kingc1-2009","eng","story_books","0101-01-01T05:30:00+05:30","","","","1.0","21239231","","Eternal Sacred King c1-2009","Eternal Sacred King c1-2009","54b7a16f-f804-456a-bab7-dd9713e53975"
"The Emperor's Edge,Dark Currents,Deadly Games","The Emperor's Edge,Dark Currents,Deadly Games","","D:\story_books\The Emperor's Edge,Dark Currents,De\(eng) Lindsay Buroker - Emperor's E (1121)\cover.jpg","2025-07-04T21:22:30+05:30","epub","","1121","","eng","story_books","0101-01-01T05:30:00+05:30","","","","1.0","951085","","(eng) Lindsay Buroker - Emperor's Edge 1-3","(eng) Lindsay Buroker - Emperor's Edge 1-3","abd4e225-dbe8-45d4-a933-59d0a27e0792"
"Pope, Christine","Christine Pope","","D:\story_books\Christine Pope\Grave Mistake_ Hedgewitch for Hire_ (1122)\cover.jpg","2025-07-04T21:22:30+05:30","epub","","1122","","eng","story_books","0101-01-01T05:30:00+05:30","","","","1.0","449285","","Grave Mistake: Hedgewitch for Hire: Book 1","Grave Mistake: Hedgewitch for Hire: Book 1","961a0c48-5aff-48d4-96c3-f952fde1f49f"
"Wind, David","David Wind","**What would you do if you were 18 and told the future of the world is in your hands?  **
  *  **Young Areenna of Freemorn**  is just beginning to discover her powers when she is called to a place from which few ever return.
  *  **Mikaal of Tolemac,**  the son of the High King holds a secret so dangerous it could shatter the fabric of the world should it become known.


3,000 years after America is destroyed by nuclear war, the inhabitants have evolved, embracing magic and metaphysical warfare. As enemies from across the seas begin to close in, ancient legends come alive, leaving noone safe. The only two who can stop the onset of the darkest evil is the sorceress,Areenna, and Mikaal, the son of the High King of Neveah. With the safety of the world in their hands, and their powers young and erratic, will Mikaal and Areenna find the courage and strength to overcome the impossible, or...
\--- **An International Best Seller,   *Born to Magic*  is a mix between Shannara Chronicles by Terry Brooks and The Hundred Series by Kass Morgan, **combining futuristic dystopian societies ruled by magic and visionary and metaphysical elements with sorcerers and warriors that young adults, adults, and teens alike will love in this Epic Post-Apocalyptic Sci-Fi Fantasy series based upon the magic that grew from the science & technology of the 20th & 21st centuries..
 *"" **A perfect mix of fantasy and science fiction***.""  Nicholas C. Rossis Author of *The Pearseus Seriess*
 *"" **Uniquely intriguing blend of Shannara and Star Wars perhaps? "" **Sheila Deeth VINE VOICE 5 Stars!*
 ** *"" I slipped into the tale like a comfy robe.*** *A comfy robe with a bunch of intriguing pockets full of secrets! The action and pacing throughout the rest of the book made it a page turner and I loved the strong female lead. "" *Amy Vansant, Author of the *Angeli* Trilogy
 ** *""...this one is worth the read!""*** Christy's Reviews
 *"" **Once again David Wind captures the imagination of his** readers in this first book in the Tales of Nevaeh series. With complex characters, an engaging story line, and breathtaking descriptions, Born to Magic takes the reader on a roller coaster ride of epic proportions! I couldn't put it down! I am looking forward to reading the next in the series!""  C.L. Bradford, 5 Stars *
***
Search terms: Fantasy, Magic, Dystopian, science and Technology, Metaphysical & Visionary, women, women's fiction, YA, Apocalyptic, Women Warriors, coming of age, Science Fiction, Teen And Young Adult, Literature & Fiction, WIZARDS & WITCHES
","D:\story_books\David Wind\Born To Magic_ The Epic Fantasy of (1123)\cover.jpg","2025-07-04T21:22:31+05:30","epub","","1123","","eng","story_books","2015-05-15T00:00:00+05:30","DMW","","","1.0","942803","sword sorcery magic dragon quest, Magic, metaphysical visionary theology spiritual, YA, Science & Technology, Women Warriors, Dystopian, Post Apocalyptic, young adult Epic Fantasy sword Sorcery, Young Adult Coming of Age, teen and young adult epic fantasy, witch wizard warlock druid shaman, psychics mutants psychic telepathic, fantasy, Science Fiction, Coming of Age, historical fantasy, Paranormal Fantasy","Born To Magic: The Epic Fantasy of Earth's Future (Tales Of Nevaeh, #1)","Born To Magic: The Epic Fantasy of Earth's Future (Tales Of Nevaeh, #1)","cf95f6c8-8677-4e5e-9f40-6605729a3240"
"Pope, Christine","Christine Pope","","D:\story_books\Christine Pope\Unquiet Souls_ Project Demon Hunter (1124)\cover.jpg","2025-07-04T21:22:31+05:30","epub","","1124","","eng","story_books","0101-01-01T05:30:00+05:30","","","","1.0","496446","","Unquiet Souls: Project Demon Hunters: Book One","Unquiet Souls: Project Demon Hunters: Book One","c16ea9b7-b28f-4800-aed6-05fa834fbf1d"
"Archer, C.J.","C.J. Archer","","D:\story_books\C.J. Archer\The Last Necromancer_ Ministry of C (1125)\cover.jpg","2025-07-04T21:22:32+05:30","epub","","1125","","eng","story_books","0101-01-01T05:30:00+05:30","","","","1.0","508107","","The Last Necromancer: Ministry of Curiosities, Book #1","Last Necromancer: Ministry of Curiosities, Book #1, The","7082bc0a-604e-4887-a62b-42b3374efe7a"
"Mawson, L.C.","L.C. Mawson","**What the hell would an ancient witch want with a witchling who hasn't even unlocked her powers yet?**
If I had known my mother's life was on the line, I wouldn't have hesitated moving schools.
Hell, if I had known Ember Academy was a school for witchcraft, I would have been eager to go.
 **But no, I didn't even know I had magic until my mum was cursed.** And I certainly didn't know that an ancient witch, recently awoken from centuries of slumber, had her sights set on me for reasons no one seems to understand.
So now my mum's under a curse that no one knows how to lift, and I'm heading to Ember Academy for Young Witches, despite the fact that something is blocking both my magic and a portion of my memories, leaving me lightyears behind my peers and useless to my mother.
 **No one wants to risk removing the block, worried about what it might do to me.**
 **But I'm not so sure that this school is safe, and I need to protect myself.** I need to figure out this curse and stop this witch so that I can go home. And things can go back to normal.
 **I don't care about the risks, I just want my family back …**
If you love kick-ass, sarcastic heroines, immersive magical worlds, and slow-burn F/F romances that cross the lines of magical factions, you'll love this fast-paced YA urban fantasy series.
","D:\story_books\L.C. Mawson\Basics of Spellcraft (Ember Academy (1126)\cover.jpg","2025-07-04T21:22:32+05:30","epub","","1126","","eng","story_books","2019-07-24T00:00:00+05:30","L.C. Mawson","","","1.0","528432","","Basics of Spellcraft (Ember Academy for Young Witches, #1)","Basics of Spellcraft (Ember Academy for Young Witches, #1)","bb814492-57ba-4cfb-bbb7-6eefd2ff6c42"
"Beaglehole, Iris","Iris Beaglehole","#### Welcome to Myrtlewood, a quirky town, steeped in magic, tea and mystery…
Life’s a struggle for Rosemary Thorn and her teen daughter, Athena. But their regular troubles are turned upside down after Granny Thorn’s mysterious death.
Despite her cousin's sinister manoeuvrings, Rosemary returns to Myrtlewood and the sprawling, dilapidated Thorn Manor. But there's more to the old house than meets the eye, as Rosemary and Athena soon find out — in a whirlwind of magic, adventure, mystical creatures and endless cups of tea.
Life in Myrtlewood would be bliss if Rosemary could only clear her name in a certain murder investigation, solve the mystery and stay out of mortal peril – for at least a little while!
A small town with endless secrets, strange activities and a house with a mind of its own. 
If you love mystery, witches, paranormal women’s fiction with a midlife main character and a big dose of humour, you’re going to love Myrtlewood Mysteries Book 1.
Think “Gilmore Girls meets Practical Magic”
","D:\story_books\Iris Beaglehole\Accidental Magic_ A Paranormal Myst (1127)\cover.jpg","2025-07-04T21:22:33+05:30","epub","","1127","mobi-asin:B09SK43S2K,amazon:B09SK43S2K","eng","story_books","2022-02-27T10:30:00+05:30","Te Rā Aroha Press","4","Myrtlewood Mysteries","1.0","488207","","Accidental Magic: A Paranormal Mystery","Accidental Magic: A Paranormal Mystery","5b1e5b20-c59d-421f-ad7d-e4ccee82b1ae"
"Lee, Trina M.","Trina M. Lee","Alexa O’Brien has never been like other people. A hunter of supernatural rogues, she is a werewolf with unusual but extraordinary power. Power that draws her to Arys Knight, the mysterious vampire who awakens her dark side. What they create together is dangerous and binding, forcing her to question the source of her abilities. It threatens not only her remaining humanity, but her relationship with fellow werewolf, Shaz Richardson, as well.
 
When Alexa’s womanizing former lover and the Alpha of her pack is framed for murder, he draws public attention that could earn him a death sentence unless she steps in to help him. Alexa would love to watch karma at work but as the body count rises, long buried secrets are exposed. She’s forced to face the painful truth that not everyone is who she thinks they are.
 
","D:\story_books\Trina M. Lee\Once Bitten (Alexa O'Brien Huntress (1128)\cover.jpg","2025-07-04T21:22:33+05:30","epub","","1128","mobi-asin:B004YTT2VG","eng","story_books","2011-04-30T09:30:00+05:30","Dark Mountain Books","","","1.0","307156","","Once Bitten (Alexa O'Brien Huntress Series Book 1)","Once Bitten (Alexa O'Brien Huntress Series Book 1)","347f0fdc-3a7c-40ff-bccf-1c2f68d9e855"
"Alexa O'Brien Huntress Series Book 1-4 Box Set (Retail)","Alexa O'Brien Huntress Series Book 1-4 Box Set (Retail)","","D:\story_books\Alexa O'Brien Huntress Series Book\Trina M. Lee (1129)\cover.jpg","2025-07-04T21:22:34+05:30","epub","","1129","mobi-asin:B00HHXUW9C","eng","story_books","2013-12-23T05:30:00+05:30","Dark Mountain Books","","","1.0","1190342","","Trina M. Lee","Trina M. Lee","eccd1667-86b0-428e-b5d3-5232c888eae0"
"Buroker, Lindsay","Lindsay Buroker","","D:\story_books\Lindsay Buroker\Death Before Dragons (Books 1-3)_ A (1130)\cover.jpg","2025-07-04T21:22:34+05:30","epub","","1130","mobi-asin:B08YP862CH","eng","story_books","2021-03-10T03:30:00+05:30","","","","1.0","927650","","Death Before Dragons (Books 1-3): An Urban Fantasy Series Box Set","Death Before Dragons (Books 1-3): An Urban Fantasy Series Box Set","e08489fe-b05b-40c6-b134-848f1055eac6"
"McLaughlin, Kevin & Anderle, Michael","McLaughlin, Kevin & Anderle, Michael","","D:\story_books\McLaughlin, Kevin\Dragon's Daughter Complete Series O (1131)\cover.jpg","2025-07-04T21:22:35+05:30","epub","9798885414029","1131","isbn:9798885414029","eng","story_books","2022-04-04T00:00:00+05:30","LMBPN Publishing","","","1.0","2395182","","Dragon's Daughter Complete Series Omnibus","Dragon's Daughter Complete Series Omnibus","2b6ddd21-21ec-46fd-88da-8a3919c3eb76"
"Carr, Martha","Martha Carr & Michael Anderle","","D:\story_books\Martha Carr\Waking Magic_ The Revelations of Or (1132)\cover.jpg","2025-07-04T21:22:36+05:30","epub","","1132","mobi-asin:B074JDD5KN","eng","story_books","2017-08-02T11:30:00+05:30","LMBPN Publishing","","","1.0","570608","","Waking Magic: The Revelations of Oriceran (The Leira Chronicles Book 1)","Waking Magic: The Revelations of Oriceran (The Leira Chronicles Book 1)","9e4dc1b5-61c0-4e47-b122-a7be232ea05e"
"Andrews, Ilona","Ilona Andrews","","D:\story_books\Ilona Andrews\Sweep of the Blade (Innkeeper Chron (1133)\cover.jpg","2025-07-04T21:22:36+05:30","epub","9781641971041","1133","isbn:9781641971041,mobi-asin:B07T9257DJ","eng","story_books","2019-07-15T21:30:00+05:30","NYLA","","","1.0","587947","","Sweep of the Blade (Innkeeper Chronicles Book 4)","Sweep of the Blade (Innkeeper Chronicles Book 4)","41c117cd-d3fc-461a-99c4-ff8e355024d0"
"Carr, Martha & Anderle, Michael","Martha Carr & Michael Anderle","","D:\story_books\Martha Carr\The Leira Chronicles_ The Complete (1134)\cover.jpg","2025-07-04T21:22:37+05:30","epub","","1134","mobi-asin:B07YN68546","eng","story_books","2019-10-10T03:30:00+05:30","LMBPN Publishing","","","1.0","2236821","","The Leira Chronicles: The Complete Austin Series: Book 1 - 8","Leira Chronicles: The Complete Austin Series: Book 1 - 8, The","f3071e73-bcee-4b78-b490-c865ab6dc980"
"pirateaba","pirateaba","","","2025-09-22T23:37:44+05:30","epub","","1145","uri:https://wanderinginn.com/table-of-contents/","eng","story_books","2025-09-02T16:41:25+05:30","","","","1.0","243283470","","The Wandering Inn","Wandering Inn, The","39652b8d-b2a4-41f0-8d9a-a19d7b1e1e02"
